/*
 Navicat Premium Data Transfer

 Source Server         : first
 Source Server Type    : MySQL
 Source Server Version : 50540
 Source Host           : localhost:3306
 Source Schema         : community

 Target Server Type    : MySQL
 Target Server Version : 50540
 File Encoding         : 65001

 Date: 06/05/2022 23:18:58
*/

SET NAMES utf8mb4;
SET FOREIGN_KEY_CHECKS = 0;

-- ----------------------------
-- Table structure for ad
-- ----------------------------
DROP TABLE IF EXISTS `ad`;
CREATE TABLE `ad`  (
  `id` int(11) NOT NULL AUTO_INCREMENT,
  `title` varchar(256) CHARACTER SET utf8mb4 COLLATE utf8mb4_general_ci NULL DEFAULT NULL,
  `url` varchar(512) CHARACTER SET utf8mb4 COLLATE utf8mb4_general_ci NULL DEFAULT NULL,
  `image` varchar(256) CHARACTER SET utf8mb4 COLLATE utf8mb4_general_ci NULL DEFAULT NULL,
  `gmt_start` bigint(20) NULL DEFAULT NULL,
  `gmt_end` bigint(20) NULL DEFAULT NULL,
  `gmt_create` bigint(20) NULL DEFAULT NULL,
  `gmt_modified` bigint(20) NULL DEFAULT NULL,
  `status` int(11) NULL DEFAULT NULL,
  `pos` varchar(10) CHARACTER SET utf8mb4 COLLATE utf8mb4_general_ci NULL DEFAULT NULL,
  PRIMARY KEY (`id`) USING BTREE
) ENGINE = InnoDB AUTO_INCREMENT = 3 CHARACTER SET = utf8mb4 COLLATE = utf8mb4_general_ci ROW_FORMAT = Compact;

-- ----------------------------
-- Records of ad
-- ----------------------------
INSERT INTO `ad` VALUES (1, '1111', NULL, NULL, NULL, NULL, NULL, NULL, NULL, NULL);
INSERT INTO `ad` VALUES (2, '222', NULL, NULL, NULL, NULL, NULL, NULL, NULL, NULL);

-- ----------------------------
-- Table structure for admin_announce
-- ----------------------------
DROP TABLE IF EXISTS `admin_announce`;
CREATE TABLE `admin_announce`  (
  `id` int(11) NOT NULL AUTO_INCREMENT,
  `title` varchar(255) CHARACTER SET utf8 COLLATE utf8_general_ci NULL DEFAULT NULL,
  `create_time` datetime NULL DEFAULT NULL,
  `update_time` datetime NULL DEFAULT NULL,
  `content` varchar(255) CHARACTER SET utf8 COLLATE utf8_general_ci NULL DEFAULT NULL,
  PRIMARY KEY (`id`) USING BTREE
) ENGINE = InnoDB AUTO_INCREMENT = 5 CHARACTER SET = utf8 COLLATE = utf8_general_ci ROW_FORMAT = Compact;

-- ----------------------------
-- Records of admin_announce
-- ----------------------------
INSERT INTO `admin_announce` VALUES (1, '111', '2022-05-03 10:28:43', '2022-05-03 10:28:45', '111111111111111111111');
INSERT INTO `admin_announce` VALUES (2, '222', '2022-05-02 10:28:55', '2022-05-02 10:29:00', '111111111111111');
INSERT INTO `admin_announce` VALUES (3, '001', '2022-05-01 10:29:09', '2022-05-01 10:29:13', '111111111111111');
INSERT INTO `admin_announce` VALUES (4, '222222222', '2022-05-03 11:24:44', '2022-05-03 11:24:54', '3333333');

-- ----------------------------
-- Table structure for admin_group_menu
-- ----------------------------
DROP TABLE IF EXISTS `admin_group_menu`;
CREATE TABLE `admin_group_menu`  (
  `group_id` int(11) NULL DEFAULT NULL,
  `menu_id` int(11) NULL DEFAULT NULL
) ENGINE = InnoDB CHARACTER SET = utf8 COLLATE = utf8_general_ci ROW_FORMAT = Compact;

-- ----------------------------
-- Records of admin_group_menu
-- ----------------------------
INSERT INTO `admin_group_menu` VALUES (21, 1);
INSERT INTO `admin_group_menu` VALUES (21, 2);
INSERT INTO `admin_group_menu` VALUES (21, 3);
INSERT INTO `admin_group_menu` VALUES (21, 4);
INSERT INTO `admin_group_menu` VALUES (21, 5);
INSERT INTO `admin_group_menu` VALUES (21, 6);
INSERT INTO `admin_group_menu` VALUES (21, 7);
INSERT INTO `admin_group_menu` VALUES (21, 8);
INSERT INTO `admin_group_menu` VALUES (21, 9);
INSERT INTO `admin_group_menu` VALUES (21, 10);
INSERT INTO `admin_group_menu` VALUES (21, 11);
INSERT INTO `admin_group_menu` VALUES (21, 12);
INSERT INTO `admin_group_menu` VALUES (21, 13);
INSERT INTO `admin_group_menu` VALUES (20, 1);
INSERT INTO `admin_group_menu` VALUES (20, 2);
INSERT INTO `admin_group_menu` VALUES (20, 3);
INSERT INTO `admin_group_menu` VALUES (21, 14);

-- ----------------------------
-- Table structure for admin_menu
-- ----------------------------
DROP TABLE IF EXISTS `admin_menu`;
CREATE TABLE `admin_menu`  (
  `menu_id` int(11) NOT NULL AUTO_INCREMENT COMMENT '菜单ID',
  `menu_name` varchar(50) CHARACTER SET utf8 COLLATE utf8_general_ci NOT NULL COMMENT '菜单名称',
  `parent_id` int(11) NULL DEFAULT 0 COMMENT '父菜单ID',
  `order_num` int(11) NULL DEFAULT 0 COMMENT '显示顺序',
  `url` varchar(200) CHARACTER SET utf8 COLLATE utf8_general_ci NULL DEFAULT '#' COMMENT '请求地址',
  `menu_type` char(1) CHARACTER SET utf8 COLLATE utf8_general_ci NULL DEFAULT '' COMMENT '菜单类型（M目录 C菜单 F按钮）',
  `visible` char(1) CHARACTER SET utf8 COLLATE utf8_general_ci NULL DEFAULT '0' COMMENT '菜单状态（0显示 1隐藏）',
  `perms` varchar(100) CHARACTER SET utf8 COLLATE utf8_general_ci NULL DEFAULT '' COMMENT '权限标识',
  `icon` varchar(100) CHARACTER SET utf8 COLLATE utf8_general_ci NULL DEFAULT '#' COMMENT '菜单图标',
  `create_by` varchar(64) CHARACTER SET utf8 COLLATE utf8_general_ci NULL DEFAULT '' COMMENT '创建者',
  `create_time` datetime NULL DEFAULT NULL COMMENT '创建时间',
  `update_by` varchar(64) CHARACTER SET utf8 COLLATE utf8_general_ci NULL DEFAULT '' COMMENT '更新者',
  `update_time` datetime NULL DEFAULT NULL COMMENT '更新时间',
  `remark` varchar(500) CHARACTER SET utf8 COLLATE utf8_general_ci NULL DEFAULT '' COMMENT '备注',
  PRIMARY KEY (`menu_id`) USING BTREE
) ENGINE = InnoDB AUTO_INCREMENT = 17 CHARACTER SET = utf8 COLLATE = utf8_general_ci COMMENT = '菜单权限表' ROW_FORMAT = Compact;

-- ----------------------------
-- Records of admin_menu
-- ----------------------------
INSERT INTO `admin_menu` VALUES (1, '系统管理', 0, 1, '#', '', '0', '1', '#', '', NULL, '', NULL, '');
INSERT INTO `admin_menu` VALUES (2, '整体分析', 1, 1, '/admin/system/overAllAnalysis', '', '0', '2', '#', '', NULL, '', NULL, '');
INSERT INTO `admin_menu` VALUES (3, '用户管理', 1, 0, '/admin/system/toAdminUserManage', '', '0', '', '#', '', NULL, '', NULL, '');
INSERT INTO `admin_menu` VALUES (4, '时间管理', 0, 0, '#', '', '0', '', '#', '', NULL, '', NULL, '');
INSERT INTO `admin_menu` VALUES (5, '知识管理', 0, 0, '#', '', '0', '5', '#', '', NULL, '', NULL, '');
INSERT INTO `admin_menu` VALUES (6, '整体查看', 5, 0, '#', '', '0', '', '#', '', NULL, '', NULL, '');
INSERT INTO `admin_menu` VALUES (7, '博客管理', 5, 0, '#', '', '0', '', '#', '', NULL, '', NULL, '');
INSERT INTO `admin_menu` VALUES (8, '交流模块', 0, 0, '#', '', '0', '', '#', '', NULL, '', NULL, '');
INSERT INTO `admin_menu` VALUES (9, '个人分析', 0, 0, '#', '', '0', '', '#', '', NULL, '', NULL, '');
INSERT INTO `admin_menu` VALUES (10, 'MBTI性格分析', 9, 0, '#', '', '0', '', '#', '', NULL, '', NULL, '');
INSERT INTO `admin_menu` VALUES (11, 'MBTI题目管理', 9, 0, '/admin/analysis/toMbtiQuestionManage', '', '0', '', '#', '', NULL, '', NULL, '');
INSERT INTO `admin_menu` VALUES (12, '整体分析', 8, 0, '#', '', '0', '', '#', '', NULL, '', NULL, '');
INSERT INTO `admin_menu` VALUES (13, '整体分析', 4, 0, '/admin/task/toTaskManage', '', '0', '', '#', '', NULL, '', NULL, '');
INSERT INTO `admin_menu` VALUES (14, '公告管理', 1, 0, '/admin/system/toAdminAnnounceManage', '', '0', '', '#', '', NULL, '', NULL, '');
INSERT INTO `admin_menu` VALUES (15, 'SCL心理分析', 9, 0, '#', '', '0', '', '#', '', NULL, '', NULL, '');
INSERT INTO `admin_menu` VALUES (16, 'SCL题目管理', 9, 0, '#', '', '0', '', '#', '', NULL, '', NULL, '');

-- ----------------------------
-- Table structure for comment
-- ----------------------------
DROP TABLE IF EXISTS `comment`;
CREATE TABLE `comment`  (
  `id` bigint(20) NOT NULL AUTO_INCREMENT,
  `parent_id` bigint(20) NOT NULL COMMENT '父类id',
  `type` int(11) NOT NULL COMMENT '父类类型',
  `commentator` bigint(20) NOT NULL COMMENT '评论人id',
  `gmt_create` bigint(20) NOT NULL COMMENT '创建时间',
  `gmt_modified` bigint(20) NOT NULL COMMENT '更新时间',
  `like_count` bigint(20) NOT NULL DEFAULT 0 COMMENT '点赞数',
  `content` varchar(1024) CHARACTER SET utf8mb4 COLLATE utf8mb4_general_ci NOT NULL,
  `comment_count` int(11) NOT NULL DEFAULT 0,
  PRIMARY KEY (`id`) USING BTREE
) ENGINE = InnoDB AUTO_INCREMENT = 15 CHARACTER SET = utf8mb4 COLLATE = utf8mb4_general_ci ROW_FORMAT = Compact;

-- ----------------------------
-- Records of comment
-- ----------------------------
INSERT INTO `comment` VALUES (1, 1, 1, 774, 1649430828287, 1649430828287, 0, '111', 0);
INSERT INTO `comment` VALUES (2, 2, 1, 777, 1649644330801, 1649644330801, 1, '111', 0);
INSERT INTO `comment` VALUES (3, 2, 1, 777, 1649644341872, 1649644341872, 0, '222', 0);
INSERT INTO `comment` VALUES (4, 2, 1, 777, 1649644439138, 1649644439138, 0, '333', 0);
INSERT INTO `comment` VALUES (5, 4, 1, 776, 1649649310778, 1649649310778, 1, '111', 1);
INSERT INTO `comment` VALUES (6, 5, 2, 776, 1649649787043, 1649649787043, 0, '222', 0);
INSERT INTO `comment` VALUES (7, 2, 11, 776, 1649676910938, 1649676910938, 0, '222', 0);
INSERT INTO `comment` VALUES (8, 3, 1, 774, 1650250406204, 1650250406204, 0, '111', 1);
INSERT INTO `comment` VALUES (9, 8, 2, 775, 1651218631175, 1651218631175, 0, '444', 0);
INSERT INTO `comment` VALUES (10, 3, 1, 775, 1651218654195, 1651218654195, 0, '333', 0);
INSERT INTO `comment` VALUES (11, 7, 1, 777, 1651631785445, 1651631785445, 0, '333', 1);
INSERT INTO `comment` VALUES (12, 11, 2, 777, 1651631794993, 1651631794993, 0, '33', 0);
INSERT INTO `comment` VALUES (13, 1, 11, 777, 1651760802002, 1651760802002, 0, '333', 0);
INSERT INTO `comment` VALUES (14, 1, 11, 777, 1651806041988, 1651806041988, 0, '新的评论', 0);

-- ----------------------------
-- Table structure for news
-- ----------------------------
DROP TABLE IF EXISTS `news`;
CREATE TABLE `news`  (
  `news_id` bigint(20) NOT NULL AUTO_INCREMENT COMMENT '主键',
  `id` varchar(40) CHARACTER SET utf8 COLLATE utf8_general_ci NULL DEFAULT NULL,
  `title` varchar(128) CHARACTER SET utf8mb4 COLLATE utf8mb4_general_ci NOT NULL,
  `description` text CHARACTER SET utf8mb4 COLLATE utf8mb4_general_ci NOT NULL,
  `html` text CHARACTER SET utf8mb4 COLLATE utf8mb4_general_ci NOT NULL,
  `source` varchar(16) CHARACTER SET utf8 COLLATE utf8_general_ci NOT NULL,
  `link` varchar(64) CHARACTER SET utf8 COLLATE utf8_general_ci NOT NULL,
  `pub_date` varchar(24) CHARACTER SET utf8 COLLATE utf8_general_ci NOT NULL,
  `imageurl1` varchar(256) CHARACTER SET utf8 COLLATE utf8_general_ci NULL DEFAULT NULL,
  `imageurl2` varchar(256) CHARACTER SET utf8 COLLATE utf8_general_ci NULL DEFAULT NULL,
  `imageurl3` varchar(256) CHARACTER SET utf8 COLLATE utf8_general_ci NULL DEFAULT NULL,
  `tag` varchar(128) CHARACTER SET utf8 COLLATE utf8_general_ci NULL DEFAULT NULL,
  `view_count` int(11) NOT NULL DEFAULT 0,
  `comment_count` int(11) NOT NULL DEFAULT 0,
  `like_count` int(11) NOT NULL DEFAULT 0,
  `gmt_latest_comment` bigint(20) NOT NULL,
  `status` int(2) NOT NULL DEFAULT 1,
  `column2` int(2) NOT NULL DEFAULT 0,
  `gmt_create` bigint(20) NOT NULL,
  `gmt_modified` bigint(20) NOT NULL,
  PRIMARY KEY (`news_id`) USING BTREE,
  UNIQUE INDEX `id`(`id`) USING BTREE
) ENGINE = InnoDB AUTO_INCREMENT = 15824 CHARACTER SET = utf8 COLLATE = utf8_general_ci ROW_FORMAT = Compact;

-- ----------------------------
-- Records of news
-- ----------------------------
INSERT INTO `news` VALUES (15778, 'b7b0ff73e8d2926227362c4404f2de08', '新时代板凳精神！OPPO 2022年将再招聘2000多位科研人才', '2022年5月5日，中国，深圳——在今年五四青年节，OPPO发布品牌宣传片《板凳》，讲述新时代板凳精神，并启动2022年校园和社会招聘计划，OPPO技术研发岗位将再招聘超过2000人，为科研青年提供就业机会和职业发展空间。其中先行研究组织OPPO研究院将预计招聘300人。坚持科研...', '<p>2022年5月5日，中国，深圳——在今年五四青年节，OPPO发布品牌宣传片《板凳》，讲述新时代板凳精神，并启动2022年校园和社会招聘计划，OPPO技术研发岗位将再招聘超过2000人，为科研青年提供就业机会和职业发展空间。其中先行研究组织OPPO研究院将预计招聘300人。</p><p><img src=\'https://upload.cfan.com.cn/2022/0505/1651721164543.png\' /></p><p>坚持科研长期主义，OPPO提出新时代板凳精神</p><p>作为一家面向全球的科技企业，在坚持科研长期主义的道路上，OPPO向社会和所有科研工作者提出了自己理解的「新时代的板凳精神」——那些普普通通的板凳上，坐着一群对科技有热爱有信仰，活泼、有趣的年轻科技工作者。他们坚信长期主义，敢于挑战科技无人区，向着更远的未来，微笑前行。</p><p><img src=\'https://upload.cfan.com.cn/2022/0505/1651721179315.jpg\' /></p><p>今年是OPPO成立的十八周年，一路以来，在长期主义研发理念引导下，OPPO攻克了许多技术难题，涌现了一批创新成果：比如第一颗自研芯片马里亚纳® MariSilicon X，打了3年硬仗，实现了芯片流片到量产、商用的关键三步。VOOC闪充历经11年研发，改变了2亿多人的充电习惯。第一款折叠屏手机OPPO Find N，潜心研发4年，一毫米、一微米地改进尺寸、折痕等问题，推动折叠屏手机从尝鲜到常用。</p><p>但OPPO也提出，很多技术的新问题，归根结底都是一个老问题，即如何通过科技创新，让身边的人、更多的人，多一些幸福的微笑。OPPO期待更多的科技创新同行者参与进来，让改变发生。</p><p>寻找科技创新同行者，助力科研青年技术突破</p><p>在2022年校园和社会招聘计划中，OPPO计划再招聘技术研发岗位超过2000人，核心招聘领域涉及硬件研发、软件研发、底层技术研发（含芯片研发）、多媒体软件研发、计算机视觉、语音语义、数字孪生、大数据、云计算、AI工程化等。 </p><p><img src=\'https://upload.cfan.com.cn/2022/0505/1651721187188.jpg\' /></p><p>当前，OPPO已经构建了以“工程技术组织+先行研究组织+基础技术组织”三位一体的全球化研发体系，拥有上万名研发工程师和专家，致力于“夯实研发基础，打造工程师乐园”。</p><p>其中，成立于2018年的OPPO研究院是科研的“特战部队”，其专注于未来3-5年的科学技术，鼓励科研人员追求长期技术领先。目前，OPPO研究院共有780+人，研究生及以上学历占比56%，博士及博士后138人，专家89人，首席科学家6人。在闪充、5G、语音语义、电致变色材料应用等技术领域，OPPO研究院均处于世界第一梯队，持续引领行业技术趋势。OPPO Air Glass眼镜、OPPO X 2021卷轴屏概念机、OPPO 240W SuperVOOC超级闪充等具备行业颠覆创新的产品均出自OPPO研究院工程师之手。</p><p><img src=\'https://upload.cfan.com.cn/2022/0505/1651721195404.jpg\' /></p><p>OPPO也持续通过产学研模式赋能科研青年，让技术走出实验室。从2018年开始，OPPO已与清华、浙大、阜外医院等16所中国顶尖高校、科研机构成立联合创新中心，合作320余个科研项目，同时还与74家全球科研单位及学术组织结成了战略合作伙伴关系。目前已经成功实现千人千屏色彩视觉增强、ColorOS隐藏摄像头检测、冰敷散热保护壳等多项技术产业化运用。</p><p>OPPO期待更多新时代科研青年的加入，心向未来，微笑前行。</p>', '电脑爱好者(cfan)', 'https://www.cfan.com.cn/2022/0505/136473.shtml', '2022-05-05 11:26:00', 'https://upload.cfan.com.cn/2022/0505/1651721164543.png', 'https://upload.cfan.com.cn/2022/0505/1651721179315.jpg', 'https://upload.cfan.com.cn/2022/0505/1651721187188.jpg', NULL, 2, 0, 0, 1651721160000, 1, 3, 1651756119207, 1651756119207);
INSERT INTO `news` VALUES (15779, '5d7dcdcf6500776c70de28141bdc5f00', '电影五一档票房近3亿元 好于预期', '中新社北京5月5日电 (记者 高凯)据灯塔专业版数据，截至5月4日21时30分，2022五一档(4月30日至5月4日)中国内地院线总票房(含预售)为2.95亿元(人民币，下同)。档期票房前三影片分别为：《我是真的讨厌异地恋》(8749.9万元)，《坏蛋联盟》(7111.8万元)，...', '<p>中新社北京5月5日电 (记者 高凯)据灯塔专业版数据，截至5月4日21时30分，2022五一档(4月30日至5月4日)中国内地院线总票房(含预售)为2.95亿元(人民币，下同)。</p><p>档期票房前三影片分别为：《我是真的讨厌异地恋》(8749.9万元)，《坏蛋联盟》(7111.8万元)，《神奇动物：邓布利多之谜》(3287.4万元)。</p><p>受疫情影响，中国内地电影市场经历持续低迷，“五一”假期院线再度遭遇多部重磅影片撤档，加上北京、上海等地影院暂停营业，据统计，全国影院营业率不足七成。此种情况下，档期最终的近3亿元票房，被认为好于预期。</p><p>今年五一档上映的新片仅有《我是真的讨厌异地恋》《坏蛋联盟》和《出拳吧，妈妈》三部，与2021年同档期上映新片多达13部不可同日而语。</p><p>口碑方面，《坏蛋联盟》在淘票票平台的评分是8.8分，在三部影片中评分最高，灯塔研究院行业分析师张荣棣表示，“搞笑”“层出不穷的意外”是用户对这部影片评价较高的主要原因；《我是真的讨厌异地恋》在淘票票平台评分7.8分，相较过去同档期同类型的爱情片，与《你的婚礼》(2021年五一档)和《后来的我们》(2018年五一档)评分持平。</p><p>根据灯塔专业版显示，今年五一档票房表现前三名的城市是深圳、成都和重庆，受疫情影响，一线城市中最大的两个票仓北京和上海均未上榜。张荣棣指出，珠三角和川渝地区二线城市成为票房主力，这与一个月前的清明档有着较大区别，彼时票房前三城市是北京、广州和成都。城市票房水平除了与当地一直以来的票房大盘有关以外，目前疫情是最大的影响因素。北京与上海影院几乎全部关停，暂无票房产出。(完)</p>', '中国新闻网', 'https://www.chinanews.com.cn/yl/2022/05-05/9746960.shtml', '2022-05-05 16:25:07', NULL, NULL, NULL, NULL, 0, 0, 0, 1651739107000, 1, 7, 1651759681094, 1651759681094);
INSERT INTO `news` VALUES (15780, '1a63a0df25555b817dde3320bac1b309', '《一起露营吧》：章若楠化身预言家？', '5月5日，由爱奇艺出品，鱼子酱、江苏卫视联合出品，爱奇艺安可工作室共同制作的户外潮流露营真人秀《一起露营吧》如约与观众相见。本期节目中，露营家族陈伟霆、黄雅莉、王子异、杨迪、章若楠和飞行嘉宾烧饼将在营地度过首个夜晚，合宿中发生的趣事也是本期节目的看点之一。陈伟霆“语出惊人”，王子...', '<p>5月5日，由爱奇艺出品，鱼子酱、江苏卫视联合出品，爱奇艺安可工作室共同制作的户外潮流露营真人秀《一起露营吧》如约与观众相见。本期节目中，露营家族陈伟霆、黄雅莉、王子异、杨迪、章若楠和飞行嘉宾烧饼将在营地度过首个夜晚，合宿中发生的趣事也是本期节目的看点之一。</p><p>陈伟霆“语出惊人”，王子异杨迪大秀即兴说唱</p><p>夜聊环节中，王子异主动邀请大家玩起了押韵游戏，成员们需要在给到的音乐节奏中用说唱的方式表达此刻的心情，游戏不仅活跃了现场的气氛，还激发了嘉宾们的胜负欲，其中杨迪的表现颇为“亮眼”，面对王子异给到的韵脚，杨迪一边直呼“太难！”一边努力攒词，究竟杨迪的说唱实力如何？两人的合作又贡献了哪些笑点呢？</p><p>看完杨迪的表现，没有尝试过即兴说唱的陈伟霆坐不住了，可惜几次尝试下来效果不尽人意，于是陈伟霆整合了章若楠和黄雅莉给的建议，给即兴说唱加入了新的元素，短短三句唱词引得全场阵阵尖叫，究竟他说了什么令大家纷纷表示“有被秀到”？表演中又融合了什么巧思让人大呼“听不过瘾”？</p><p>守护天使游戏各出奇招，章若楠被夸“名侦探柯楠”</p><p>首站露营选择了守护天使游戏作为基础玩法，串联起一场兼具神秘感与互动感的奇妙旅程。嘉宾们在露营前分别抽取了各自在本次露营中需要守护的对象以及需要完成的任务，为了完成任务大家开始各出奇招，也引发了不少意外笑料。比如黄雅莉早起后故意拿错手机，在远离其他嘉宾的地方做了一套“诡异”又可爱的热身动作，究竟她的任务是什么呢？一下子将观众的好奇心拉满。</p><p>另一位被守护天使任务“支配”的嘉宾当属烧饼了，在陈伟霆的带领下，烧饼在营地现场做起了开合跳、跳绳等各种运动，即便知道这可能是天使任务要求，烧饼依旧努力帮别人完成，真诚的样子让陈伟霆都有些退却了，调侃道“别做了，我不想你以为我人不好”，究竟陈伟霆的任务与烧饼有什么关系？任务背后又有怎样的故事？</p><p>时间来到即将揭晓彼此守护对象之前，章若楠化身“预言家”，原来她从早上开始就默默观察大家的表现，并条条是道地分析全场嘉宾分别要完成什么任务，还把嘉宾间的合作关系和守护关系都一一点破，引得现场众人一阵惊讶，究竟章若楠推测的结果是否真如实际情况一致？更多精彩正片揭晓。</p><p>打开爱奇艺看《一起露营吧》，每周四12点VIP抢先看，次日12点转免。下一站旅行将去往海边露营，露营家族会迎来哪位新朋友？又会有什么样的挑战在等待着他们呢？让我们一起期待吧！</p>', '中国新闻网', 'https://www.chinanews.com.cn/yl/2022/05-05/9746826.shtml', '2022-05-05 14:07:28', NULL, NULL, NULL, NULL, 0, 0, 0, 1651730848000, 1, 7, 1651759681134, 1651759681134);
INSERT INTO `news` VALUES (15781, 'fa91305c77a23d816f3162742d8daafc', '谭松韵：“校园脸”早晚要接受社会的锤炼', '《请叫我总监》正在东方卫视热播，谭松韵扮演的女主角宁檬，一方面朝着投资人的梦想进军却在职场中遭遇重重排挤和打击，像极了初入职场年轻人的真实境遇；一方面她又情商智商超高，“表面小白兔背后大灰狼”，小小秘书却把霸道老板拿捏得死死的。宁檬这种又贴地又带感的人设格外讨喜，引发观众共鸣。主...', '<p>《请叫我总监》正在东方卫视热播，谭松韵扮演的女主角宁檬，一方面朝着投资人的梦想进军却在职场中遭遇重重排挤和打击，像极了初入职场年轻人的真实境遇；一方面她又情商智商超高，“表面小白兔背后大灰狼”，小小秘书却把霸道老板拿捏得死死的。宁檬这种又贴地又带感的人设格外讨喜，引发观众共鸣。</p><p>主演谭松韵凭借《最好的我们》走红，再加上眼神清纯略带婴儿肥的长相，一直被“封印”在校园剧这个类型中。被问到“校园脸”演绎职场剧如何让人信服时，导演姚婷婷表示选择谭松韵恰是因为“校园脸早晚要接受社会的锤炼”。今年32岁的谭松韵是如何通过“宁檬”展现其驾驭职场剧的能力？</p><p>为观众还原真实职场生活</p><p>电视剧《请叫我总监》讲述从小到大梦想成为投资人的宁檬阴差阳错成为总裁秘书，与能力极强、脾气火爆的上司陆既明斗智斗勇，最终携手逐梦，并肩发展事业的故事。</p><p>谭松韵表示，不同于一般的职场戏，她饰演的宁檬虽然只是个小秘书，但却相当独立，并且有着极高的情商，这让她有耳目一新之感。</p><p>谭松韵对宁檬这个角色很喜欢、很佩服，同时又心疼，“我相信有她这样女性的存在，人间清醒，又有大格局，人也很善良，但她也不愚善，关键是她聪明，口才好，怼人的尺度也刚刚好。我觉得这真的太棒了！”</p><p>谭松韵向记者透露，为演好宁檬这个角色，她在出演之前恶补大量金融专业知识。在拍戏的过程中，她经常向身边从事金融行业的朋友请教。</p><p>“宁檬这个角色最吸引我的地方，是她的敢作敢当。”谭松韵说，比如她为了实现当投资人的梦想，敢于放弃加薪；面对他人的刁难，她会勇敢还击。更重要的是，当得知错怪对方后，她会大方道歉。“宁檬这个角色的背后，折射的是千千万万职场人的日常。我希望通过自己的演绎，为观众还原真实的职场生活。”</p><p>林更新生活中是个喜剧人</p><p>在《请叫我总监》中，宁檬与陆既明这对“欢喜冤家”之间的互动，同样是该剧的一大看点。特别是剧集初期，陆既明对宁檬的各种刁难，更是让不少观众为宁檬打抱不平。</p><p>“虽然陆既明对我各种刁难，但我知道这是他为了留住我所使的各种手段。”谭松韵说，陆既明算是宁檬的人生导师，没有他的帮助，宁檬无法进入投资行业，进而实现梦想。“总的来说，宁檬对陆既明是相当感激的，为他们后面关系的转变埋下了伏笔。”</p><p>谭松韵还表示，虽然这是她和林更新首次搭档，但他们之前就是很好的朋友。“无论是在日常生活，还是在剧中，林更新都是一个自带喜感的人。正是这种天生的幽默感，让陆既明这个角色更加立体。”</p><p>谭松韵长着一张甜美可爱的娃娃脸，一直是荧幕上元气少女的最佳选择之一，演中学生依旧毫无违和感，同时，甜美外表可能会给她带去角色限制。对此，谭松韵表示，自己的经历和感悟，都是可以放到戏里角色身上的。当自己依然可以去诠释学生角色，并且让观众相信这个角色，她认为这是一件非常好的事情。关于角色转型，谭松韵表示，从来没有刻意地去想过转型，“其实转型这两个字，在我这儿没有这一说。可能什么时候出现一个什么样的角色，然后恰巧我又喜欢她，就演她了。没有想过要去演什么类型，又不演什么类型。”</p><p>文/本报记者 杨文杰</p>', '中国新闻网', 'https://www.chinanews.com.cn/yl/2022/05-05/9746550.shtml', '2022-05-05 09:19:15', NULL, NULL, NULL, NULL, 0, 0, 0, 1651713555000, 1, 7, 1651759681136, 1651759681136);
INSERT INTO `news` VALUES (15782, '6623b9caa8dab9deac6f51dbdfeeb800', '现实主义好剧频出 影视创作如何谱写劳动者之歌？', '影视创作谱写劳动者之歌歌颂劳动者，表现各行各业努力生活、辛勤工作的平凡而伟大的生命个体，一直是中国影视创作的题中要义。其中有聚焦行业群体的《青山不墨》《钢铁年代》《最美逆行者》，有表现社会转型期创业发展的《爱拼会赢》《大江大河》，有着墨于新兴行业的《在远方》《理想之城》。这些作品...', '<p>影视创作谱写劳动者之歌</p><p>歌颂劳动者，表现各行各业努力生活、辛勤工作的平凡而伟大的生命个体，一直是中国影视创作的题中要义。其中有聚焦行业群体的《青山不墨》《钢铁年代》《最美逆行者》，有表现社会转型期创业发展的《爱拼会赢》《大江大河》，有着墨于新兴行业的《在远方》《理想之城》。这些作品从时代的各个切面、行业的各个角落、人生的各个阶段，全景式地展现劳动者的生产生活，谱写了一部部追逐梦想、接续奋斗的劳动者之歌。</p><p>聚焦现实生活 回答时代之问</p><p>回答时代之问，是每一代劳动者在职业生涯中必须面对的问题，也是影视创作表现劳动者时的重要主题。在影视领域，回答时代问卷的最佳方式就是对千千万万劳动者的奋斗史和创业谱进行倾情讴歌和真挚礼赞。无论是在改革开放初期、市场经济转型时期、脱贫攻坚时期还是新时代，人们所处的社会环境、职业环境和生活环境，都伴随着时代的脚步或轰轰烈烈或悄无声息地发生着变化。环境的变化，也让劳动者不断地思考和改变自己的劳动方式和劳动特点，无论是体力劳动还是脑力劳动都深深地标记着时代的烙印。而影视创作者敏锐地捕捉到人与时代的关系，在时代对人的催促中，在人对时代的叩问中，明确主题、编织故事、塑造人物。</p><p>《青山不墨》讲述共和国诞生初期、改革开放时期和绿色转型时期，三代林业工人数十年接续奋斗的故事。他们在浩瀚的林海中，在厚重的黑土地上，战冰雪、斗灾荒，谱写了一曲“青山不墨千秋画，绿水无弦万古琴”的绿色之歌。《爱拼会赢》以“晋江精神”为着力点，以晋江式商情与闽南式亲情，讲述在改革开放浪潮席卷下闽南民营企业家艰苦奋斗、诚信经营的经商之道。电视剧《大江大河》聚焦改革开放时代大潮，全面审视改革开放之初的思想、体制、城乡和人性之争，复调式地展现多种所有制经济的深刻变化，聚焦时代潮流与个体命运的关系，用坚实的人物刻画和真挚的情感表达成就了一部颇具史诗质感的现实题材力作。《山海情》把知识改变命运、勤劳改变生活的观念深深地镌刻在宁夏西海固那曾经贫瘠的土地上。那些在土地里刨食的农民兄弟，不甘于命运的驱赶，在吊庄移民政策的帮扶下辛勤劳作，终于走上了小康之路。这些作品，让劳动者的生命轨迹与时代发展的步伐同频共振，以现实主义的生动笔触，以不负时代、不负韶华的艺术情怀，拍出了一代代劳动者的精神写照。</p><p>实现自我价值 成就出彩人生</p><p>实现自我价值，成就出彩人生是每一代劳动者都渴望实现的生命理想，也是影视作品在塑造人物时赋予角色的重要心理动机和人物弧光。好的影视作品在塑造劳动者时，总是能够把角色从事生产劳动、投身行业建设的主观意志和行为逻辑阐释清楚，让每一个朴素的生命个体都有实现人生价值的契机，让角色守望初心、努力奋斗的精神力量成为观众与角色的共情点，并由此产生价值认同。</p><p>《青山不墨》以全国劳动模范、林业英雄马永顺为故事原型。在那个物资相对匮乏的年代，人的精神力量却异常强大。剧中主人公马永祥，以不怕苦、不服输、有担当、有骨气的干劲拼劲，成为一代林业工人的学习榜样和精神偶像。《大江大河》里的雷东宝、宋运辉等人为了摆脱命运不公和生活困局，一个带领农民脱贫致富，一个学有所成投入国企改革，他们在时代步伐的感召下，在夜以继日的奋斗中，实现了人生价值，并成为各自领域的弄潮儿。《鸡毛飞上天》里流落街头的陈江河和骆玉珠，一个是孤儿，一个是流浪少年，他们在人生的最低谷时偶然相识，相似的人生际遇和共同的生活愿景让他们走到一起，秉承着义乌商人“鸡毛换糖”、诚信经营的理念，埋头苦干、努力打拼，最终成为颇具影响力的企业家。《在远方》里那个从基层快递员做起的姚远，在工作中发现物流行业潜在的巨大商机，在历经数番市场沉浮之后终成为行业翘楚。在这些角色身上，吃苦耐劳、善于学习、诚实守信成为共有的人物弧光，他们为人处世的优秀品质也正是他们成就出彩人生的成功之源，并持续地鼓舞着观众。</p><p>聚焦行业发展 赓续劳动之美</p><p>聚焦不同时期、不同行业、不同人群的职业特点，让“劳动最光荣”成为每一代劳动者的价值追求，是影视作品所肩负的社会责任。俗话说“干什么吆喝什么”，职业痕迹在特定人群身上总是留有隐约可见的影子。好的行业剧，创作者能够深入一线进行细微观察与宏观把握，从行业内部提取到历史样本，以专业化的视角表现特定时代语境下某些行业、某个群体的本质特征。行业剧要把属于某一行业独有的行业故事展现给观众，要把“工农商学兵”不同行业劳动者的行业特点融入人物造型、行为习惯和生活方式，让“劳动者是最美的人”成为作品的价值导向。不仅如此，行业剧要把不同行业群体的辛劳与焦虑、悲伤与欢乐、失败与成功融入故事当中，以充满敬畏和温暖的笔触赓续劳动之美。</p><p>《钢铁年代》聚焦新中国钢铁产业发展史，讲述新中国第一代钢铁工人建设鞍钢的故事。在那个热火朝天的年代，那火红的熔炉炼造的不仅仅是钢铁，也炼造了钢铁工人的生命意志和强大能量，铸就了“咱们工人有力量”的时代宣言。《春天里》中，从军队复原返乡的铁振国凭着一股不服输的韧劲和做人的良心，带领家乡一众怀揣梦想的年轻人来到北京，从泥瓦工人做起，开辟了建筑行业的一番天地。《老农民》生动记叙了几十年间农业、农村和农民翻天覆地的变化。主角牛大胆作为中国农民的典型代表，把韧劲、隐忍、吃苦耐劳、民间智慧和极强的求生欲都表现得淋漓尽致。《最美逆行者》的医护人员，在危难中坚守职业道德，凭借过硬的医疗技术和专注的敬业精神，一次次在生死瞬间挽救了患者的生命。《我们的新时代》关注基层青年党员用劳动创造美好生活的故事。他们中间有社区志愿者、技术工人、排爆手、乡村医生、大学生村官和民间救援队队员，他们用充满朝气、锐气和勇气的实际行动，宣示了新一代劳动者的勇毅担当。</p><p>中国今日之成就是各行各业劳动者接续奋斗的结果。把握住这一历史事实并以此为创作缘起，就知道影视创作要从一个个普通劳动者的生命愿景入手，从不同行业角度、多重时空背景、多种人物关系和多层次故事结构，全方位地展现新时代追梦者的风采，于平凡处见伟大，在劳动中显真情，传颂属于亿万劳动者的时代交响。</p><p>(作者：杨洪涛，系中国传媒大学戏剧影视学院教授、博士生导师，北京市习近平新时代中国特色社会主义思想研究中心特约研究员)</p>', '中国新闻网', 'https://www.chinanews.com.cn/yl/2022/05-04/9745975.shtml', '2022-05-04 14:01:11', NULL, NULL, NULL, NULL, 0, 0, 0, 1651644071000, 1, 7, 1651759681140, 1651759681140);
INSERT INTO `news` VALUES (15783, '230f31dbee8b97d43e315d0babfc47b2', '微电影《北庄青春》倾情上映 该村为《团结就是力量》诞生地', '微电影《北庄青春》剧照。河北省文旅厅供图微电影《北庄青春》剧照。河北省文旅厅供图石家庄5月4日电(李晓伟 张哲)5月4日，在中国共产主义青年团成立100周年之际，《北庄青春》微电影倾情上映。这是继《北庄家书》后，“幸福北庄”微电影四部曲上映的第二部。观众将跟随影片一起回到青春峥嵘...', '<p><img src=\'http://i2.chinanews.com.cn/simg/ypt/2022/220504/e3b69cd0-2a51-46aa-a28f-e5b00598d30a_zsite.jpg\' /></p><p>微电影《北庄青春》剧照。河北省文旅厅供图</p><p><img src=\'http://i2.chinanews.com.cn/simg/ypt/2022/220504/d54c862e-119c-4ee9-a966-532e77c30275_zsite.jpg\' /></p><p>微电影《北庄青春》剧照。河北省文旅厅供图</p><p>石家庄5月4日电(李晓伟 张哲)5月4日，在中国共产主义青年团成立100周年之际，《北庄青春》微电影倾情上映。这是继《北庄家书》后，“幸福北庄”微电影四部曲上映的第二部。观众将跟随影片一起回到青春峥嵘岁月。</p><p>《北庄青春》讲述了一个感人至深的故事：1945年，北庄孩子宝山的父母把年幼的宝山托付给邻居秀儿，毅然踏上打鬼子的道路。村里有35人参加平山团打鬼子去了，留下几个半大不大的孩子，由秀儿和几位老人共同照看，孩子们叫她“秀儿妈妈”。</p><p>河北省平山县西柏坡镇北庄村是歌曲《团结就是力量》的诞生地，反映出全体中国人民的抗战呼声。秀儿教孩子们唱《团结就是力量》，学文化。</p><p>在战火纷飞中，宝山年轻的父母为抗击日寇献出了宝贵的生命。秀儿也从青年迈进中年，宝山长大成人，有了孩子叫“前进”。1977年，国家恢复高考，宝山狂喜地奔跑在他熟悉的北庄田间地头，对着在田里干活的秀儿，大喊：“秀儿妈妈，我要考大学！”</p><p>秀儿流下欣慰的泪水，同时又担负起抚养宝山孩子前进的重任。直到有一天，离乡的宝山收到一封信，信中说：秀儿妈妈走了，前进安置好了，秀儿妈妈临走前嘱咐，不让回来，要安心教书，让孩子们个个有文化……面对来信，宝山已泣不成声。</p><p>岁月如梭，一代代北庄年轻人为了保家卫国、建设家园、脱贫攻坚、乡村振兴接力前行。宝山的孩子前进长大学成归来建设家乡，他坚信在党的带领下，在新的赶考路上，父老乡亲一定会更好团结起来，让日子过得越来越红火……</p><p>该片导演聂永接受采访时说，《北庄青春》从爷爷奶奶为国冲锋在前，秀儿妈妈为守护两代人奉献青春，孙子又把自己的青春根植在这片热土上，这是一种精神的传承，更是一种精神旅程。这种精神在人物细微的刻画和微妙的情感中融为一体，在回顾先辈热血青春的同时，展现出当代北庄青年，争做新时代有为青年的青春面貌，诠释了北庄精神永不能丢的深刻内涵。</p><p>据了解，《北庄青春》是“幸福北庄”四部曲的第二部。“幸福北庄”四部曲旨在打造以“冬-《北庄家书》”“春-《北庄青春》”“夏-《北庄爱情》”“秋-《北庄团圆》”为脉络的北庄村风貌人情，让北庄村“《团结就是力量》诞生地”品牌通过微电影传播四方。(完)</p>', '中国新闻网', 'https://www.chinanews.com.cn/yl/2022/05-04/9745934.shtml', '2022-05-04 13:47:20', 'http://i2.chinanews.com.cn/simg/ypt/2022/220504/e3b69cd0-2a51-46aa-a28f-e5b00598d30a_zsite.jpg', 'http://i2.chinanews.com.cn/simg/ypt/2022/220504/d54c862e-119c-4ee9-a966-532e77c30275_zsite.jpg', NULL, NULL, 0, 0, 0, 1651643240000, 1, 7, 1651759681145, 1651759681145);
INSERT INTO `news` VALUES (15784, 'd2d22f474fdc3ab7d2efe82c95d6e65f', '微电影《北庄青春》倾情上映', '微电影《北庄青春》剧照。河北省文旅厅供图微电影《北庄青春》剧照。河北省文旅厅供图微电影《北庄青春》倾情上映 该村为《团结就是力量》诞生地石家庄5月4日电(李晓伟 张哲)5月4日，在中国共产主义青年团成立100周年之际，《北庄青春》微电影倾情上映。这是继《北庄家书》后，“幸福北庄”...', '<p><img src=\'http://i2.chinanews.com.cn/simg/ypt/2022/220504/e3b69cd0-2a51-46aa-a28f-e5b00598d30a_zsite.jpg\' /></p><p>微电影《北庄青春》剧照。河北省文旅厅供图</p><p><img src=\'http://i2.chinanews.com.cn/simg/ypt/2022/220504/d54c862e-119c-4ee9-a966-532e77c30275_zsite.jpg\' /></p><p>微电影《北庄青春》剧照。河北省文旅厅供图</p><p>微电影《北庄青春》倾情上映 该村为《团结就是力量》诞生地</p><p>石家庄5月4日电(李晓伟 张哲)5月4日，在中国共产主义青年团成立100周年之际，《北庄青春》微电影倾情上映。这是继《北庄家书》后，“幸福北庄”微电影四部曲上映的第二部。观众将跟随影片一起回到青春峥嵘岁月。</p><p>《北庄青春》讲述了一个感人至深的故事：1945年，北庄孩子宝山的父母把年幼的宝山托付给邻居秀儿，毅然踏上打鬼子的道路。村里有35人参加平山团打鬼子去了，留下几个半大不大的孩子，由秀儿和几位老人共同照看，孩子们叫她“秀儿妈妈”。</p><p>河北省平山县西柏坡镇北庄村是歌曲《团结就是力量》的诞生地，反映出全体中国人民的抗战呼声。秀儿教孩子们唱《团结就是力量》，学文化。</p><p>在战火纷飞中，宝山年轻的父母为抗击日寇献出了宝贵的生命。秀儿也从青年迈进中年，宝山长大成人，有了孩子叫“前进”。1977年，国家恢复高考，宝山狂喜地奔跑在他熟悉的北庄田间地头，对着在田里干活的秀儿，大喊：“秀儿妈妈，我要考大学！”</p><p>秀儿流下欣慰的泪水，同时又担负起抚养宝山孩子前进的重任。直到有一天，离乡的宝山收到一封信，信中说：秀儿妈妈走了，前进安置好了，秀儿妈妈临走前嘱咐，不让回来，要安心教书，让孩子们个个有文化……面对来信，宝山已泣不成声。</p><p>岁月如梭，一代代北庄年轻人为了保家卫国、建设家园、脱贫攻坚、乡村振兴接力前行。宝山的孩子前进长大学成归来建设家乡，他坚信在党的带领下，在新的赶考路上，父老乡亲一定会更好团结起来，让日子过得越来越红火……</p><p>该片导演聂永接受采访时说，《北庄青春》从爷爷奶奶为国冲锋在前，秀儿妈妈为守护两代人奉献青春，孙子又把自己的青春根植在这片热土上，这是一种精神的传承，更是一种精神旅程。这种精神在人物细微的刻画和微妙的情感中融为一体，在回顾先辈热血青春的同时，展现出当代北庄青年，争做新时代有为青年的青春面貌，诠释了北庄精神永不能丢的深刻内涵。</p><p>据了解，《北庄青春》是“幸福北庄”四部曲的第二部。“幸福北庄”四部曲旨在打造以“冬-《北庄家书》”“春-《北庄青春》”“夏-《北庄爱情》”“秋-《北庄团圆》”为脉络的北庄村风貌人情，让北庄村“《团结就是力量》诞生地”品牌通过微电影传播四方。(完)</p>', '中国新闻网', 'https://www.chinanews.com.cn/yl/2022/05-04/9745934.shtml', '2022-05-04 13:47:20', 'http://i2.chinanews.com.cn/simg/ypt/2022/220504/e3b69cd0-2a51-46aa-a28f-e5b00598d30a_zsite.jpg', 'http://i2.chinanews.com.cn/simg/ypt/2022/220504/d54c862e-119c-4ee9-a966-532e77c30275_zsite.jpg', NULL, NULL, 0, 0, 0, 1651643240000, 1, 7, 1651759681148, 1651759681148);
INSERT INTO `news` VALUES (15785, '43b30593e691456caceab81e5588e873', '仰望时代星辰 展现向上生长的力量', '仰望时代星辰 展现向上生长的力量总台“在世界最高峰，向劳动者致敬”特别策划谱写奋斗者之歌群山之巅赏大美中国，珠峰之上望宇宙星辰。“五一”国际劳动节当天，中央广播电视总台影视剧纪录片中心在央视频、“CCTV纪录”“CCTV电视剧”等新媒体平台重磅推出“在世界最高峰，向劳动者致敬”特...', '<p>仰望时代星辰 展现向上生长的力量</p><p>总台“在世界最高峰，向劳动者致敬”特别策划谱写奋斗者之歌</p><p><img src=\'http://i2.chinanews.com.cn/simg/cmshd/2022/05/03/8447c775e7e94f1aa32c0fff7fd1df3a.jpg\' /></p><p>群山之巅赏大美中国，珠峰之上望宇宙星辰。</p><p>“五一”国际劳动节当天，中央广播电视总台影视剧纪录片中心在央视频、“CCTV纪录”“CCTV电视剧”等新媒体平台重磅推出“在世界最高峰，向劳动者致敬”特别策划，用“3小时慢直播+3小时移动直播”6小时不间断的融媒体直播，带领观众和网友在云间登珠峰、探科考、致梦想。</p><p>这场融媒体直播见人、见事、见精神。全方位展现了青藏科考的发展进程，直击此次“巅峰使命”2022珠峰科考最新进展，记录科研工作者及纪录片摄制组的工作状态，带领观众沉浸式感受地球之巅的生活，穿插讲述多位科研人员、登山队员、普通劳动者的奋斗故事，从不同侧面描摹他们的精神轮廓，立体化触摸珠穆朗玛的“心跳”。</p><p>见人：真诚致敬劳动者</p><p>生动描摹多行业奋斗人生</p><p>在珠穆朗玛，一群具有创造精神、奋斗精神、梦想精神的劳动者写下了属于他们的传奇。此次融媒体直播讲述的人物故事中，他们虽然有着迥然不同的工作生活轨迹和显著的个体差异，却都用脚踏实地的行动共同描绘出劳动者的奋斗图景。</p><p>在珠穆朗玛的巅峰之上，他们以坚韧不拔的意志、拼搏到底的勇气坚守岗位、践行使命，写下了一个个山与人的故事。这种感染力，让关注本场直播的观众于内心深处产生一种“看齐”的行动自觉，从而激起拼搏向上的共鸣。</p><p>见事：全方位记录青藏科考</p><p>与珠穆朗玛共同见证“巅峰使命”</p><p>沧海桑田，既是地质的伟力，也是时代的见证。</p><p>“巅峰使命”2022珠峰科考有来自5支科考分队的16个科考小组、共270余名科考队员参加。这是2017年青藏高原综合科学考察活动启动以来，学科覆盖面最广、参加科考队员最多、采用仪器设备最先进的综合性科考。</p><p>追赶日月，不苟于山川。本次科考还有哪些重要内容和重大意义？会创造哪些新的世界纪录？科考过程中，科研工作者将攻克怎样的难关，迎接怎样的挑战？本场融媒体直播通过主题访谈、视频回传、历史影像资料延伸等多种方式，一一进行了直观、生动的介绍与讲解。</p><p>除了青藏科考知识的硬核科普，直播中还带领观众全方位、沉浸式走进地球之巅的另类生活，直观展示并回答了珠峰大本营厨房如何做饭、科考队员吃什么、帐篷里如何生活、遇到高反怎么办等大家普遍关心、关注的问题。以全新的直播形式讲述正在同步拍摄的纪录片《青藏科考》，全方位记录科考的台前幕后，让观众与珠穆朗玛共同见证“巅峰使命”。</p><p>见精神：砥砺前行聚能量</p><p>谱写锐意进取的劳动者之歌</p><p>此次融媒体直播从具有较高关注度的青藏科考切入，深入挖掘并生动展现劳动精神、奋斗精神等中华民族最宝贵的精神品质，自然、真挚的讲述引发观众强烈情感共鸣。</p><p>在高寒之地进行科学考察，唯有不畏艰辛、钻研奋斗，才能不断前行。面对日新月异的科技发展，面对日趋激烈的国际竞争，科研工作者们传承青藏科考精神，迎难而上。他们以岗位为舞台，以创造为动力，用自己一生的勤奋阐释“劳动创造未来”的深刻涵义，在科考路上打下不朽的“觇标”，谱写出锐意进取的劳动者之歌。</p><p>“山河浩瀚，星河浪漫。脚步暂时抵达不了的地方，先让眼睛代替旅行。跟随主创团队沉浸式体验珠峰的极致风光以及生活，太震撼了！”</p><p>“演播室很漂亮，珠峰也很有魅力，但最吸引我的还是科研人员、攀登者、纪录片导演，他们让我过了一个别样的劳动节。”</p><p>观众、网友们真诚、朴素的留言正是“在世界最高峰，向劳动者致敬”特别策划意义与价值的生动体现。</p><p>在地球之巅聆听奋斗故事，见证“巅峰使命”，激扬奋进精神。“在世界最高峰，向劳动者致敬”特别策划层层递进，以最纯粹、最直接的方式，为“巅峰使命”2022珠峰科考及“五一”国际劳动节留下了值得纪念与珍存的影像记忆。</p>', '中国新闻网', 'https://www.chinanews.com.cn/yl/2022/05-03/9745713.shtml', '2022-05-03 11:40:58', 'http://i2.chinanews.com.cn/simg/cmshd/2022/05/03/8447c775e7e94f1aa32c0fff7fd1df3a.jpg', NULL, NULL, NULL, 0, 0, 0, 1651549258000, 1, 7, 1651759681153, 1651759681153);
INSERT INTO `news` VALUES (15786, '03ae32ab07996aee3421b74add177e3e', '几度起落 陈晓东人到中年简单从容', '沉寂多年的陈晓东，4月29日发表新歌《是真的》。近日，他接受了北京青年报记者的专访。当年一出道即获男歌手金奖，陈晓东被港媒封为“四大天王”最佳接班人。26岁登上央视春晚，代表作《比我幸福》传唱至今。40岁以后，陈晓东迫切想要重拾音乐的初衷。虽然人到中年依然还有很多困惑，但现在只想...', '<p>沉寂多年的陈晓东，4月29日发表新歌《是真的》。近日，他接受了北京青年报记者的专访。</p><p>当年一出道即获男歌手金奖，陈晓东被港媒封为“四大天王”最佳接班人。26岁登上央视春晚，代表作《比我幸福》传唱至今。40岁以后，陈晓东迫切想要重拾音乐的初衷。虽然人到中年依然还有很多困惑，但现在只想过简单从容的生活。</p><p>四年没有发表新歌，但歌手出身的陈晓东可以说无时无刻不在想着唱歌、唱好歌这件事，他也深知这需要缘分。</p><p>陈晓东回忆，第一次听到《是真的》这首歌那天，他正在露台洗鹅卵石，因为那时准备装修房子，一边洗一边想什么时候才能唱一首空灵一点的歌。“听到《是真的》，听着听着我整个人愣住了。”</p><p>另外一首《落日城池》是第一首标注下来但又还没决定的歌曲，“因为不确定受众能不能接受背诗般的中国风。”认真研究了歌词后，他发现这是一首描写相思之情的歌曲，觉得可以尝试。陈晓东想到加入他熟悉的一些民族器乐，比如琵琶、葫芦丝，还想加入京剧的唱段，于是致电李玉刚，希望他能来演唱京剧部分，但不巧李玉刚当时嗓子不舒服，推荐了大弟子霄磊，演唱了《牡丹亭》里的两句：“情不知所起，一往而深。”</p><p>值得一提的是，这首歌还加入了陈晓东两个孩子的声音，她们一起进录音棚朗诵了一段歌词，还收录了她们的笑声。</p><p>回望过去感慨“太年轻”</p><p>1995年加盟宝丽金唱片，一出道就获得新城劲爆颁奖礼新登场男歌手金奖，陈晓东可谓“初登场即称王”。2000年专辑《比我幸福》大获成功，获得第一届亚洲中文金曲颁奖礼全年最受欢迎年度专辑大奖。2001年，陈晓东参加了中央电视台春节联欢晚会。在顺遂的同时，陈晓东的人生也经历几次大起大落。</p><p>回想当年的经历，有过辉煌、遗憾，甚至不堪，陈晓东说只因那时的自己还年轻，“有些时段比较傻，有些时间表现得不好，有些事情解决得不够好。也有一些歌曲是自己录得不够满意。”</p><p>2003年陈晓东转战影视圈，主演古装奇幻剧《倩女幽魂》饰宁采臣大获成功，此后将主要精力放在了影视上。《倩女幽魂》播出以后，打开了他在内地的影视市场，此后片约不断。</p><p>2013年，陈晓东与林依晨合作拍摄了《兰陵王》饰演宇文邕。虽然只是男二号，但这个角色也是他迄今为止最为满意的一个，后来他凭借这个角色获得中国UGC传播大奖年度突破艺人。</p><p>近几年，陈晓东似乎有些沉寂，鲜有消息。在音乐上，上一次发表作品还是2018年。</p><p>他解释说，前两年在台湾、香港都举办过演唱会，演唱会过后继续拍戏，几部影视剧目前还没有播出，音乐方面则一直在筹备新歌。此次发表新歌，不能说是“复出”。他也不在意新作的销量或是口碑，只是单纯地想跟歌迷分享自己在音乐上的想法和心得。</p><p>2014年结婚后，陈晓东将更多的精力放在了家庭上，很多人以为他淡出了娱乐圈，但他强调只是重心放在影视上，少了很多音乐上的通告，所以让人觉得少了存在感。</p><p>2020年陈晓东参加综艺节目《追光吧！哥哥》，一开嗓就惊艳了在场的所有人，夺得全场最高票。那一次的亮相让他重回观众视线，但后来他自己总结，觉得那个综艺节目并不适合自己，“一整天唱跳，我只是上个综艺挑战一下自己而已。”</p><p>出道27年，陈晓东说自己最大的变化就是懂得忠于自己了，尤其是四十岁以后，迫切想要重拾音乐的初衷。虽然还会有困惑，但可以自我解答，“希望生活不复杂，越简单越好。”</p><p>文/本报记者 寿鹏寰</p>', '中国新闻网', 'https://www.chinanews.com.cn/yl/2022/05-03/9745368.shtml', '2022-05-03 08:26:32', NULL, NULL, NULL, NULL, 0, 0, 0, 1651537592000, 1, 7, 1651759681157, 1651759681157);
INSERT INTO `news` VALUES (15787, 'd329bbdc6a71a5888787c0b1acf89e73', '《山河月明》为历史剧创作打了个“样”', '历史剧《山河月明》日前落下帷幕，作为2022年的第一部历史题材剧，《山河月明》以其精良的制作、饱满的历史群像，以及当下荧屏少有的历史气韵吸引了不同年龄阶段的观众，显示出一部历史大剧的独有魅力，甚至在观众中带火了明朝历史的讨论热度。纵观全剧，《山河月明》主要聚焦朱元璋和朱棣两代帝王...', '<p>历史剧《山河月明》日前落下帷幕，作为2022年的第一部历史题材剧，《山河月明》以其精良的制作、饱满的历史群像，以及当下荧屏少有的历史气韵吸引了不同年龄阶段的观众，显示出一部历史大剧的独有魅力，甚至在观众中带火了明朝历史的讨论热度。</p><p>纵观全剧，《山河月明》主要聚焦朱元璋和朱棣两代帝王之间的故事，这两位君王均以正面塑造为主。帝王历史剧历来最受指摘之处是陷入对皇权的歌颂。虽然《山河月明》对朱元璋的正面塑造争议不小，但剧情大体上还是基于历史真实的合理想象，同时也对朱元璋的残暴一面给予了点到为止的揭示。赋予人物充分合理性的，还有陈宝国的表演，他塑造的朱元璋既有坦率真诚的一面，也有阴狠算计的一面，陈宝国演绎下的草根皇帝朱元璋粗中带细，把握住了人物身上的一体两面。</p><p>《山河月明》戏骨云集，作品的一个成功之处就在于它会聚了陈宝国、张丰毅、王姬、姚橹、王劲松、王庆祥、王辉、张光北、杜源等众多实力派演员，这群在荧屏上已不常见到的好演员，塑造了一个个生动传神的历史人物。剧中的朱元璋怕老婆，徐达怕闺女，亲情视角的切入与当下观众更为契合，也让人物更加真实可触。王姬饰演的马皇后戏份虽然不多，但让人观之难忘，她身上兼顾了皇后的端庄贤良与民女的泼辣干练。剧中就算是反面人物也有亮点，杜源饰演的胡惟庸是精明能干一路高升的宰相，也是被捕入狱依然保持清醒的大臣。</p><p>《山河月明》的高明之处在于不去过多臧否，只是用心刻画历史人物，让观众自己去寻找答案，由此让这个两代帝王的故事带给观众对封建皇权更多的反思，这也是作品的价值所在。</p><p>历史剧向来有一分材料说一分话，遵循“大事不虚，小事不拘”的创作原则，允许在一定范围内进行合理的想象和创作。《山河月明》努力为历史多添加一些戏剧性，让它尽量好看。比如，历史上朱元璋皇长孙朱雄英的死和马皇后的死都很仓促突然，记载很少，再加上马皇后死前不让人进殿的奇怪举动，编剧把这些“偶然”串起，就演绎成了《山河月明》中祖孙俩先后染疫亡故的剧情高潮桥段，在真实性与艺术性之间实现了平衡。</p><p>古装历史剧是创作难度最大的电视剧类型，近年来已逐渐退出荧屏主流，人物故事同质化、不合逻辑的编剧思维、肤浅的台词、尴尬的演技、粗陋的制作，让历史剧经历了由盛及衰。《山河月明》则跳出了种种窠臼，它通过恢弘的叙事风格、强大的演员阵容、严谨的创作态度，为当下的历史剧创作拓宽了表达空间，也无疑会带动历史题材影视作品创作再度升温回潮。</p>', '中国新闻网', 'https://www.chinanews.com.cn/yl/2022/05-02/9745077.shtml', '2022-05-02 16:25:44', NULL, NULL, NULL, NULL, 0, 0, 0, 1651479944000, 1, 7, 1651759681162, 1651759681162);
INSERT INTO `news` VALUES (15788, '9d6826d7e9d46c36afdc8138d2642ec9', '声在中国《诗·歌》丨“声”生不息 “音”为有你', '春蚕到死丝方尽，蜡炬成灰泪始干。诉说教师传道授业的无私奉献。愿得此身长报国，何须生入玉门关。道出战士保家卫国的英勇无畏。花随玉指添春色，鸟逐金针长羽毛。描摹工匠精雕细琢的匠心锤炼。悬壶物外乾坤小，种杏云中雨露均。叙述医者白衣执甲的济世大爱。“声”生不息，“音”为有你。在“五一”这...', '<p>春蚕到死丝方尽，蜡炬成灰泪始干。</p><p>诉说教师传道授业的无私奉献。</p><p>愿得此身长报国，何须生入玉门关。</p><p>道出战士保家卫国的英勇无畏。</p><p>花随玉指添春色，鸟逐金针长羽毛。</p><p>描摹工匠精雕细琢的匠心锤炼。</p><p>悬壶物外乾坤小，种杏云中雨露均。</p><p>叙述医者白衣执甲的济世大爱。</p><p>“声”生不息，“音”为有你。</p><p>在“五一”这个特殊的日子里，</p><p>以诗为歌，致敬每一位奋斗中的你。</p><p><img src=\'http://www.chinanews.com/cr/2022/0501/1161177310.jpg\' /></p>', '中国新闻网', 'https://www.chinanews.com.cn/yl/2022/05-01/9744097.shtml', '2022-05-01 08:45:29', 'http://www.chinanews.com/cr/2022/0501/1161177310.jpg', NULL, NULL, NULL, 0, 0, 0, 1651365929000, 1, 7, 1651759681176, 1651759681176);
INSERT INTO `news` VALUES (15789, 'ba40ba0a3463f8171efa4a3933e4319b', '福建京剧院复排武戏《伐子都》线上直播首演  传承经典', '福州4月30日电 (记者 刘可耕)由福建京剧院复排的经典传承武戏《伐子都》，29日晚在福州通过官方抖音号进行线上直播首演。京剧《伐子都》的故事出自《左传·隐公十一年郑伯伐许》和《列国演义》。讲述了春秋时，郑国抵御魏国入侵，子都心生嫉妒，在颍考叔奋勇退敌欲登城之际，用袖剑将其射死，...', '<p>福州4月30日电 (记者 刘可耕)由福建京剧院复排的经典传承武戏《伐子都》，29日晚在福州通过官方抖音号进行线上直播首演。</p><p>京剧《伐子都》的故事出自《左传·隐公十一年郑伯伐许》和《列国演义》。讲述了春秋时，郑国抵御魏国入侵，子都心生嫉妒，在颍考叔奋勇退敌欲登城之际，用袖剑将其射死，独占其功。在班师回朝的路上，子都心生幻相，见颍考叔鬼魂索命，内心恐惧。最后在庆功宴上神情颠倒，坠台而亡。该剧人物刻画细腻，技巧繁重，是一出文武并重的传统经典剧目。</p><p><img src=\'http://i2.chinanews.com.cn/simg/ypt/2022/220430/8a93bf9a-b790-49b4-ab7d-dc984f339432_zsite.jpg\' /></p><p>4月29日晚，由福建京剧院复排的经典传承武戏《伐子都》在福州通过官方抖音号进行线上直播首演。 巫晓波 摄</p><p>2022年，福建京剧院邀请李幼斌先生作为艺术指导，以第五代青年演员李献科为主演复排《伐子都》。29日晚，该剧目先行通过福建京剧院的官方抖音直播，5月14日将在福州凤凰剧院与观众见面。</p><p>京剧武戏是京剧艺术的重要组成部分，也是京剧的一大特色。福建京剧院具有良好的武戏传承基础，创始人之一的李盛斌先生是著名京剧表演艺术家、戏曲教育家，表演精湛，技艺超群。其主演的《伐子都》《武松打虎》等剧目全国闻名。2017年，在福建省文化和旅游厅的指导下，福建京剧武戏基地建立，旨在弘扬国粹艺术，对以李盛斌先生为代表的京剧武戏进行进一步传承与发扬。李幼斌先生为李盛斌先生之子，是福建京剧武戏基地重要的指导老师和专家之一，自幼随父亲李盛斌学艺，12岁登台，工武生，擅长靠，精短打，较完整地继承了李盛斌先生“勇猛武生”的表演风格，所指导的多部武戏作品受到广大观众的喜爱，福建京剧院青年武戏演员从中受益匪浅。</p><p>该剧主演李献科受访时说，“《伐子都》是福建京剧院创始人李盛斌先生的代表作品，继李幼斌老师、阮学东老师、李哲老师，我能作为传承该剧目的第五代青年演员，感到非常自豪。”</p><p><img src=\'http://i2.chinanews.com.cn/simg/ypt/2022/220430/71540196-b7a6-45eb-a580-7812bc7b4cf8_zsite.jpg\' /></p><p>4月29日晚，由福建京剧院复排的经典传承武戏《伐子都》在福州通过官方抖音号进行线上直播首演。 巫晓波 摄</p><p>李幼斌指出，《伐子都》作为青年武生演员应学习并掌握的经典剧目，不仅对武生演员的“唱、念、做、打”的功力有提高，更重要的，在武生表演的理念上，也有很大的提升。希望青年演员以戏带功，通过这出戏的学习，得到进一步成长。</p><p>福建京剧院负责人孙劲梅表示，近年来虽偶有《伐子都》的折子戏上演，可该剧已有十余年没有开展全本的演出了。复排李盛斌先生的代表剧目《伐子都》，是福建京剧武戏基地2022年度重点建设项目。李献科是剧院“90后”优秀青年演员，曾获第十五届福建省“水仙花”戏剧奖比赛“金奖”，通过这次复排《伐子都》也得到了很大的提高和成长。</p><p>“剧院也将不断总结经验，持续展开武戏传承发展和武戏演员培养，逐步推出更高水平的剧目和更多优秀的人才。”孙劲梅说。(完)</p>', '中国新闻网', 'https://www.chinanews.com.cn/yl/2022/04-30/9743727.shtml', '2022-04-30 14:36:55', 'http://i2.chinanews.com.cn/simg/ypt/2022/220430/8a93bf9a-b790-49b4-ab7d-dc984f339432_zsite.jpg', 'http://i2.chinanews.com.cn/simg/ypt/2022/220430/71540196-b7a6-45eb-a580-7812bc7b4cf8_zsite.jpg', NULL, NULL, 0, 0, 0, 1651300615000, 1, 7, 1651759681180, 1651759681180);
INSERT INTO `news` VALUES (15790, '51fbc2ff25be5d37cbce43696eee4559', '非典型军旅题材剧如何破局？需与时俱进创新表达', '中新文娱北京4月29日电(刘越)昨日下午，军旅题材剧《特战荣耀》交流会在京举行。一众主创及嘉宾以线上交流的方式，探讨了当代影视作品该如何讲好中国军人故事的创作方法论。《特战荣耀》：以个性化人设突破套路《特战荣耀》以新兵燕破岳的成长经历为故事主线，聚焦年轻军人的成长，展现当代军人勇...', '<p>中新文娱北京4月29日电(刘越)昨日下午，军旅题材剧《特战荣耀》交流会在京举行。一众主创及嘉宾以线上交流的方式，探讨了当代影视作品该如何讲好中国军人故事的创作方法论。</p><p><img src=\'http://i2.chinanews.com.cn/simg/cmshd/2022/04/29/5325e317227e430bad7ec337460472cb.jpg\' /></p><p>《特战荣耀》：以个性化人设突破套路</p><p>《特战荣耀》以新兵燕破岳的成长经历为故事主线，聚焦年轻军人的成长，展现当代军人勇往直前、百折不挠的精神。导演徐纪周、制片人孙昊、军事指导黄汉森等主创团队成员在活动现场分享了该剧的拍摄经历和观众的认知反响。其中，孙昊提到，与其他军旅题材剧相比，《特战荣耀》拥有一大批忠实的“90后”剧迷，拓宽了年轻观众的圈层，这也许与原作IP的特性有关。</p><p>《特战荣耀》改编自网络小说《中国特种兵之特别有种》，无论是在情节的设置还是角色的塑造上，都具有网络文学的特点。和许三多等经典兵哥形象相比，燕破岳有点“拽”，非常有个性。因此部分观众认为，这个兵哥不符合大众对于传统型军人角色的想象。对此，导演徐纪周表示，原著IP是一篇典型的互联网兵王流爽文，爽文有爽文的特点，主创团队已经尽了最大的可能去把它合理化，在改编和原创之间努力寻找平衡。</p><p>而中国电影协会会长饶曙光则认为，“燕破岳”的人设是军旅题材剧与时俱进的一种创新表达：“可能很多人拿《特战荣耀》和《士兵突击》相比较，我觉得不同的时代，军旅题材的电视剧在守正创新方面应该有更多的追求。《特战荣耀》代表了电视剧工业化的新水平，囊括了很多演习、训练的场面，如果没有人物成长的支撑，没有其他信息的传递，这些很容易让人感觉到重复和拖沓。可能有一部分军事发烧友会觉得燕破岳有点‘拽’，但是一个有个性的人物，能够在第一时间最快、最有效地带入观众进入到剧情当中，这是最重要的。”</p><p>《特战荣耀》：青年演员呈现青春力量</p><p>在《特战荣耀》的主角演员阵容里，一水青春洋溢的面孔。饰演“燕破岳”的青年演员杨洋此前是学习古典舞的文艺兵，一直以来的荧屏形象都比较偶像派，为什么会选择他来出演这个角色？面对记者的提问，导演徐纪周直言，自己与杨洋属于“金风玉露一相逢，便胜却人间无数”，无他，实在太合拍了。</p><p>“我是射手座，他是处女座，我们俩超合。而且我也看过他之前的一些作品，我觉得这个孩子非常真诚。”徐纪周坦言，《特战荣耀》的剧本是为杨洋量身定做的：“我们俩属于双向选择。确定他之后，我着手创作剧本，那个人物基本上是努力贴着他来写的。”</p><p>同时，徐纪周对杨洋的表现赞不绝口。长达十个月的拍摄周期里，杨洋流血流汗不流泪的坚韧态度让徐导直言：“杨洋比我想的还要好，他太好了。合作到今天，他是最不吝虐自己的。”</p><p>除杨洋外，李一桐、蒋璐霞、孟阿赛等青年演员也生动诠释了真实军旅的日常状态，呈现出充满个性的青春力量。《广电时评》总编辑梁刚建评价，《特战荣耀》对年轻人的成长作出了深刻的心理剖析，不仅有着对于正统军旅剧精神的传承和延续，同时也没有陷入“军旅剧偶像化”的创作窠臼。剧中所展现的部队生活、新兵磨砺，艰苦的训练和演习等，都能让观众体会到年轻军人热血浓厚的青春气质。</p><p>而中国文联电视艺术中心副主任赵彤认为，“一代青春一代兵，一所军营一刃锋”，《特战荣耀》在新时代新军事变革条件下，很好地将青年观众的现实生活和军旅感情融合起来。(完)</p>', '中国新闻网', 'https://www.chinanews.com.cn/yl/2022/04-29/9742999.shtml', '2022-04-29 15:58:23', 'http://i2.chinanews.com.cn/simg/cmshd/2022/04/29/5325e317227e430bad7ec337460472cb.jpg', NULL, NULL, NULL, 0, 0, 0, 1651219103000, 1, 7, 1651759681184, 1651759681184);
INSERT INTO `news` VALUES (15791, '7c2cf187d0b7d41e9a5ba4b39ece6015', '《了不起！舞社》王霏霏被队员当面“挑衅”', '王霏霏被队员当面“挑衅” 《了不起！舞社》进入汇报演出倒计时每周六晚8点优酷独家播出的《了不起！舞社》经过前期入社摸底考试，队员们被分为了正式队员和预备队员。本周为决出具有领队能力的一线队员，王霏霏、程潇、李永钦TEN和赞多四位主理人将各自制定规则，为他们选定的正式队员进行加试。...', '<p>王霏霏被队员当面“挑衅” 《了不起！舞社》进入汇报演出倒计时</p><p>每周六晚8点优酷独家播出的《了不起！舞社》经过前期入社摸底考试，队员们被分为了正式队员和预备队员。本周为决出具有领队能力的一线队员，王霏霏、程潇、李永钦TEN和赞多四位主理人将各自制定规则，为他们选定的正式队员进行加试。同时队员们也在六个主题房间中选定心仪的主题，为第一次汇报演出做好充足准备。</p><p>加试名场面频出 赞多与队员贴面battle热舞</p><p>《了不起！舞社》第三期中，四位主理人分别公开了选拔一线队员的加试规则，赞多希望看到队员们随机应变的能力和发自内心的自信，因此他将与选中的四位队员进行1v1的车轮战battle，被选中的队员之一张艺凡不仅尽情展现出女性的柔美和妩媚，更时不时与赞多贴面热舞，battle顿时转变成为热辣双人舞现场；与张艺凡不同的是，赞多和赖威尔则是硬核的针锋对决，让现场其他人过足了眼瘾；不擅长battle的陈书艺将重点放在了展示自己的自信，收获了赞多的肯定；毛郑茜则略显“害羞”一直与赞多拉开距离，让苏有朋也按捺不住怂恿的心。车轮战battle让大家看到了队员的自信，更看到了主理人赞多的强大实力。</p><p>李永钦TEN以舞蹈改编为题向队员提出加试要求，三人一组不仅要求队员的组织能力，更初步考验小组的齐舞能力。杨雅婕、露比和大丽在三十分钟内编排出的既有整齐度又有个人发挥空间的舞蹈让李永钦TEN赞不绝口。程潇则更看重队员的编排能力，李美慧以一如既往的强大舞台张力和充沛情感感动众人，刘娇妮则用毋庸置疑的编舞能力征服了主理人。</p><p>王霏霏更看重队员的舞台表现力，因此大胆地让剩余的正式队员参与她的加试，队员们可以在不同风格音乐中自由起舞，再由王霏霏从中选出心仪的一线队员。队员们在音乐中可谓是放飞自我，与主理人大胆互动。不仅有学院派的杨诗语主动靠近深情抚摸王霏霏的脸庞，更有陶子当场以舞蹈“挑衅”王霏霏，展现出极强的进攻性。一番“狂欢”后，连王霏霏都不禁大喊：“你们还记得这是一个考试吗？”究竟还有哪些队员“大展神通”，成为一线队员？值得我们期待。</p><p>经过加试，队员们可以在六大主题房间中选择自己心仪的风格，她们因共同的喜好组成了六支队伍，开始团队协作，共同完成齐舞作品。第一次汇报演出前队员们仅有两周排练时间，更为严苛的是，四天后社长及主理人还会进行中期考核，被划为待定的队员将有可能无法登上汇报演出的舞台。</p><p>排练的过程远没有想象中的顺利，时常单打独斗的舞者们不仅要面对齐舞这个难题，更遇到了从没跳过的舞种。队员水平的不平均、队形难以编排、不断迫近的中期考核……每个队伍都遇到了形形色色的困难，B-girl JoJo感慨：“我求求 把我淘汰了吧”、顾逸舟带着哭腔电话中说“我现在感觉自己真的很不合适”、甚至还有吕雪想要直接放弃上舞台的机会。中期考核时社长苏有朋和主理人王霏霏、程潇也都对队员们的表现并不满意，团队蜕变迫在眉睫。</p><p>六支队伍将会如何跨过眼前的重重阻碍，能否全员登上汇报演出的舞台？队员们的齐舞之路才刚刚开始，她们会有哪些精彩表现？周六晚8点，优酷独播的《了不起！舞社》正式揭晓。</p>', '中国新闻网', 'https://www.chinanews.com.cn/yl/2022/04-29/9743055.shtml', '2022-04-29 15:56:07', NULL, NULL, NULL, NULL, 0, 0, 0, 1651218967000, 1, 7, 1651759681195, 1651759681195);
INSERT INTO `news` VALUES (15792, 'bce73ee4dab4b2d88829a1adb948397a', '宝藏老人奏响青春之歌 《吾家吾国》深情致敬劳动者', '宝藏老人奏响青春之歌 《吾家吾国》深情致敬共和国最年长的劳动者国际在线消息：由中央广播电视总台新闻中心、新闻新媒体中心、创新发展研究中心联合打造的《吾家吾国》自去年9月30日首播以来，先后登陆国庆档、元旦档和新春档，持续为观众奉上温暖隽永的节日精神陪伴。“宝藏爷爷奶奶”们梦想常青...', '<p>宝藏老人奏响青春之歌 《吾家吾国》深情致敬共和国最年长的劳动者</p><p>国际在线消息：由中央广播电视总台新闻中心、新闻新媒体中心、创新发展研究中心联合打造的《吾家吾国》自去年9月30日首播以来，先后登陆国庆档、元旦档和新春档，持续为观众奉上温暖隽永的节日精神陪伴。“宝藏爷爷奶奶”们梦想常青、信念不老的超燃人生图鉴，感染了无数的年轻人。</p><p>值“五一”“五四”双节之际，这档针对国之大家的挖掘式纪实采访节目，又要特别加更了！4月30日到5月4日，《吾家吾国》将在央视新闻频道，央视新闻客户端及新媒体全平台上线！</p><p>全新推出的五期节目，将随着主持人王宁的视角，分别走近98岁的草地农业科学家任继周、90岁的中国载人航天工程首任总设计师王永志、88岁的著名表演艺术家王晓棠、87岁的著名语言学家陆俭明及76岁的粒子物理学家陈和生。</p><p>这些可爱可敬的老先生既是共和国最年长的一批劳动者，又是一群不言退休、朝气蓬勃的“白发少年”。借着节目播出，《吾家吾国》希望向他们致以深情的节日问候，同时由他们向更多观众讲述“因为奋斗不息，所以青春永驻”的热血故事。</p><p>无论时代如何变迁，他们奋斗的底色始终不变</p><p>《吾家吾国》所聚焦的高龄大家们，见证了新中国从“站起来”到“富起来”再到“强起来”的全过程。在每个历史时期，他们都以不变的奋斗底色、不变的奋斗情怀、不变的奋斗品格，勇挑时代赋予他们的使命和责任。在“五一”劳动节之际，《吾家吾国》翻开老先生们厚重的人生之书，每一页都是“劳动最光荣”的有力注脚。</p><p>作为我国现代草业科学的开拓者，在投身草业的七十多年里，任继周院士为我国草业科学教育和科技立下了汗马功劳。在接受王宁采访时，他却一直说自己对社会贡献不够，“舀一瓢水，没还一桶”。今年已经98岁高龄的他，每天坚持工作和学习。为了让自己“分秒必争”，任老的家里挂着很多钟表：“这个年龄，我能做多少就做多少，我要珍惜我借来的三竿又三竿的时间。”</p><p>60岁那年，王永志被任命为中国载人航天工程总设计师。“火箭排云上九重，惊弦霹雳震长空。”从研制导弹到运卫星上天，再到送中国人遨游太空，伴随中国载人航天工程整整走过的三十年，王永志也实现了他人生的“三步走”。现在，他正做着更大的航天梦：“空间站建起来了，在月球上是不是也能建个站呢？”</p><p>“我把耕耘本身、创作过程本身看得更重要些，自由自在、投入式的创作似乎比成就感、人们的承认更重要，它已经成为我的一种生存方式了”，在著名表演艺术家王晓棠的身上，始终有一股永不停息的创造、奋进精神。终身修炼自我，讲述人民故事，她用脚踏实地的奉献，诠释着“艺术源于人民、艺术为了人民”的真谛。</p><p>“辞书修订无止境，因为语言是随着社会的发展而发展变化的，社会发展很快”，著名语言学家陆俭明说。从《汉语成语小词典》到《现代汉语词典》，每一次的修订，每一版的编写，都凝聚了陆老对工作无尽的热爱。2010年从北京大学退休后，他和夫人马真一起把三分之二的时间都投在国内外汉语语言研究的宣讲，他们的学生遍布世界。</p><p>《吾家吾国》的采访并不好约，因为老先生们实在太忙了。比如王宁约好采访粒子物理学家陈和生院士的当天，正赶上陈院士参加一个会议。在过去十多年的时间里，他作为总指挥带领团队不懈奋斗，建成了我国迄今单项投资规模最大的国家重大科技基础设施——散裂中子源。而今，他依然坚守在科研一线，为“国之重器”殚精竭虑，筑梦不息。</p><p>有一分热，发一分光。与其说《吾家吾国》要展示的是“莫道桑榆晚，为霞尚满天”的暮年壮志，更不如说它希望传递给观众的是“只争朝夕，不负韶华”的时代态度。老先生们作为劳模精神、劳动精神和工匠精神的践行者和传承者，必将用他们凝练一生的智慧箴言，激发更多观众思考自己工作的意义、审视自己工作的态度，学习在与时俱进中不断成长，并被鼓舞着在追求和奋斗中实现更大的人生价值。</p><p>胸怀远大，把追梦的心系于国家和民族的未来</p><p>“五一”劳动节赋予每个劳动者以浓浓的自豪感，“五四”青年节给予每个年轻人以强烈的使命感。两个节日连在一起，鲜明传递着“青春由磨砺而出彩，人生因奋斗而升华”的时代强音。</p><p>《吾家吾国》节目如其名，“家国同构”意识深深融进了这些国之大家的血液。在人生的漫漫奋斗中，他们从立学、立业到立功，始终把我运、家运、国运紧紧系在一起。过去的节目中，从老先生们激情燃烧的青春往事，到不言老去的青春心态，都深深感染着当下的年轻人。而在即将上线的五期节目中，“青春之歌”将被再度奏响。</p><p>在成长的起点，他们是如何树立起了坚守一生的目标？</p><p>1932年，王永志出生在沦陷的东北。亡国奴的屈辱记忆，让王永志对“爱国”有了真切的感受。当听闻美国飞机在朝鲜战场上狂轰乱炸，一个18岁的少年意识到，家和国都需要强大的国防来守护。1952年，王永志如愿考上清华大学航空系学习飞机设计专业，后又因为国家需要改学火箭导弹设计专业。攻坚克难时，他带头冲锋陷阵：“听党的话跟党走，党让干啥就干啥，不管干啥都干好它，这是我的座右铭！”</p><p>1943年，任继周考入国立中央大学学习畜牧专业。大家都很不解，一个成绩优异的学生为何选择如此冷门的专业？任继周的答案是“我想改善国民营养”。这个朴素的为国为民的信念，指引他一生专业致学。1956年，33岁的任继周在海拔3000多米的甘肃天祝县乌鞘岭马营沟建立了我国第一个高山草原试验站，“夜闻狼嚎传莽野，晨看熊跡绕帐房”，身上爬满虱子，但他不以为苦，反而觉得那段经历带给他更多的是福气。</p><p>陆俭明1955年入学，1956年入党。他说“就是因为共产党来了，我才能上学念书”，所以“国家的需要就是我的志愿”。国之所需，我之所愿——简单的几个字，正是节目中所有大家共同的心声。</p><p>1984年，拿到美国麻省理工学院博士学位后不久的陈和生，听从热爱和使命的召唤回到祖国，成为我国第一个博士后。他如今对年轻人的期望，也是他年轻时对自己的要求，那就是一定要把自己的所学、所知，用在国家需要的地方。</p><p>《吾家吾国》所聚焦的人物来自各个行业、各条战线，但他们身上有着高度相似的优秀品质，那就是把一颗追逐梦想的心系于祖国和民族的未来，把青春智慧和青春力量转化为推动经济发展、社会进步、人民幸福的生动实践，以青春之我、奋斗之我，为民族复兴铺路架桥，为祖国建设添砖加瓦。</p><p>奋斗是青春最亮丽的底色，而在启航之时就将奋斗定格为人生的总基调，将是青年人一辈子的宝贵财富。4月30日起，让我们再度共同走进“宝藏爷爷奶奶”们的燃情记忆，看《吾家吾国》，修吾心吾身！</p>', '中国新闻网', 'https://www.chinanews.com.cn/yl/2022/04-29/9743026.shtml', '2022-04-29 15:26:54', NULL, NULL, NULL, NULL, 0, 0, 0, 1651217214000, 1, 7, 1651759681213, 1651759681213);
INSERT INTO `news` VALUES (15793, 'e893e081aad3e2fa74d06367768ec6d2', '《奔跑吧》第十季定档5月13日温暖开跑！', '奔跑不停，爱你不变！《奔跑吧》第十季定档5月13日温暖开跑！中国网4月29日讯 今日，浙江卫视《奔跑吧》第十季官宣定档，将于5月13日起每周五20:20播出。九年，十季，《奔跑吧》不断注入新鲜血液，不断创新节目形式，始终坚持“奔跑”精神，在给观众带来欢乐陪伴的同时，也向大众传递着...', '<p>奔跑不停，爱你不变！《奔跑吧》第十季定档5月13日温暖开跑！</p><p>中国网4月29日讯 今日，浙江卫视《奔跑吧》第十季官宣定档，将于5月13日起每周五20:20播出。九年，十季，《奔跑吧》不断注入新鲜血液，不断创新节目形式，始终坚持“奔跑”精神，在给观众带来欢乐陪伴的同时，也向大众传递着新时代的拼搏正能量。在节目组正式发布的本季定档宣传片中，兄弟团回顾一路走来的“变”与“不变”，展现了一直以来的成长与坚守。</p><p><img src=\'http://i2.chinanews.com.cn/simg/cmshd/2022/04/29/d94bd3e05e5c4537aefd90462b947e59.jpg\' /></p><p>宣传片中，兄弟团向观众也向自己发出提问：“从2014到2022，那些你习惯的、热爱的、思念的、梦想的、在乎的、珍视的、骄傲的、坚守的一切，都变了吗？”随着一帧帧往季节目画面闪过，我们看到了成员们一路走来的变化，也看到了他们始终不变的——“追求快乐的脚步”、“迎接挑战的勇气”、“挺身而出的情谊”、“不言放弃的精神”以及“与观众的连接”。无论是每一个“改变”，还是每一个“不变”，都记录着《奔跑吧》与观众相伴的十季美好时光，其中有共同成长，也有初心不变。正如宣传片结尾所说，“奔跑不停，爱你不变”！</p><p><img src=\'http://i2.chinanews.com.cn/simg/cmshd/2022/04/29/fdb8fe5a77d746f4b18394de65ca724f.jpg\' /></p><p>与宣传片同时发布的还有兄弟团成员的定档视频。《奔跑吧》第十季，兄弟团成员们纷纷为大家整了点“实际”的。李晨变身“课代表”，上线划知识点；杨颖现场派发红包，带来惊喜；郑恺欢乐邀请观众一起“整点快乐”；沙溢定下了十个全方位锻炼的“小目标”；蔡徐坤表示“第十季要使劲奔跑，不整点能量怎么行”；白鹿现场“面试”，挑战翻跟头后速写毛笔字；周深则大秀才艺，手拿小喇叭，用一口方言“喊话”定档。兄弟团的花式定档，让网友直呼“太会‘整’了！”，点燃了观众对《奔跑吧》第十季的满满期待。</p><p>本季节目中，七位各具特色的MC将迎来哪些全新的挑战？他们又将擦出怎样的火花？5月13日起每周五20:20，浙江卫视《奔跑吧》第十季温暖开跑，敬请期待！</p>', '中国新闻网', 'https://www.chinanews.com.cn/yl/2022/04-29/9743023.shtml', '2022-04-29 15:25:37', 'http://i2.chinanews.com.cn/simg/cmshd/2022/04/29/d94bd3e05e5c4537aefd90462b947e59.jpg', 'http://i2.chinanews.com.cn/simg/cmshd/2022/04/29/fdb8fe5a77d746f4b18394de65ca724f.jpg', NULL, NULL, 0, 0, 0, 1651217137000, 1, 7, 1651759681217, 1651759681217);
INSERT INTO `news` VALUES (15794, '55cbaf5f495ac7ab3a2b808fc18a5ebf', '互联网巨头原有商业模式面临挑战', '互联网巨头原有商业模式面临挑战欧洲议会、欧洲理事会和欧盟委员会日前就《数字市场法案》达成一致，旨在限制谷歌、苹果、亚马逊、元宇宙(原名脸书)等互联网科技巨头。领导欧洲议会谈判《数字市场法》的德国议员安德烈亚斯·施瓦布表示：“该协议开启了全球科技监管的新时代。”欧洲议会在3月24日...', '<p>互联网巨头原有商业模式面临挑战</p><p>欧洲议会、欧洲理事会和欧盟委员会日前就《数字市场法案》达成一致，旨在限制谷歌、苹果、亚马逊、元宇宙(原名脸书)等互联网科技巨头。</p><p>领导欧洲议会谈判《数字市场法》的德国议员安德烈亚斯·施瓦布表示：“该协议开启了全球科技监管的新时代。”</p><p>欧洲议会在3月24日夜间发布的声明中说，经过近8小时的三方会谈，欧盟立法者就《数字市场法案》达成临时协议。《数字市场法案》将限制被认定为“看门人”的互联网巨头的某些行为，使欧盟委员会能够对其进行市场调查并制裁其不合规行为。</p><p>根据该法案，“看门人”企业指那些提供社交网络、搜索引擎等“核心平台服务”的大企业，其市值至少为750亿欧元或年营业额75亿欧元，需在欧盟每月至少有4500万终端用户，每年有1万名商业用户，并且在至少三个欧盟成员国提供核心服务。</p><p>对于这些已经形成绝对垄断的“看门人”企业，法案树立了严格的规范与标准。</p><p>法案规定，“看门人”企业必须使它们的信息服务具有互操作性，即允许其他企业用户访问数据，且企业用户能够在“看门人”企业提供的平台上推广与该平台竞争的产品和服务，也可以与平台外的客户达成交易。</p><p>此外，“看门人”企业只有在获得用户明确同意的情况下，才可将个人数据用于有针对性的广告；要允许用户自由选择浏览器、虚拟助手或搜索引擎等。</p><p>如果相关企业违反《数字市场法案》，将面临高达其前一财政年度全球年营业额最多10%的罚款，以及高达20%的再犯罚款；若“看门人”企业多次违反法规，欧盟委员会将动用垄断审查的大棒，即否决该企业的一切收购提案。</p><p>据悉，《数字市场法案》还将交由欧洲议会和欧洲理事会批准，但由于该法案已是多方协商之后的版本，此后的审批主要是完成法律程序，预计法案将于今年10月正式生效。</p><p>2020年12月15日，作为限制互联网巨头的新工具，欧委会正式开始起草两份数字法案。除了刚刚公布的《数字市场法案》之外，还包括其姐妹篇《数字服务法案》。</p><p>这一系列法规的出台意味着，相关巨头企业本已习以为常的诸多商业模式都有可能成为涉嫌违反法律的灰色地带。</p><p>有媒体指出，亚马逊使用自家平台上其他卖家的流量数据为自营产品进行优化，元宇宙和谷歌在消费者不知情的情况下使用个人数据进行个性化广告推广，苹果规定所有移动应用都应当通过苹果商店进行安装，谷歌和苹果在应用商店之中优先使用自家支付平台，海外版安卓手机几乎都将Chrome作为默认浏览器等等行为，未来都将成为该法案的打击对象。</p><p>因此，该法案遭到了互联网巨头企业的一致反对。根据欧洲企业观察站的数据，自2019年底本届欧盟委员会成立以来，大型科技公司与欧盟官员之间的会议，仅记录在案的就有150多次，涉及103个组织。</p><p>苹果公司近日表示，法案的条款可能为用户带来不必要的隐私和安全漏洞；此外，部分条款将使苹果无法向知识产权收费。谷歌称，担忧该法案将会减少欧洲地区的创新能力。</p><p>不过，随着相关法案逐步落地，互联网巨头已开始将注意力转移到如何适应新的“游戏规则”上。据报道，苹果、谷歌、亚马逊的法律团队已经在考虑建立新的合规部门，以适应欧盟的数字法案。</p><p>根据欧盟此次公布的法案，定义“看门人”企业的标准相当高，目前在欧盟国家范围内甚至几乎找不出此类企业，这使得外界普遍怀疑欧盟该法案完全就是为美国大型互联网企业量身定制。</p><p>美国商会在其报告中表示，法案似乎是为所有公司都提供形式上相同的待遇，但实际上，这些规则经过精心设计，仅适用于一些总部设在美国的公司。</p><p>报告称，“我们对一些欧盟政策制定者试图以牺牲美国在欧主要投资者的利益为代价来增强欧盟数字竞争力的行为感到担忧。”</p><p>近年来，欧盟国家数字市场的利润空间已几乎被以美国企业为主的科技巨头所垄断。数据显示，元宇宙平台公司在欧洲拥有约4亿用户，创造其全球收入的25%；谷歌在多数欧盟成员国的搜索市场份额也超过90%。</p><p>有评论认为，一直以来，在互联网科技领域落后于美国的欧洲始终希望通过打压硅谷企业、扶持本土公司等方式来维护数字主权。此前的《欧盟芯片法案》、Gaia-X欧洲云计划以及《通用数据保护条例》等都在此背景下于近年密集出台。</p><p>不过，在全世界范围内，互联网巨头企业近年来遭遇的反垄断调查和诉讼并不鲜见，且呈现愈演愈烈之势。</p><p>就在欧盟推出数字法案的同时，据美媒报道，美国司法部门已决定支持一项针对美国大型科技企业的反垄断法案，即《美国创新与选择法案》。美国司法部门在3月28日的一封信中表示，鉴于大型科技企业利用自身主导地位影响其它企业的命运，限制大型平台将带来巨大的收益。</p>', '中国新闻网', 'https://www.chinanews.com.cn/it/2022/04-01/9716688.shtml', '2022-04-01 01:51:20', NULL, NULL, NULL, NULL, 0, 0, 0, 1648749080000, 1, 1, 1651806481013, 1651806481013);
INSERT INTO `news` VALUES (15797, '1eb5777a4db8860ee1d7e40b3709503d', '明确了！广东5月起生育子女无须再审批', '文/羊城晚报全媒体记者 张华 通讯员 粤卫信记者近日从广东省卫健委获悉，从5月1日起《广东省卫生健康委生育登记管理办法》实施。《办法》明确了生育子女无须再审批，实行全口径生育登记制度，并在登记流程、办理材料和办理时限等方面更加优化、更加便民。生育登记凭证仅作为人口监测的工作手段《...', '<p>文/羊城晚报全媒体记者 张华 通讯员 粤卫信</p><p>记者近日从广东省卫健委获悉，从5月1日起《广东省卫生健康委生育登记管理办法》（以下简称《办法》）实施。《办法》明确了生育子女无须再审批，实行全口径生育登记制度，并在登记流程、办理材料和办理时限等方面更加优化、更加便民。</p><p>生育登记凭证仅作为人口监测的工作手段</p><p>《办法》明确了登记的性质与内容，体现便民惠民理念。记者发现，《办法》将“生育登记证明”更改为“生育登记凭证”，并明确了“生育登记凭证是办理机构为登记人办理生育登记时出具的凭证，不作为相关生育行为是否符合《条例》的依据”，强调了生育登记的中立性和客观性，仅作为人口监测的工作手段，而不再成为制约群众生育的工具。</p><p>同时，为实现出生人口监测工作的全覆盖，及时掌握群众的生育意愿，对办理生育登记的登记主体，在保留以往好的经验做法基础上，也作了拓展。一是延续了未婚生育人群可以办理生育登记的规定；二是不限定登记主体的户籍，在本省居住的外省户籍人口均可办理生育登记；三是不限定办理生育登记的孩次，不管是三孩以内还是三孩以上，均可以办理生育登记；四是不限定办理的地点，不管是户籍地还是现居住地，均可以办理登记登记。</p><p>取消审批事项，对生育行为统一施行登记服务</p><p>另外，《办法》还取消了审批事项，凸显法定义务。据记者了解，在“三孩生育政策”实施前，符合原《条例》规定的再生育条件的人群，也需要经过审批后才能生育。新《条例》实施后，彻底改变了之前的生育登记和再生育审批管理模式，对所有生育行为统一施行登记服务。《办法》规定的生育登记属于法定的行政登记，“凡生育子女的，均应办理生育登记”。生育登记一般应在子女出生前办理，未及时办理的在子女出生后也可补办。办理机构也要及时转变工作理念，从过去的审批管理转变为提供登记服务，方便群众，服务群众。</p><p>优化办理流程，提供便民惠民服务</p><p>《办法》的实施将进一步优化办理流程，提高生育登记效率。据了解，在生育登记时，身份证或户口簿之外的证件或材料均无需再提供，也不允许各地自行增加其他诸如怀孕证明等材料。在办理的过程中，生育登记办理平台加强政务数据共享，登记人相关证件大多数情况均可直接调取电子证照，免予手动提交，最大幅度减少群众提交的资料。</p><p>实施登记时，就近便民。在办理地点上，规定了“登记人可在户籍所在地或现居住地办理生育登记”。而且在完成办理生育登记后同时生成《生育登记凭证》电子证照，方便群众在办理其它事项时可以直接调用《生育登记凭证》的电子证照。</p><p>为便民惠民的服务，具备网上办理条件的地区，都要推广实行网上受理、网上办理、网上反馈，实现办理进度和办理结果网上实时查询；暂不具备网上办理条件的地区，要通过多种方式提供全程在线咨询服务，及时解答群众疑问。</p>', '羊城晚报', 'http://news.youth.cn/sh/202205/t20220506_13670497.htm', '2022-05-06 13:13:00', NULL, NULL, NULL, NULL, 0, 0, 0, 1651813980000, 1, 8, 1651836693532, 1651836693532);
INSERT INTO `news` VALUES (15798, 'ed5ee9e62a7e868fa8d5a7582e22aa84', '这列慢悠悠的绿皮车为啥人人叫好？', '新华社乌鲁木齐5月6日电 题：记者手记：这列慢悠悠的绿皮车为啥人人叫好？新华社记者邵艺博、关俏俏穿越天山山脉，行驶在塔克拉玛干沙漠边缘，“和田玉龙号”列车像一条绿色“长龙”穿行在戈壁大漠，将新疆首府乌鲁木齐与和田玉的故乡紧密相连，被沿线南疆群众称为“金火车”。一列看似与中国铁路发...', '<p>新华社乌鲁木齐5月6日电 题：记者手记：这列慢悠悠的绿皮车为啥人人叫好？</p><p>新华社记者邵艺博、关俏俏</p><p>穿越天山山脉，行驶在塔克拉玛干沙漠边缘，“和田玉龙号”列车像一条绿色“长龙”穿行在戈壁大漠，将新疆首府乌鲁木齐与和田玉的故乡紧密相连，被沿线南疆群众称为“金火车”。</p><p>一列看似与中国铁路发展“背道而驰”的绿皮“小慢车”，咋就成了人人叫好的“金火车”？</p><p>每天上午9点30分，伴随一声汽笛长鸣，“和田玉龙号”列车都会准时从和田站出发，历时约32小时，途经21个车站，到达乌鲁木齐，全程1960公里。与普通火车不同，这是中国铁路乌鲁木齐局集团有限公司开行的唯一一趟公益性“慢火车”。</p><p>位于新疆南端的和田地区，受制于恶劣的自然环境，那里的居民出行很不方便。2011年6月，首趟“和田玉龙号”旅客列车正式开行，结束了和田地区不通火车的历史，极大地改变了南疆居民的出行方式。</p><p>“这趟车开车时间点好、票价低，比如从和田到喀什近500公里，硬座只要53块钱，是很多南疆老百姓出行的首选。”“和田玉龙号”列车长坡拉提汗说。</p><p>坡拉提汗负责这列“小慢车”的乘务工作已有9年，他精通汉语、维吾尔语和哈萨克语，热情周到的他和沿线群众早已打成一片，每周他有一半时间“住”在“和田玉龙号”上。</p><p>“这趟列车一共有66个停靠站点，平均每30分钟停一次。沿线的一些小车站只有一两个乘客，但是这些‘一个人的车站’仍然被保留了下来。”坡拉提汗说。</p><p>“小慢车”上的温暖不止如此。行走在车厢内，一些卧铺上系的艾德莱丝绸带分外显眼。</p><p>这种绸带并不是用来装饰的，而是用来标识需要更多帮助的旅客，根据需求提供差异化服务。坡拉提汗说：“比如对于行动不便的旅客，我们会协助上下车，并且提前联系好车站做好准备工作；对于不会使用智能手机就医的老年人会帮助他们预约挂号……”</p><p>无论是就医、访友，抑或是远方求学，这趟“小慢车”的作用都不可替代。它是连接南北疆的“便民车”，也是沿线百姓的“致富车”。</p><p>开在沙漠边缘的“流动巴扎”成为“小慢车”上的一大特色。“巴扎”在维吾尔语里是集市的意思。</p><p>“核桃木做的勺子5元、小碗25元、花帽30元……”列车刚过喀什地区莎车县，“流动巴扎”便“开张”了。很多沿线农民都登上这趟列车，售卖自己家的农产品、手工艺品。</p><p>为了帮助沿线群众销售南疆特产，“这趟车除了提供日常客运服务，还成了沿线农户销售特色农产品及手工艺品的销售平台。”坡拉提汗说。</p><p>2018年9月，列车沿线的核桃、石榴成熟了。得知农户们的农产品卖不出去，他便萌生了在列车上开办“流动巴扎”的想法，带领乘务员帮助农户售卖。</p><p>从那以后，秋天丰收时节，“核桃哥”“大枣姐”“巴旦木兄弟”们成了这趟车的常客，许多新疆特色的农产品成了公益“小慢车”上的热门产品。</p><p>阿不里米提・亚森经常带着自己做的特色馕搭乘列车从和田到喀什去赶“巴扎”，一趟车卖200多个馕，是他最好的“战绩”。</p><p>“阿不里米提・亚森让我印象很深，之前他上车总带一个零钱包，去年我突然发现他不再拿钱包了，而是换成了一部智能手机，他说这样更方便收款了。”坡拉提汗笑着说，“之前窗外的房子都是破破烂烂的，现在建起了很多高楼，我在火车上这些年亲眼看到南疆的发展。”</p><p>看到火车上的“巴扎”这么受欢迎，曾见证和田通车历史的乘务员玛依然・赛买提又有了将列车“巴扎”拓展到线上的想法。去年“玉龙号列车扶贫农副产品”小程序上线，线上销售模式既方便了旅客，也方便了农户。</p><p>“和田玉龙号”上的一个厚厚的留言本，记录了旅客们对于这趟“小慢车”最真实的感情。“希望‘小慢车’越来越好”是其中的高频词。正如旅客在留言本上写道：“小慢车在充满希望的戈壁上，承载着梦想，越来越好……”“千言万语也道不尽坐这列车的美好感受。”</p>', '新华网', 'http://news.youth.cn/sh/202205/t20220506_13670478.htm', '2022-05-06 13:07:00', NULL, NULL, NULL, NULL, 0, 0, 0, 1651813620000, 1, 8, 1651836693543, 1651836693543);
INSERT INTO `news` VALUES (15799, '3d7cbf98a9656084d335dbe2f0003235', '“墨子号”实现1200公里地表量子态传输', '中国青年报客户端合肥5月6日电记者从中国科学技术大学获悉，潘建伟院士及其同事彭承志、陈宇翱、印娟等利用“墨子号”量子科学实验卫星，首次实现地球上相距1200公里两个地面站之间的量子态远程传输，向构建全球化量子信息处理和量子通信网络迈出重要一步。相关成果日前在线发表于《物理评论快报...', '<p>中国青年报客户端合肥5月6日电（王敏 中青报・中青网记者 王海涵 王磊）记者从中国科学技术大学获悉，潘建伟院士及其同事彭承志、陈宇翱、印娟等利用“墨子号”量子科学实验卫星，首次实现地球上相距1200公里两个地面站之间的量子态远程传输，向构建全球化量子信息处理和量子通信网络迈出重要一步。相关成果日前在线发表于《物理评论快报》。</p><p>2012年，潘建伟团队在国际上首次实现百公里自由空间量子隐形传态。10年过去了，团队又刷新了1200公里地表量子态传输的新纪录。</p><p><img src=\'http://news.youth.cn/gn/202205/./W020220506454760614533.png\' /></p><p>千公里量子态传输 中国科大供图</p><p>远距离量子态传输通常可以利用量子隐形传态来实现，是构建量子通信网络的重要实现途径之一，也是实现多种量子信息处理任务的必要元素。通过远距离量子纠缠分发的辅助，量子态可通过测量然后再重构的方式完成远距离的传输，传输距离在理论上可以是无穷远。</p><p>但在实现中，量子纠缠分发的距离和品质会受到信道损耗、消相干等因素的影响。利用星载纠缠源向遥远的两地先进行纠缠分发，再进行量子态的制备与重构，是实现远距离量子态传输的最可能路径之一。由于大气湍流影响，光子在大气信道中传播后，实现基于量子干涉的量子态测量非常困难。</p><p>为克服难题，实验团队利用光学一体化粘接技术实现了具有超高稳定性的光干涉仪。又结合基于双光子路径-偏振混合纠缠态的量子隐形传态方案，在云南丽江站和德令哈地面站之间完成了远程量子态的传输验证。并且在实验中对六种典型的量子态进行了验证，传送保真度均超越了经典极限。</p><p>审稿人认为，“这个实验克服了重大的技术挑战，对未来量子通信的应用具有重要意义。”</p>', '中国青年报客户端', 'http://news.youth.cn/gn/202205/t20220506_13670401.htm', '2022-05-06 12:37:00', 'http://news.youth.cn/gn/202205/./W020220506454760614533.png', NULL, NULL, NULL, 0, 0, 0, 1651811820000, 1, 8, 1651836693552, 1651836693552);
INSERT INTO `news` VALUES (15800, '97f52ea3bf6a15fafa73b31ba16ac001', '北交所上市公司和新三板挂牌公司年报显示――中小企业韧性与活力增强', '截至2022年4月30日，全部89家北京证券交易所上市公司均披露了2021年年报。截至2022年4月30日，6061家新三板挂牌公司披露了2021年年报，披露率90.73%，尚有部分挂牌公司因近期新冠肺炎疫情等因素影响未按期披露2021年年报。北交所与新三板坚持服务创新型中小企业...', '<p><img src=\'http://news.youth.cn/gn/202205/./W020220506438172126248.jpg\' /></p><p>截至2022年4月30日，全部89家北京证券交易所上市公司均披露了2021年年报。截至2022年4月30日，6061家新三板挂牌公司披露了2021年年报，披露率90.73%，尚有部分挂牌公司因近期新冠肺炎疫情等因素影响未按期披露2021年年报。</p><p>北交所与新三板坚持服务创新型中小企业，打造服务创新型中小企业主阵地，成为创新型中小企业聚集地。从年报数据可以窥见我国中小企业发展状况。</p><p>2021年，新三板6061家挂牌公司全年共实现营业收入14573.31亿元，同比增长17.31%；净利润606.21亿元，同比增长14.74%，较2019年增长22.08%。超七成公司实现盈利，超五成公司实现净利增长。挂牌公司平均净资产收益率6.84%，提高0.53个百分点；实现经营现金流量净额1098.55亿元，有4040家公司经营现金净流入，均高于上年同期。</p><p>龙头企业发挥“领头雁”作用，356家公司净利润超5000万元，共创造净利润409.85亿元，占盈利公司的45.61%，平均净资产收益率13.35%，平均净利润增速45.05%，均高于市场整体水平。</p><p>披露海外实绩的挂牌公司全年境外营业收入较上年增长28.14%，近两年复合增长率为18.24%。其中，机动车零配件、家电及休闲等可选消费品出口金额涨幅最大，达47.49%。</p><p>北京证券交易所89家上市公司共实现营业收入668.9亿元，净利润72.5亿元，同比分别增长31.1%、23.8%，净利润中位数4629万元。88家上市公司2021年实现盈利，盈利面达99%。整体上看，面对复杂严峻的国内外形势和诸多风险挑战，经营保持稳健，创新驱动作用增强。</p><p>创新层公司充分发挥了新三板市场的“中坚力量”。1197家创新层公司2021年共实现营业收入6718.10亿元，净利润316.73亿元，分别占全市场总额的46.10%、52.25%，盈利面超八成，平均净资产收益率9.07%，高出市场水平2.23个百分点。</p><p>基础层4864家公司共实现营业收入7855.20亿元，净利润289.48亿元，分别同比增长17.40%、33.21%，净利润近两年复合增长率为16.62%；平均净利率、净资产收益率分别较上年提高0.44个、1.20个百分点。</p><p>北交所定位于服务创新型中小企业的主阵地，已初步形成聚集效应。北京证券交易所89家上市公司公开发行融资188.9亿元，平均每家2.1亿元，上市公司营业收入大幅增长的同时，期间费用率同比下降1.2个百分点。54家上市公司净利润同比正增长，17家公司净利润增幅超过30%，净利润5000万元以上的公司占比近半数。全球锂电池负极材料龙头贝特瑞实现净利润14.4亿元，同比增长191.4%，碳纤维原丝国内龙头吉林碳谷实现净利润3.1亿元，同比增长126.1%。19家公司属于工信部专精特新“小巨人”，9家公司参与国家、行业标准制定，2家公司获得国家科技进步奖。电池生产企业长虹能源“碱电+锂电”双核心布局，建成目前西部最大的“高倍率圆柱锂电池”生产基地。军民伺服器供应商星辰科技产品多次服务于“天宫”“神舟”系列飞船测控等国家航天工程。</p><p>2021年，北交所上市公司研发支出合计30.4亿元，研发强度达4.7%，是规上企业平均水平的3.3倍。22家上市公司实施股权激励或员工持股计划，合计对1880名员工进行激励，授予或行权价格平均为市场参考价的67%，有效调动了员工积极性，激发上市公司创新活力。2021年北交所上市公司实现境内收入541.8亿元，同比上升29.5%；境外收入127.1亿元，同比上升38.5%。</p><p>随着新三板改革的深入推进，新三板市场呈现出对优质中小企业吸引力更强、覆盖面更广的良性市场生态。2021年，挂牌公司累计研发投入492.11亿元，同比增长15.69%，近六成公司研发投入增长，近两成公司研发强度超过10%，科研技术人员数量较上年增长2.91%，多家公司研发项目取得突破性进展。2275家高技术制造业、服务业成为推动挂牌公司创新发展的生力军，研发强度达5.51%，研发投入241.49亿元，占全市场比例为49.07%。</p><p>目前，新三板战略性新兴行业超七成公司从事集成电路、5G应用、物联网、人工智能等热点行业，近两年吸收投资及资本性支出年均复合增长率均超10%。</p><p>全国股转公司相关部门负责人表示，近一年来新挂牌的116家公司中，有6家在挂牌的同时进入创新层。新挂牌公司业绩较好、盈利能力较强，净利润中位数为1026.77万元，平均净资产收益率14.05%，均优于存量挂牌公司；具有较为鲜明的创新属性，近半数属于先进制造业，专注于新材料、关键工业零部件及汽车零部件等领域，39家入选国家级、省市级“专精特新”企业名单。</p><p>2022年首批40家公司适用修订后的《分层管理办法》进入创新层，平均净利润3237.58万元、平均净资产收益率15.69%、净利润复合增长率达40.94%，多项指标可媲美上市公司水平。</p><p>创新层公司里，筹备北交所上市的企业实力突出，营业收入、净利润中位数分别为2.67亿元、3441.63万元，近两年净利润平均复合增长率达23.68%，较北交所存量上市公司高出0.91个百分点，成长速度保持高位。平均研发支出1932.44万元，其中有50家公司研发强度高于10%，主要集中在医药制造、软件开发、集成电路制造等行业。</p><p>全国股转公司相关负责人告诉记者，2021年，挂牌公司融资环境进一步改善，全年融资现金流入合计3892.30亿元，较上年增长9.02%，累计完成定向发行557次，平均单次募集资金3694.46万元，较上年增长7.09%，其中，中小微企业融资次数占比超过九成。</p><p>2021年，国家减税降费政策聚焦支持中小企业。2021年，北交所上市公司共获得政府补助7.1亿元，同比增长35.7%；受益于灵活精准的货币政策，上市公司长期有息负债占有息负债比重达21.8%，同比上升5.8个百分点，企业负债结构明显改善。</p><p>挂牌公司全年税费合计497.20亿元，税费占营业收入的比重为3.41%，较上年下降0.26个百分点。受益于制造业企业加计研发费用扣除比例的影响，制造业挂牌企业增加研发投入的同时全年累计减税约39.23亿元，带动制造业整体税负同比下降超10%。在各项金融政策支持下，挂牌公司间接融资成本降低，有息负债利息率5.42%，同比下降0.14个百分点。</p><p>在回馈股东方面，超八成北交所上市公司发布现金分红方案，拟分红金额达19.5亿元，同比增长11.2%，34家公司现金分红率超过40%。</p><p>已有1332家新三板挂牌公司披露2021年度分红方案，现金分红总额达187.70亿元；2021年披露股份回购方案69次，拟回购总金额超15.50亿元，较上年增加0.95亿元，为投资者带来真金白银的获得感。 （经济日报记者 祝惠春）</p>', '经济日报', 'http://news.youth.cn/gn/202205/t20220506_13670357.htm', '2022-05-06 12:10:00', 'http://news.youth.cn/gn/202205/./W020220506438172126248.jpg', NULL, NULL, NULL, 0, 0, 0, 1651810200000, 1, 8, 1651836693564, 1651836693564);
INSERT INTO `news` VALUES (15801, '6df6e03861486b2fd033823f60ffaeaf', '俄官员：西方向乌提供情报和武器无法阻止俄达成“目标”', '新华社北京5月6日电 俄罗斯总统新闻秘书德米特里・佩斯科夫5日批评美国等西方国家和北大西洋公约组织向乌克兰提供情报和武器，说上述举动无法阻止俄罗斯“达成既定目标”。佩斯科夫当天回应《纽约时报》一篇报道时说，俄方“早就知道”美国、英国和北约作为一个整体，“持续”向乌克兰提供情报和武...', '<p>新华社北京5月6日电 俄罗斯总统新闻秘书德米特里・佩斯科夫5日批评美国等西方国家和北大西洋公约组织向乌克兰提供情报和武器，说上述举动无法阻止俄罗斯“达成既定目标”。</p><p>佩斯科夫当天回应《纽约时报》一篇报道时说，俄方“早就知道”美国、英国和北约作为一个整体，“持续”向乌克兰提供情报和武器，上述举动不利于俄方“快速”结束军事行动，但“无法阻止（俄方）实现既定目标”。</p><p><img src=\'http://news.youth.cn/gj/202205/./W020220506384782834672.jpg\' /></p><p>5月4日，在俄罗斯首都莫斯科，参加阅兵活动彩排的军用车辆从市区驶过。新华社发（亚历山大摄）</p><p>《纽约时报》5日早些时候援引美方官员的话报道，美方向乌方提供俄方军事动向，协助乌方锁定并打死俄方高级军官。美国白宫和国防部暂时没有回应这一报道。不过，美国官员上月承认，美方向乌方提供“大量具体和及时”情报，涉及俄方计划和动向。</p><p>乌克兰武装部队总司令瓦列里・扎卢日内5日再次呼吁向乌克兰提供武器。他当天向美军参谋长联席会议主席马克・米利通报乌方军事进展后点名两个型号的美制多管火箭炮系统，说它们对乌方而言“至关重要”。</p><p>俄方指责美国等西方国家不断向乌克兰输送武器，企图延长冲突以重创俄罗斯，以美国为首的北约实际在利用“代理人”与俄罗斯开战。</p><p><img src=\'http://news.youth.cn/gj/202205/./W020220506384784133326.jpg\' /></p><p>5月1日，在顿涅茨克别济缅诺耶，从马里乌波尔市的亚速钢铁厂及周边地区撤出的平民抵达安置点。新华社发（维克托摄）</p><p>另外，针对乌方所说俄军已进入马里乌波尔的亚速钢铁厂范围，佩斯科夫5日回应说这一说法不实。他重申，俄总统弗拉基米尔・普京上月已下令取消强攻亚速钢铁厂的计划、改为封锁，普京“没有下达其他指令”，而且人道主义走廊5日已经开始运转。</p><p>俄罗斯方面4日宣布，俄武装力量将于莫斯科时间5日、6日、7日的8时至18时开通人道主义走廊，供平民从亚速钢铁厂撤离。在此期间，俄罗斯和顿涅茨克武装力量将单方面停止所有作战行动，保障平民撤离。</p><p>乌克兰总统弗拉基米尔・泽连斯基5日早些时候呼吁延长这一停火。（郑昊宁）</p>', '新华社', 'http://news.youth.cn/gj/202205/t20220506_13670044.htm', '2022-05-06 10:41:00', 'http://news.youth.cn/gj/202205/./W020220506384782834672.jpg', 'http://news.youth.cn/gj/202205/./W020220506384784133326.jpg', NULL, NULL, 0, 0, 0, 1651804860000, 1, 8, 1651836694748, 1651836694748);
INSERT INTO `news` VALUES (15802, '06f6562f309376582716416d9c5ec0e7', '5月6日新闻茶泡Fan', '根据Intel的芯片工艺路线图，到2025年之前他们要在短短4年内掌握5代CPU工艺，其中有2代还是首次进入埃米级工艺，今年下半年将要量产Intel 4工艺，也就是对标友商的”4nm“工艺，也是Intel首款使用EUV光刻机的工艺。目前台积电、三星已经量产了4nm工艺，不过Int...', '<p>根据Intel的芯片工艺路线图，到2025年之前他们要在短短4年内掌握5代CPU工艺，其中有2代还是首次进入埃米级工艺，今年下半年将要量产Intel 4工艺，也就是对标友商的”4nm“工艺，也是Intel首款使用EUV光刻机的工艺。</p><p>目前台积电、三星已经量产了4nm工艺，不过Intel自家的”4nm“工艺还是有不少特色的，特别是在性能方面，其他两家主要生产低功耗芯片，Intel则是要生产高性能处理器，包括桌面及服务器级别的。</p><p>Intel的这个”4nm“工艺比目前的Intel （也就是没改名前的第二代10nm工艺）工艺每瓦性能提升20%，如果是对比之前的初代10nm工艺，那么性能提升超过35%。其他方面，Intel ”4nm“工艺的晶体管密度相比Intel 7工艺提升100%，HP高性能库密度可达1.6亿晶体管/mm2，高于台积电5nm工艺的1.3亿晶体管/mm2，接近台积电未来的3nm工艺的2.08亿晶体管/mm2水平了。</p><p>目前Intel 7工艺量产的12代酷睿及下半年的13代酷睿频率可以做到5.5GHz了，假设性能也只是提升20%，那极限频率应该可以突破6GHz了，史无前例的水平，不知道Intel会不会这么做。</p><p>Intel 4工艺会在明年的14代酷睿Meteor Lake上首发，后者也会是Intel酷睿系列中首个大量使用3D Foveros混合封装的处理器，主要有三个部分封装在一起，一是计算模块，二是GPU模块，多达96个~192个计算单元，三是SoC-LP，应该是包含内存控制器、PCIe控制器等输入输出部分。</p><p><img src=\'https://upload.cfan.com.cn/2022/0506/1651804206485.png\' /></p><p>AMD锐龙7 5800X3D集成了特殊的64MB 3D V-Cache缓存，加上原有二三级缓存，总计达到100MB，游戏性能因此大幅提成，成功超越i9-12900KS。但就这么一款型号显然不过瘾，也让人猜测下一代Zen4架构的锐龙7000系列，是否也会同样在部分型号上集成3D V-Cache缓存呢？</p><p>最新曝料显示，除了代号Raphael(拉斐尔)的常规版锐龙7000系列，AMD还准备了“Raphael-X”，预计命名为锐龙7000X3D，集成3D V-Cache缓存！不过，具体有多少型号会集成缓存，容量又有多大，暂时不得而知，但硬核游戏玩家们可以好好期待一番了。同时，锐龙7000、锐龙7000X3D都确定会支持DDR5-5600内存，不支持DDR4。</p><p>另外，Zen4在笔记本上的移动版有两大系列，一是Dragon Range，本质上就是把Raphael通过FABGA-FL1整合封装的方式，放到笔记本里，热设计功耗55W+，因此针对的是高端游戏本，这种做法和Intel即将发布的Alder Lake-HX系列如出一辙。另一个是Pheonix，就是常规移动版APU，主攻主流游戏本，甚至是一些轻薄本，热设计功耗35W~45W。</p><p><img src=\'https://upload.cfan.com.cn/2022/0506/1651804214551.png\' /></p><p>5月5日晚，联想在海外发布了新款Yoga Slim 7 Pro笔记本，搭载最新一代Intel及AMD处理器，起售价7000元左右。</p><p>其另有16英寸屏幕版本，同样分为英特尔和 AMD 版本，最高可选游戏本同级的2K 165Hz屏，起售价为1499 欧元（约合人民币10490元）。</p><p><img src=\'https://upload.cfan.com.cn/2022/0506/1651804226777.jpg\' /></p><p>荣耀首款小尺寸轻薄本MagicBook 14曝光</p><p>昨天，知名数码博主@厂长是关同学 放出了关于荣耀MagicBook 14的最新消息。根据爆料，这款笔记本的定位为“小旗舰”，有望配备一块2.5K或4K屏幕，并采用了大猩猩玻璃面板，无论是显示质量还是产品质量都称得上优秀。同时，这款笔记本将配备最新的处理器，虽然没有透露具体型号，但大概率会在12代酷睿或锐龙6000系列中进行选择。</p><p>此外，该博主透露，MagicBook 14虽然是荣耀首款小尺寸轻薄本，但将推出配备独立显卡的版本，并表示独显会对产品带来不小的提升。值得一提的是，MagicBook 14将支持与华为的手机进行多屏协同，但不支持超级终端。</p><p>去年，荣耀曾发布了Magicbook V 14 2021，它采用了Intel 11代酷睿H35处理器，可选MX450显卡，并有着14.2英寸的触摸屏。相信此次即将发布的MagicBook 14将再此基础上，进一步提升性能，带给用户更好的使用体验。</p><p><img src=\'https://upload.cfan.com.cn/2022/0506/1651804238895.png\' /></p><p>中兴Axon 40 Pro官方渲染图首度公布</p><p>据此前消息，中兴手机将在5月9日的新品发布会上，正式推出中兴Axon 40系列旗舰手机。根据爆料显示，此次将会推出三款机型，其中除了采用新一代屏下前摄技术的中兴Axon 40 Ultra之外，还有中兴Axon 40、中兴Axon 40 Pro会亮相。</p><p>昨天下午，@中兴手机 官微就公布了中兴Axon 40 Pro机型的海报，首度公开了该机的正反外观设计。从图片来看，中兴Axon 40 Pro的正面与中兴Axon 40 Ultra的设计语言类似，只是从屏下前摄换为了中孔前摄，但开孔面积非常小，且四边框都控制的十分出色，左右两侧为曲面设计。</p><p>背部设计上，中兴Axon 40 Pro与Ultra版存在较大差异，其在矩形的模块中，配备了非常熟悉的“双圆环”设计，整个模组共四颗镜头，其中最上方的主摄为1亿像素传感器。至于核心配置方面，目前还没有确切的消息传出，但从产品定位上来看该机无疑会是一款“大杯”旗舰，极大概率会搭载骁龙8芯片，这也是目前安卓最强芯片之一。</p><p>你更喜欢中孔屏还是屏下前摄的无孔屏？</p><p><img src=\'https://upload.cfan.com.cn/2022/0506/1651804246330.png\' /></p><p>AMD将推全新游戏技术</p><p>AMD又要推出一种新的游戏加速技术了，名字叫做Smart Access Storage，很有可能在海盗船首款游戏本Voyager上亮相，后者将使用锐龙9 6900HX处理器，搭配RX 6800M显卡。</p><p>Smart Access Storage是不是听着很像之前已经发布的Smart Access Memory技术？虽然名字相似，但两者不是一回事，后者的官方中文名为智能访存，是AMD推出的一种基于PCI-E协议的技术，SAM的作用是让CPU能够更高效访问显卡的显存，以此来提升游戏时的性能表现。</p><p>AMD官方此前公布的数据显示性能提升可观，不同测试中10%到16%都是可能的，还有测试显示性能可提升20%以上的。</p><p>Smart Access Storage现在具体信息还没公布，不过很有可能是跟微软的DirectStorage API有关，它原本是给Xbox主机准备的游戏神机，3月份下放到Win11上。该技术可以让GPU计算着色器直接访问NVMe SSD，直接处理游戏资源的解压缩，而不再需要绕路CPU，从而大大提升游戏加载速度、降低延迟，同时也能节省CPU资源。NVIDIA RTX 30系列的RTX IO技术，其实就是脱胎于DirectStorage API，相当于该技术在N卡上的一种实现方式，官方宣称输入/输出性能是传统硬盘存储的最高达100倍。</p><p><img src=\'https://upload.cfan.com.cn/2022/0506/1651804258427.jpg\' /></p><p>《魔兽弧光大作战》手游被差评后暴雪表态</p><p>日前暴雪公布了首款魔兽IP的手游《魔兽弧光大作战》，本来期待很高的玩家对这款手游并不满意，在宣传视频页面上疯狂刷差评。玩家对《魔兽弧光大作战》手游不满除了觉得游戏方式没啥亮点之外，还担心暴雪做手游上瘾之后也会让大家氪金，好在暴雪设计师日前给玩家打了一个放心针。</p><p>根据暴雪的说法，《魔兽弧光大作战》游戏中不会有氪金开箱的玩法，要搜集的角色单位也都是明码标价，而且是使用游戏内的货币购买，不需要自己猜测抽几次才能中。设计师表示，“我们试图让玩家选择这一切，因为没有战利品箱系统。你需要选择每次获得的东西，甚至在任务系统中也是如此。比如当你去战斗时，可以选择获得什么战利品（或经验值）。我们想看看是否能够为玩家提供选择的权利，而非那种随机的选择。”当然，游戏中肯定也是有要花钱氪金的，不过这个只是方便玩家快速完成任务。</p><p>从暴雪以往的情况来看，他们对游戏内的氪金系统确实很谨慎，不过那主要是在PC端游戏上，手游方面他们的经验也不多，暗黑手游甚至是跟网易合作开发的，已经有玩家在担心又氪又肝的问题了。至于《魔兽弧光大作战》，暴雪现在的表态让人放心一点，但并不能完全消除对氪金的担忧，一切都要等游戏上市了再说。</p><p><img src=\'https://upload.cfan.com.cn/2022/0506/1651804268995.jpg\' /></p>', '电脑爱好者(cfan)', 'https://www.cfan.com.cn/2022/0506/136476.shtml', '2022-05-06 10:31:00', 'https://upload.cfan.com.cn/2022/0506/1651804206485.png', 'https://upload.cfan.com.cn/2022/0506/1651804214551.png', 'https://upload.cfan.com.cn/2022/0506/1651804226777.jpg', NULL, 1, 0, 0, 1651804260000, 1, 3, 1651842420803, 1651842420803);
INSERT INTO `news` VALUES (15803, 'f8d4629ec8f39d176b22c75ad8860353', '第一次汇报演出火热来袭 《了不起！舞社》6支齐舞轮番上演', '由优酷独家播出的女子齐舞舞社竞技真人秀《了不起！舞社》将于本周六晚8点播出第四期。经历了摸底考核和日夜苦练的近60位女性舞者，终于迎来了第一次汇报演出，她们将接受大众评审和专业技术评审的审核，朝着所在队伍能全员成为舞社一线队员的目标火力全开。六支精彩绝伦的齐舞表演轮番上演，还有温...', '<p>由优酷独家播出的女子齐舞舞社竞技真人秀《了不起！舞社》将于本周六晚8点播出第四期。经历了摸底考核和日夜苦练的近60位女性舞者，终于迎来了第一次汇报演出，她们将接受大众评审和专业技术评审的审核，朝着所在队伍能全员成为舞社一线队员的目标火力全开。六支精彩绝伦的齐舞表演轮番上演，还有温情满满的团魂故事接连呈现，值得期待。</p><p>六大不同风格舞台高能不断 地板舞女孩首穿裙子跳舞</p><p>《了不起！舞社》第一次汇报演出采用了大众评审和专业技术评审联合评判的方式。大众评审来自中国舞蹈家协会、上海市各大街舞厂牌和舞蹈学校以及全国各大媒体，《这！就是街舞》两届总冠军叶音、WOD中国区总冠军得主马晓龙，Dance Challenge中国街舞精英挑战赛冠军杨文韬和ARENA亚洲齐舞大赛亚军得主KK王小可组成。每一支齐舞表演结束后，评审们会对该舞台给出最公平公正的评判。届时，取得第一名的队伍，将全员成为舞社一线队员，而排名最末的队伍，则全员进入预备队。得知这个规则后，台下的女舞者们摩拳擦掌，兴奋地等待上台。</p><p>“没有什么比我喜欢更重要”组带来酷炫的街舞作品，队员们通过练习努力打破舞种壁垒，还克服了临时重新排队形的难题，用一支完成度颇高的舞蹈，不辜负自己的汗水。“每天都要更爱自己呦”组以元气满满的表演引爆全场，其中“地板舞”女孩JOJO邹华莹人生首次挑战穿裙子跳舞，诠释另类二次元女孩的反转魅力。“我在哪里潮流就在哪里”组用一场热闹非凡的复古迪斯科派对，带人穿梭回香港电影风靡的年代，尽享港风之美，赞多激动到在台下手舞足蹈，简直不能控制自己。“真正的节奏大师是卡上生活的节拍”组则以简单干练的黑白装造型轻装上阵，化解高难度舞蹈动作，此前一度跟不上大家节奏的芭比和吕雪都获得了不小的进步。“我从未忘记自己为何出发”组将街舞和国风进行了完美结合，还在作品中精心融入中国独有的舞步风格，来表达对中华大地深沉的爱。“美不止一种定义”组虽然没有一线队员，也没有人是专业的自由式街舞舞者出身，但她们还是用突破性成长做到了让自己不留遗憾。在六支风格迥异的齐舞表演中，观众不仅能见证女性的成长与蜕变，也将收获来自女性相互协作的“团魂”之火。</p><p>《了不起！舞社》在内容上别具一格，还通过节目观照现实生活。为鼓励更多女孩在日常生活中，能给予同伴更多共情力、包容力与合作力，互帮互助完成女孩子的成长蜕变，由优酷《了不起！舞社》与人民文娱联合发起，微博综艺及微博政务特别支持，《了不起！舞社》主理人王霏霏、导演孙敏、队员李美慧与王君馨、视频博主keke柴、街舞舞者盖盖等人参与的活动#1001个了不起的女孩故事#已于5月5日在全网正式开启。活动以“1001个了不起的女孩故事”为主题，以“我们在一起，我们了不起”为内核，向全社会征集“了不起的女孩故事”，一经推出便得到积极响应，众多网友纷纷发文，分享励志感人故事。</p><p>王霏霏屡上台成最忙主理人 程潇点评严格有更高要求</p><p>本期中社长和四位主理人，对每一支齐舞作品给出自己的独到见解，也和队员们打成一片，贡献不少逗趣名场面。其中，王霏霏就屡屡被大家呼唤上台，一度“叫苦不迭”。酷炫街舞组在谈到跳舞的表情控制时，邀请王霏霏和赵姝然再battle一下。王霏霏气场全开，竟和对方上演“搂头杀”，引得其他队员也按捺不住直接上场挑战。在看完复古迪斯科组表演后，王霏霏感到美中不足的是队员们的有些动作稍显不到位，没想到这个点评竟是给自己“挖坑”，杨雅捷想要让王霏霏亲自示范，突如其来的考核让王霏霏目瞪口呆，在上台和拒绝之间难以抉择。</p><p>主理人程潇则化为严师，她从专业国际大赛的要求出发，对每一支齐舞表演都进行了认真点评和真诚建议。有不少队员对比自己此前风格，做出了颠覆性改变，也有一些队员克服技术瓶颈，给大家带来了很多惊喜，不过，程潇觉得她们仍有待进一步提升。待最后一组齐舞表演结束后，她更是开启了灵魂提问，让在场所有人陷入了深思。</p><p>此外，本期还准备了惊喜环节，不仅那些有着出色表演的队员能被赠予荣誉表彰，获得明显进步的队员也将得到肯定。社长苏有朋和主理人王霏霏、程潇、李永钦TEN、赞多将各自选出他们心中的“飞跃奖”，是什么样的福利令全场女孩为之沸腾？最终获奖名单又会花落谁家？本周六晚8点，《了不起！舞社》第四期火热上线，不见不散！</p>', '中国新闻网', 'https://www.chinanews.com.cn/yl/2022/05-06/9747767.shtml', '2022-05-06 16:05:49', NULL, NULL, NULL, NULL, 0, 0, 0, 1651824349000, 1, 7, 1651846081080, 1651846081080);
INSERT INTO `news` VALUES (15804, '71cc37a6e2bda794a5c1b8d4c1d13afd', '《王牌对王牌》跨越3个年代 唤醒时代中的家庭记忆', '中国网5月6日讯 本周二(5月3日)，浙江卫视全新一季《王牌对王牌》第十期中，“王牌家族”沈腾、贾玲、华晨宇、关晓彤，王牌师兄沈涛和王牌师弟时代少年团-宋亚轩携手体育界“行业王牌”——中国冬奥四金得主王濛进行了一场默契十足的团建活动，感受“更快、更高、更强、更团结”的奥林匹克精神...', '<p>中国网5月6日讯 本周二(5月3日)，浙江卫视全新一季《王牌对王牌》第十期中，“王牌家族”沈腾、贾玲、华晨宇、关晓彤，王牌师兄沈涛和王牌师弟时代少年团-宋亚轩携手体育界“行业王牌”——中国冬奥四金得主王濛进行了一场默契十足的团建活动，感受“更快、更高、更强、更团结”的奥林匹克精神。</p><p>节目中，王濛一秒融入“王牌家族”，并在“人体保龄球”环节再次化身解说达人，金句频出。“王牌家族”则用尽“十八般武艺”，彰显敢于拼搏的体育精神，最终贾玲成功打败上届冠军沈腾，拔得头筹。此外，关晓彤和檀健次演绎近期火遍全网的热门歌曲《初恋》，贾玲、华晨宇和黄景瑜合作了音乐短片《永不失联的情报》，丰富的才艺令人耳目一新。此次团建也是“王牌师弟”宋亚轩本季最后一次录制，王牌家族为他送上暖心寄语，家族温情再次尽显。</p><p>今天(5月6日)20:20，《王牌对王牌》第十一期精彩继续。“王牌家族”与贾乃亮、张晚意、李一桐、杨迪携手国家一级演员李光复，共同演绎两个家庭二十年间的酸甜苦辣，和观众一起品味1988年到2008年的时代印记，感受城市和家庭的变迁。</p><p>时光“倒流”还原年代况味，</p><p>“沈家”“乔家”上演人生选择</p><p>时代发展，城市面貌和吃穿住行都在发生变化，人生的苦辣酸甜沉淀在家庭的记忆中。本次，嘉宾们来到了1988年的家属大院，重温两个家庭二十年间的苦乐年华。“王牌家族”与“老戏骨”李光复变身“沈家人”，四个兄弟姐妹谁让“父亲”李光复最省心？谁又让他最操心？</p><p>此前，电视剧《乔家的儿女》在浙江卫视中国蓝剧场热播，乔家四兄妹互相扶持的细节令人感动，张晚意饰演的二强也让人印象深刻。此次，贾乃亮、张晚意、李一桐、杨迪将再现“乔家人”，他们分别会是什么身份呢？这次的“乔家儿女”之间关系又如何？</p><p>在人生选择的重要当口，两家人需要做出自己的抉择，这个选择会对人生的走向产生影响，一场关于家庭和人生的蜕变即将展开。李光复面对四个子女的前后态度会有怎样的反转？又是什么选择让贾玲变身“女霸总”？而在“乔家”，怎样的故事走向让贾乃亮和张晚意“剑拔弩张”？李一桐面对人生的分岔路口，会坚定选择爱情吗？</p><p>复古游戏、金曲唤醒时代记忆</p><p>致敬人间烟火里平凡的自己</p><p>生活方式和娱乐活动的改变也是时代变迁中不可或缺的重要环节，节目中充满时代特色的游戏环节也是高能场面频出。在“木头人”游戏环节，众人在指压板上披荆斩棘誓夺头魁，“沈家”兄弟沈腾、华晨宇一路勇往直前，但真能笑到最后吗？是什么让杨迪拉着张晚意直呼“这就是《王牌对王牌》”？</p><p>音乐是连接时代的重要纽带，也是人们感情的语言，充分反映了时间的故事。为此，华晨宇、关晓彤分别带来了横跨90年代和00年代的流行金曲，是什么样的复古舞台让现场瞬间变得怀旧起来、唤醒了关于时代的印象？</p><p>二十年间家属大院里人和事的变化让人无限感慨，两家人各自的不同选择也导向了不同的结局。在悠悠岁月中，他们最终将收获自己期待的人生吗？今天(5月6日)20:20，锁定浙江卫视《王牌对王牌》，一起品味时代中的人间烟火吧！</p>', '中国新闻网', 'https://www.chinanews.com.cn/yl/2022/05-06/9747762.shtml', '2022-05-06 16:02:23', NULL, NULL, NULL, NULL, 0, 0, 0, 1651824143000, 1, 7, 1651846081186, 1651846081186);
INSERT INTO `news` VALUES (15805, '23604f22dc13610f220d0883554b3503', '网络微短剧成观众新宠', '网络微短剧成观众新宠(深观察)网络微短剧正日益受到观众青睐，各大视频平台纷纷出台项目战略与扶持计划，力求进一步盘活上下游市场。2020年末，国家广电总局在备案系统新增“网络微短剧”板块，将其定义为“单集不超过10分钟的网络剧”，从而将微短剧正式纳入视频剧集赛道，2020年也因此被...', '<p>网络微短剧成观众新宠(深观察)</p><p>网络微短剧正日益受到观众青睐，各大视频平台纷纷出台项目战略与扶持计划，力求进一步盘活上下游市场。</p><p>2020年末，国家广电总局在备案系统新增“网络微短剧”板块，将其定义为“单集不超过10分钟的网络剧”，从而将微短剧正式纳入视频剧集赛道，2020年也因此被称为“网络微短剧元年”。因为生产难度较低，网络微短剧经过短暂的发育期便迅速占领了平台内容池，互联网受众反应热烈，很多网络微短剧一上线，点击量便过千万，如《长公主在上》《念念无明》等。</p><p>显而易见，网络微短剧爆火，成为新媒体生态的一个新景观。</p><p>客观而言，微短剧从网络剧兴起之日就一直存在，与网络剧和长视频相对应，曾被称作短视频、短剧、中视频等，其制作史已有10年左右，此前一直不温不火，但2020年底至今，网络微短剧发展势头惊人。快手平台公布的数据显示，该平台2021年依靠微短剧得到的收入突破10亿元。今年上半年，网络微短剧备案开机项目有增无减，在各视频平台上线和更新频率极高。</p><p>为什么网络微短剧会在当下这个时间节点火爆起来？这一现象背后，必然有为其驱动和助燃的文化温床与发展契机。业内人士普遍认为，网络微短剧火爆的时间曲线，正好与国内受到疫情影响的时间线吻合。由于各地疫情发展和管控政策不同，以往依靠聚集性生产模式的长剧集产出受到影响。疫情发生后上线的长剧集大多数为疫情发生前制作，新鲜出炉的长视频数量相对减少，居家期间，习惯于依赖新媒体的年轻一代对信息的渴求和对文娱产品的需要却呈现出上升趋势。在这一背景下，蓬勃兴起的网络微短剧自然而然地吸引了受众的目光。</p><p>网络微短剧丰富的题材极大地满足了网络受众的好奇心，短小精悍、有时看完整部剧只需花费一个多小时，恰到好处地迎合了网络用户的浏览习惯。疫情期间，微短剧也对网络用户起到了一定的心理缓冲作用。在流行文化和艺术类型潮起潮落的背后，总是有时代的因素与助力。如改革开放初期港台电影风靡一时，综艺电视晚会兴起催生大量喜剧小品，都体现着时代对文化艺术的影响。当前网络微短剧的繁荣，其背后的原理和发展路径也大抵类似。</p><p>在网络微短剧诞生的每一个环节，与视频平台深度合作的生产方都背靠网络大数据进行着用户细分。</p><p>内容方面，网络微短剧较少启用专业编剧进行原生剧本创作，通常倾向于改编网络文学作品。网文平台针对用户的不同喜好，精细划分出古风偶像、都市情感、二次元、军旅热血等题材和风格，又根据用户浏览的热度和排行榜等数据，勾勒用户背景图谱，向微短剧生产方进行有针对性的IP推荐。演员选择方面，网络微短剧常常并不优先选用专业院校毕业的影视演员，而是启用具有粉丝基础的网络达人，匹配与之风格相近的IP作品，助力其粉丝增长和关注度的进一步获取。播放平台则根据用户浏览习惯和喜好，精分出特定人群，如汉服爱好者、动漫爱好者、军事爱好者、游戏爱好者等，针对群体用户垂直推送，将不同风格的网络微短剧有意识地导流到目标用户眼前。通过一路精确定位，网络微短剧的策划、生产、推送的每一个环节都根据目标用户进行定制，为其收视提供了保障。</p><p>在以往的影视剧创作和播出中，几乎没有批量出现过像网络微短剧这般根据用户喜好精准投放的作品，常规影视剧动辄百万、多则千万的前期投入，使内容生产方很难如此任性。网络微短剧则没有太多顾虑，一集网络微短剧长不过10分钟，短则两三分钟，完全可以在可承担的成本风险内放心试水。凭借“船小好调头”的优势，微短剧出品方还会根据网络受众的关注度变化，在题材内容范围内进行更多尝试，只要有一个作品戳到观众的“爽点”，就能迅速火遍网络，让观众自发为其进行口碑传播。而精细划分后的微短剧，每个类型的风格都十分明晰，由于生产投入压力小，只要抓住精确定位的目标受众就能确保回报，导致微短剧的风格化倾向进一步走向极致，致力于满足观众更强烈的情感需求。出品方希望以产量获得更多吸引力，客观上也导致网络微短剧的题材和内容更加丰富，在整体上为受众提供了更为宽泛的选择。</p><p>网络微短剧的当务之急，就是在提升品位和质量上做出实打实的努力，增加投资，提高作品的精细度。毕竟短暂而频繁的感官刺激终有花样翻尽、审美疲惫之时，专业创作者介入偏少，必然导致作品专业度不够高。</p><p>网络微短剧从创作意图上可分为两个阵营，一是落户爱奇艺、优酷、腾讯视频、芒果TV四大视频平台的横屏短剧，单集时长在10分钟之内，制作较为精良。这类微短剧秉持剧情叙事的创作初衷，较多启用专业演员参演。另一部分微短剧则以快手、抖音等短视频平台为主导，常规性推介3分钟以内的竖屏微短剧。这类微短剧通常向社会公开招募拥有100万—500万粉丝的网络达人作为主要演员，通过网络微短剧拍摄，网络达人又增加了一重演员身份，更容易通过流量分账、品牌招商、电商直播等实现达人变现，同时也为微短剧带来有效流量。</p><p>网络微短剧的繁荣，具有鲜明的阶段化特征，也很好地服务了网络受众。作为一种视频剧集类型，网络微短剧能否保持不断成长和可持续发展，关键在于创作者能否自觉克服传播内容和表现形式的不尽完美，追求思想精深、艺术精湛、制作精良的经典作品创作标准，避免快餐式消费损毁发展愿景。事实上，网络微短剧艺术品质的提升与其价值升级有正向关系，一部制作精良、养眼养心的网络微短剧，无论在增强话题度、聚合粉丝黏性，还是达人变现上都更为有利。诚恳的创作终将在观众口碑方面有所回报。值得一提的是，网络微短剧的制作方普遍具备互联网内容生产的基本经验与条件，遵守备案流程和广电视听生产相关规定，这为网络微短剧的长期发展与品质提升打下了相对良性的基础。</p><p>(作者系沈阳师范大学副教授)</p>', '中国新闻网', 'https://www.chinanews.com.cn/yl/2022/05-06/9747381.shtml', '2022-05-06 08:57:43', NULL, NULL, NULL, NULL, 0, 0, 0, 1651798663000, 1, 7, 1651846081188, 1651846081188);
INSERT INTO `news` VALUES (15807, '318e89200add6f51deaba4f0ef06d549', '中央定调“全面加强基础设施建设” 传递哪些信号？', '近日，“全面加强基础设施建设”成为多项重磅会议强调的关键词。继4月26日中央财经委员会第十一次会议强调“全面加强基础设施建设”后，4月29日召开的中共中央政治局会议上再度提出：“要全力扩大国内需求，发挥有效投资的关键作用，强化土地、用能、环评等保障，全面加强基础设施建设。”业内人...', '<p>近日，“全面加强基础设施建设”成为多项重磅会议强调的关键词。</p><p>继4月26日中央财经委员会第十一次会议强调“全面加强基础设施建设”后，4月29日召开的中共中央政治局会议上再度提出：“要全力扩大国内需求，发挥有效投资的关键作用，强化土地、用能、环评等保障，全面加强基础设施建设。”</p><p>业内人士纷纷表示，中央近期关于基建的定调，为稳定经济增长预期释放出更加积极的信号，将为实现全年稳经济、稳增长提供有强劲的动力支撑。</p><p>植信投资首席经济学家、中国首席经济学家论坛理事长连平称：“在我国的三大投资领域中，基建具有很强的宏观调控效应，对制造业投资、工业生产以及消费和出口也具有较强的带动和引领作用。相较我国的于房地产和制造业投资，更能发挥稳定经济增长的‘压舱石’作用。”</p><p>“在一季度取得4.8%的经济增速后，我国将在二季度迎来较大挑战。”前海开源首席经济学家杨德龙认为，基建投资是应对经济下行压力的重要举措，全面加强基础设施建设，一方面有利于提振市场信心，另一方面也能够稳定就业。</p><p>记者注意到，4月份以来，多地重大项目密集开工建设，基建投资持续发力稳增长：</p><p>――4月20日，四川省2022年重点水利工程集中开工仪式在成都举行。据介绍，本次集中开工重点水利工程有12个，总投资268亿元，涉及成都、泸州、德阳、广元、南充、广安、达州等共11个市(州)；</p><p>――4月22日，武汉市基础设施建设三年行动计划暨交通枢纽首批重大项目开工。据介绍，此次开工的有武汉至天门高速公路（武汉至汉川段）、G107国道东西湖段快速化改造工程等8个交通项目，总投资241亿元；</p><p>――4月25日，天顶湖国际旅游度假区建设项目在浙江省温州市文成县开工。该项目为当地首个百亿文旅项目，总投资达108亿元；</p><p>“我们看到，基建投资作为逆周期调节和跨周期调节的重要工具，已然成为稳增长的主要抓手。”杨德龙称。</p><p>据基建通披露的大数据显示，仅上半月，全国开工重大基建项目就有10个；4月15日-4月29日，全国重大开工项目约24个，涵盖公路、水利、产业园等。</p><p>机构预计，随着稳定经济增长被置于更重要位置，今年基建投资实现较快增长可期。</p><p>中信证券研报认为，重磅会议定调之后，预计自上而下的政策变化将推动基建项目和融资更加顺畅，全年的基建投资增速有望上新台阶。</p><p>中银证券表示，全年公共设施管理投资、交运行业投资增量值得期待，有望对2022年基建投资形成支撑。预计全年基建投资增速或为6.5%至7%。</p><p><img src=\'http://news.youth.cn/gn/202205/./W020220506739854707919.png\' /></p><p>4月8日，位于深圳市光明区的贝特瑞高端锂离子电池负极材料产业化项目开工建设。（深圳市光明区委宣传部供图 新华网 发）</p><p>在基建投资加速发力背景下，立足中长期发展，有哪些方面需要注意？多位专家表示，基础设施建设要坚持以人为本、因地制宜，未来应积极“补短板”，同时加强新基建的布局。</p><p>“基建对于稳增长作用明显，但从当前我国的情况看，全面加强基础设施不需要‘大水漫灌’，而是集中在‘补短板’。”银河证券首席经济学家刘锋举例说，如城市内的地铁网络完善、新型技术在基建领域的应用、基础设施的升级换代以及生态建设等方面。</p><p>招商基金研究部首席经济学家李湛认为，长期来看，新基建成长空间更为广阔。“新基建涉及领域较多，包括能源新基建和信息新基建等。从政策面看,也更为偏向的是有明显增量的新基建。”</p>', '新华网', 'http://news.youth.cn/gn/202205/t20220506_13671739.htm', '2022-05-06 20:33:00', 'http://news.youth.cn/gn/202205/./W020220506739854707919.png', NULL, NULL, NULL, 0, 0, 0, 1651840380000, 1, 8, 1651849321325, 1651849321325);
INSERT INTO `news` VALUES (15809, '888a3d6a9901d06d22184f1c49190a27', '新疆越野滑雪对抗赛在阿勒泰市开赛', '新疆阿勒泰5月6日电(隋爱军 王宽)6日，新疆越野滑雪对抗赛在阿勒泰市乌希里克野雪公园拉开帷幕。据了解，该项赛事由国家体育总局冬季运动管理中心主办，新疆冬季运动管理中心、新疆阿勒泰地区文化体育广播电视和旅游局、阿勒泰市人民政府承办。当日，记者看到，虽然已经立夏，但是在有“中国雪都...', '<p>新疆阿勒泰5月6日电(隋爱军 王宽)6日，新疆越野滑雪对抗赛在阿勒泰市乌希里克野雪公园拉开帷幕。</p><p>据了解，该项赛事由国家体育总局冬季运动管理中心主办，新疆冬季运动管理中心、新疆阿勒泰地区文化体育广播电视和旅游局、阿勒泰市人民政府承办。</p><p>当日，记者看到，虽然已经立夏，但是在有“中国雪都”之称的阿勒泰市，该市的乌希里克野雪公园内依然有着天然的冰雪资源。11时，比赛正式开始，来自新疆越野滑雪队、阿勒泰地区业余越野滑雪队的31名运动员展开激烈角逐。</p><p>新疆越野滑雪队运动员赛木哈尔·赛力克赛后说，能够在5月份滑雪感觉还是挺不错的，今天的比赛也很顺利，今后在训练中要更加刻苦，不断提升自己，取得更好的成绩。</p><p>阿勒泰地区业余越野滑雪队的队员们大多为在校中学生，与专业队的运动员有较大差距，但是每位队员都挑战自我，突破自我，坚持完成比赛。</p><p>据了解，本次比赛为期2天，共分为越野滑雪男子7.5公里传统式、女子2.5公里传统式，男子3×2.5公里接力赛等6个项目。(完)</p>', '中国新闻网', 'https://www.chinanews.com.cn/ty/2022/05-06/9747899.shtml', '2022-05-06 19:55:18', NULL, NULL, NULL, NULL, 0, 0, 0, 1651838118000, 1, 6, 1651849621065, 1651849621065);
INSERT INTO `news` VALUES (15810, '6f2ee0dcdd885027e81ba4d9129cd5bb', '成都大运会延期至2023年 穿越时空更盼青春相聚', '成都大运会主体育场及多功能体育馆、小球馆、游泳跳水馆。 张浪 摄客户端北京5月6日电 北京时间5月6日，据国际大体联官网消息，原定于2022年6月27日至7月7日举行的成都大运会，将延期至2023年举行。自2018年12月13日，获得第31届世界大学生夏季运动会举办权开始，为了全...', '<p><img src=\'http://image1.chinanews.com.cn/cnsupload/big/2022/04-19/4-426/8fad39048db84825b0f2a1cf039a2ad7.jpg\' /></p><p>成都大运会主体育场及多功能体育馆、小球馆、游泳跳水馆。 张浪 摄</p><p>客户端北京5月6日电 北京时间5月6日，据国际大体联官网消息，原定于2022年6月27日至7月7日举行的成都大运会，将延期至2023年举行。</p><p>自2018年12月13日，获得第31届世界大学生夏季运动会举办权开始，为了全面作好办赛准备，成都这座有着2000多年历史的城市，开启了“成都速度”。</p><p>2019年7月14日，第30届世界大学生夏季运动会在意大利那不勒斯落幕。成都从意大利那不勒斯接过国际大体联会旗后，宣告大运会正式进入“成都时间”。</p><p><img src=\'http://image1.chinanews.com.cn/cnsupload/big/2021/09-01/4-426/70f327336b1c43f1b3f9b593a40db119.jpg\' /></p><p>成都2021年第31届世界大学生夏季运动会火炬“蓉火”正式亮相。火炬“蓉火”，取意成都的简称“蓉”。 中新社记者 刘忠俊 摄</p><p>5个月后，成都大运会口号、会徽、吉祥物发布。直抒胸臆的中文口号“在成都，成就每一个梦想”，其相对应的英文口号是“Chengdu Makes Dreams Come True”，也向外界传达了成都致力于办好大运会的决心和全力打造体育赛事名城的愿望。</p><p>三年的筹办时间里，新建场馆13处、改造场馆36处，开展志愿者选拔培训，推出大熊猫为原型的吉祥物“蓉宝”、发射全球首个以赛事命名的“大运号”卫星……</p><p>赛场内外，国际大体联与成都大运会组委会、中国大体协细致入微，积极筹备，直面新冠疫情带来的不利影响，确保赛事筹办工作的稳步推进。</p><p><img src=\'http://image1.chinanews.com.cn/cnsupload/big/2022/04-19/4-426/16d7db2e765848ce978ba4f0d5dfb9ab.jpg\' /></p><p>图为成都大运会火炬塔。 张浪 摄</p><p>为保护包括运动员在内的全体有关人员和举办城市人民的安全与健康，2021年4月2日，国际大体联宣布第31届世界大学生夏季运动会将延期至2022年举办。运动会名称“成都2021年第31届世界大学生夏季运动会”和运动会标识保持不变。</p><p>赛事延期并没有打乱成都大运会的筹办节奏。5月，新举办时间确定，8月，赛事竞赛总日程公布。成都大运会组委会向新的目标前行。</p><p>火种，意味着新的希望。成都大运会火炬“蓉火”亮相，体现绿色、智慧、活力、共享的成都大运会办赛理念。而火种灯与大运会火炬“蓉火”形成系列，以传统手提式马灯造型与现代耳机形式巧妙结合。</p><p><img src=\'http://image1.chinanews.com.cn/cnsupload/big/2022/04-21/4-426/4842b926115546dea7b7de21e35345cf.jpg\' /></p><p>成都大运会吉祥物“蓉宝”的原型大熊猫“芝麻”在成都大熊猫繁育研究基地兽舍里乐享春日。图为调皮的大熊猫“芝麻”。 安源 摄</p><p>时间来到2022年3月18日，歌声唱响，成都大运会奖牌“蓉光”亮相。奖牌正面犹如神鸟，振翅欲飞，寓意守护梦想，自信昂扬飞往多彩未来，契合成都大运会口号“在成都，成就每一个梦想”。</p><p>与此同时，据成都大运会组委会有关负责人透露，49座赛事场馆均具备办赛条件，赛区场馆中心、大运村开闭幕式运行中心、主媒体中心等运行团队已经全部实现一线办公。</p><p>疫情防控方面，成都大运会则将借鉴北京冬奥会经验，组建疫情防控专家组和工作专班，制定18个竞赛项目“一赛一策”防疫细则，实施严格闭环管理，为常态化疫情防控下安全办赛做好准备。</p><p>“成都成就梦想”，近百年历史的大运会不仅融入到成都的各个角落，与这座城市“同呼吸，共命运”，更承载着无数梦想渴望被希望和机遇照亮。</p><p>如今，成都大运会迎来新的倒计时，穿越时空的回荡，不变的是这场全世界翘首以盼的青春聚会，依然会交上一份的圆满答卷。(完)</p>', '中国新闻网', 'https://www.chinanews.com.cn/ty/2022/05-06/9747875.shtml', '2022-05-06 19:14:28', 'http://image1.chinanews.com.cn/cnsupload/big/2022/04-19/4-426/8fad39048db84825b0f2a1cf039a2ad7.jpg', 'http://image1.chinanews.com.cn/cnsupload/big/2021/09-01/4-426/70f327336b1c43f1b3f9b593a40db119.jpg', 'http://image1.chinanews.com.cn/cnsupload/big/2022/04-19/4-426/16d7db2e765848ce978ba4f0d5dfb9ab.jpg', NULL, 0, 0, 0, 1651835668000, 1, 6, 1651849621121, 1651849621121);
INSERT INTO `news` VALUES (15811, 'c997f27a22f26e7b49a9fb42ee8ac69d', '国际大学生体育联合会：第31届世界大学生夏季运动会将延期举办', '', '', '中国新闻网', 'https://www.chinanews.com.cn/ty/2022/05-06/9747775.shtml', '2022-05-06 16:12:54', NULL, NULL, NULL, NULL, 0, 0, 0, 1651824774000, 1, 6, 1651849621208, 1651849621208);
INSERT INTO `news` VALUES (15812, '264781528c551af35fdb52da9805719d', '中超亚冠名额或被削减  联赛冠军才有资格参赛？', '中超亚冠名额或被削减本报讯(记者 李立)本赛季亚冠联赛东亚区8强球队日前全部产生，多支球队首次打进淘汰赛，而代表中超联赛参赛的两支球队山东泰山队和广州队在小组赛阶段提前出局。由于中超球队战绩惨淡，中超联赛的亚足联技术积分大受影响，中超未来的亚冠名额或将被削减至1个。进入亚冠东亚区...', '<p>中超亚冠名额或被削减</p><p>本报讯(记者 李立)本赛季亚冠联赛东亚区8强球队日前全部产生，多支球队首次打进淘汰赛，而代表中超联赛参赛的两支球队山东泰山队和广州队在小组赛阶段提前出局。由于中超球队战绩惨淡，中超联赛的亚足联技术积分大受影响，中超未来的亚冠名额或将被削减至1个。</p><p>进入亚冠东亚区8强球队的是泰国巴吞联、马来西亚柔佛新山、中国香港杰志、韩国全北现代、韩国大邱FC、日本横滨水手、日本浦和红钻和日本神户胜利船。山东泰山队和广州队均派出20岁左右的年轻球员出赛，结果小组赛成绩为1平11负，竟然一胜难求。其中，山东泰山队为1平5负，广州队六战全败。</p><p>小组赛战罢，中超联赛的亚足联技术积分只有30.449分，在亚足联各会员协会的联赛排名中只列第15位，比亚冠开赛前的第10位下降了5位。因此，本赛季亚冠结束后，亚足联根据技术积分敲定2024赛季和2025赛季亚冠名额分配方案时，中超很有可能只有1个参赛名额，也就是说，只有2023赛季中超冠军才有资格参赛，另外两支球队只能去参加亚足联杯的比赛。</p>', '中国新闻网', 'https://www.chinanews.com.cn/ty/2022/05-05/9746590.shtml', '2022-05-05 10:04:16', NULL, NULL, NULL, NULL, 0, 0, 0, 1651716256000, 1, 6, 1651849621214, 1651849621214);
INSERT INTO `news` VALUES (15813, 'c8bb1ea143b3ddbe36a9c2c2bc0f6fc6', '切尔西“送温暖” 英超争四更乱了', '北京时间5月2日，本赛季英超第35轮结束多场争夺，其中两场事关“争四”的比赛中，阿森纳和热刺都取得了胜利，前者2比1客场力克西汉姆，继续位居第4，而后者同样保持不俗的状态，他们在主场3比1拿下了实力不俗的莱斯特城。目前两队都各自还有4场比赛要踢，“争四”大战进入到白热化。英超进入...', '<p>北京时间5月2日，本赛季英超第35轮结束多场争夺，其中两场事关“争四”的比赛中，阿森纳和热刺都取得了胜利，前者2比1客场力克西汉姆，继续位居第4，而后者同样保持不俗的状态，他们在主场3比1拿下了实力不俗的莱斯特城。目前两队都各自还有4场比赛要踢，“争四”大战进入到白热化。</p><p>英超进入到收尾阶段，除了争冠的队伍备受关注之外，欧冠席位之争同样非常受球迷的关注，而每年几乎都是参与者的阿森纳今年也当仁不让地位列其中，而且占据了一个不错的位置。本轮面对他们的同城对手西汉姆，阿森纳踢得并不是很轻松。双方对阵之前，阿森纳与西汉姆已相差8分，后者争四仅存理论上的希望，但此役仍拼尽全力。霍尔丁头球破门，替阿森纳首开纪录。鲍文劲射破门，替西汉姆将比分扳平。最终，加布里埃尔头球破门，帮助阿森纳迎来一波三连胜。</p><p>热刺面对发挥稳定的中游队莱斯特城，打得顺风顺水，先是孙兴慜开角球与凯恩直接连线，由后者头球破门，继而库卢塞夫斯基两度妙传助攻，孙兴慜个人梅开二度——热刺主教练孔蒂精心打造的前场“新三叉戟”包办了全部进球和助攻。莱斯特城虽然在补时阶段“破蛋”，也仅是挽回些许颜面，已与胜负无关。</p><p>这个比赛日过后，阿森纳和热刺分别积63分和61分，比其身后多赛一轮的曼联分别多出8分和6分，英超第四的席位在北伦敦双雄之间产生已是大概率事件。两队在5月13日的直接较量将决定第四的归属。</p><p>由于受到俱乐部转让的影响，切尔西最近状态不理想。本轮英超，切尔西客场0比1不敌保级球队埃弗顿，最近4轮联赛，蓝军仅取得1胜1平2负的战绩。值得一提的是，埃弗顿的主帅正是蓝军名宿兰帕德，切尔西阵中大部分球员都曾经与兰帕德有过共事，本场可谓给兰帕德送了温暖。</p><p>切尔西目前排名英超第三位，争冠已经无望，维持在前四而拿到下赛季欧冠席位是蓝军本赛季的主要目标，而埃弗顿则要为保级而苦苦挣扎，自从兰帕德上任后，球队的战绩并没有明显改观，每一场比赛都要力拼三分。尽管切尔西和埃弗顿的实力差距明显，但是本场比赛蓝军全队明显不在最佳状态，后防核心阿斯皮利奎塔再次出现失误导致丢球，本赛季切尔西后防已经多次出现重大失误，蓝军再次吞下失利的苦果。</p><p>在保级球队身上丢掉三分，显然是不能让人接受的。最近4轮联赛，切尔西也仅取得1胜1平2负的战绩，其中输给了阿森纳和埃弗顿，战平曼联，赢了西汉姆。</p><p>输给埃弗顿后，切尔西继续排名积分榜第三位，但给兰帕德“送温暖”也是有代价的，因为他们目前积66分，仅比阿森纳和热刺分别多3分和5分，在三队都剩下四轮赛事的同等条件下，存在被阿森纳和热刺超越的可能，其英超老三的地位已经不稳，也意味着英超的争四形势变得复杂化了。</p><p>不过本场胜利对埃弗顿意义重大，目前埃弗顿33战积32分，排名第18位，依然处在降级区，但是距离第17名利兹联仅有2分差距，而且比利兹联少赛一轮，保级依然有希望。</p>', '中国新闻网', 'https://www.chinanews.com.cn/ty/2022/05-03/9745424.shtml', '2022-05-03 10:18:23', NULL, NULL, NULL, NULL, 0, 0, 0, 1651544303000, 1, 6, 1651849621217, 1651849621217);
INSERT INTO `news` VALUES (15814, '4c9fcf1a153013f2f941d6cd91bcc069', '2022建发厦门马拉松系列赛OK RUN·集美站开跑', '厦门5月2日电 (记者 杨伏山)2022建发厦门马拉松系列赛OK RUN•集美站2日上午8时火热开跑。在这个五一假期，活力满满的人们选择在湖光山色间奔跑释放自己热情的方式过节。作为厦门马拉松20周年热身赛之一，本次OK RUN•集美站也是厦门市推动国家体育消费试点城市建设工作系列...', '<p>厦门5月2日电 (记者 杨伏山)2022建发厦门马拉松系列赛OK RUN•集美站2日上午8时火热开跑。在这个五一假期，活力满满的人们选择在湖光山色间奔跑释放自己热情的方式过节。</p><p>作为厦门马拉松20周年热身赛之一，本次OK RUN•集美站也是厦门市推动国家体育消费试点城市建设工作系列活动之一。由厦门市体育局和厦门市推动国家体育消费试点城市建设工作领导小组办公室主办，集美区文化和旅游局、共青团集美区委员会承办，厦门文广体育有限公司运营。</p><p><img src=\'http://i2.chinanews.com.cn/simg/ypt/2022/220502/1a04472f-e8a8-47da-b16b-0b1046d06bd1_zsite.jpg\' /></p><p>赛场一角。厦门文广体育供图</p><p>活动以“青春集美•青享悦动”为主题，分设10公里大众组和3公里亲子组，从集美新城市民广场出发，经过杏林湾环湖绿道、亲水广场、海上自行车道等景色，赛道一侧是集美新城现代化的商务高楼，一侧是独特的嘉庚风格建筑群，参赛选手们一路奔跑尽览杏林湾美景，感受集美“高素质高颜值跨岛发展最美市区”的建设成果。</p><p>本次活动将体育运动与休闲娱乐完美结合，现场开设儿童斯巴达体验营等区域，让民众能参与到各式各样的配套活动当中，进一步提升活动的包容性、互动性、丰富性。</p><p><img src=\'http://i2.chinanews.com.cn/simg/ypt/2022/220502/134b3d23-b384-4472-bba5-2c48d99f1c84_zsite.jpg\' /></p><p>赛场一角。厦门文广体育供图</p><p>厦门马拉松系列赛OK RUN创办于2020年底，以“全民厦马，全城厦马”为赛事定位，旨在联动厦门岛内外六区，带动厦门各区体育经济及全民健身运动的发展，助力厦门“首批体育消费试点城市”的建设。</p><p>主办方称，本次活动是OK RUN走进集美区的第三个年头，希望通过丰富多彩的体育活动，满足青年对美好生活的期待，助力集美“青年发展友好型城区”建设，吸引更多优秀青年安居集美、扎根集美。(完)</p>', '中国新闻网', 'https://www.chinanews.com.cn/ty/2022/05-02/9744832.shtml', '2022-05-02 10:56:56', 'http://i2.chinanews.com.cn/simg/ypt/2022/220502/1a04472f-e8a8-47da-b16b-0b1046d06bd1_zsite.jpg', 'http://i2.chinanews.com.cn/simg/ypt/2022/220502/134b3d23-b384-4472-bba5-2c48d99f1c84_zsite.jpg', NULL, NULL, 0, 0, 0, 1651460216000, 1, 6, 1651849621234, 1651849621234);
INSERT INTO `news` VALUES (15815, 'b4e547d61ceee0816ca051750d502c9d', '（成都大运纪事）探访成都大运会志愿者培训现场：“小青椒”努力练就“十八般武艺”', '成都4月29日电 题：探访成都大运会志愿者培训现场：“小青椒”努力练就“十八般武艺”“25、26、27……”伴随着响亮的计数声，身穿白色短袖的成都大运会志愿者站在台上，双手交叠，手掌根部发力，在人体模型上认真练习心肺复苏术。29日，记者实地探访成都大运会赛会志愿者培训班，见证了一...', '<p>成都4月29日电 题：探访成都大运会志愿者培训现场：“小青椒”努力练就“十八般武艺”</p><p>“25、26、27……”伴随着响亮的计数声，身穿白色短袖的成都大运会志愿者站在台上，双手交叠，手掌根部发力，在人体模型上认真练习心肺复苏术。29日，记者实地探访成都大运会赛会志愿者培训班，见证了一场别开生面的“医疗急救知识讲授与演练”课堂。</p><p>成都大运会将于6月26日至7月7日举办，在这一国际体育盛会即将开幕之际，针对赛会志愿者的通识培训正如火如荼地进行。</p><p><img src=\'http://i2.chinanews.com.cn/simg/ypt/2022/220429/9fcb742d-0ce1-4fb3-80d5-b5e85eda87fd_zsite.jpeg\' /></p><p>志愿者们正在练习心肺复苏术。安源 摄</p><p>“大运会志愿者的培训工作从2019年开始就陆续启动了，通过线上线下相结合的方式，开展了通识培训、专业培训、场馆培训以及岗前演练等。”成都大运会执委会志愿者部招募培训处培训负责人薛琳耀介绍，志愿者部重点围绕中国传统文化、外事交流、科技创新、绿色低碳等内容，累计编制了约60门线上通识培训课程。</p><p>据了解，经过官方征集选拔，大运会志愿者们拥有一个可爱的昵称——“小青椒”。“青椒”体现了新发展理念下的“绿色、环保、青春”；“小”字则突出了大运会志愿者活泼、可爱的年轻化特点。“青椒”谐音“青交”，体现成都大运会是一场世界青年交流的盛会。“青椒”也寓意“青教”，大运会志愿者通过参与大运志愿服务实践，进一步认清时代际遇，增强责任感、使命感，厚植爱国情怀。</p><p>从课程内容来看，为服务好这场国际体育盛会，大运会志愿者需练就“十八般武艺”，压力颇重。虽然培训课程种类繁多，但记者在现场看到，“小青椒”们都十分专注、用心，展现了蓬勃活力，对参与成都大运会充满热情。</p><p><img src=\'http://i2.chinanews.com.cn/simg/ypt/2022/220429/b4365ac8-33f8-4aa8-89a0-93a5ab9d0bd5_zsite.jpeg\' /></p><p>认真学习的志愿者们。安源 摄</p><p>“作为一名体育生，我非常荣幸能够作为志愿者参与成都大运会，希望能充分利用培训期间所学，做好志愿者工作，贡献一份自己的力量。”成都大学研究生二年级学生李永彩笑着说，扎着马尾的她看起来青春洋溢。“我是练排球的，大运会期间将服务成都大学排球馆的竞赛工作，对我本人而言，这也是一次成长、学习、交流的难能可贵的机会。”</p><p>对于成都中医药大学研究生一年级学生张焰斌而言，参与志愿者培训的过程中，自己不仅学习了多领域的知识，也逐渐明确了年轻一代的价值和奋斗的目标。“虽然我们能做的不多，但志愿者的作用非常关键。”张焰斌说，“大运会期间，我会按照要求做好本职工作，为办好一场安全、精彩的大运会贡献青春力量。”</p><p>谈起培训期间印象最为深刻的一堂课程，四川大学研究生二年级学生夏兴宇难掩兴奋地回忆起日前成都市消防救援支队为志愿者开展的消防实操培训。“当天我学习了手提式干粉灭火器、便携式水基型灭火器、灭火毯等消防器材的区别和正确使用方式，还了解了消防安全常识和逃生自救方法，全是干货。”</p><p>夏兴宇告诉记者，自己对即将举办的成都大运会充满期待，虽然可能会很辛苦，但作为体育生，他将把体育训练中收获的韧性充分运用到志愿者工作中。“我不怕苦不怕累，在培训期间也学到了很多东西，我有信心能成为一名合格的志愿者。”他笑道。</p><p><img src=\'http://i2.chinanews.com.cn/simg/ypt/2022/220429/b4007966-e21d-49fd-8f19-fb5f32899b91_zsite.jpeg\' /></p><p>志愿者们正在户外练习礼仪课程。安源 摄</p><p>“医疗急救知识讲授与演练”课堂结束后，礼仪课堂在户外拉开序幕。“小青椒”们欢快地跑出，开始训练。捡东西的姿势、引导客人的手势……虽然烈日当空，但他们热情依旧。</p><p>薛琳耀站在一旁，脸上露出欣慰的笑容。他说，大运会期间，每一位志愿者都是向世界展现中国青年面貌、传播中国传统文化的使者。“成为一名大运会志愿者非常不容易，也很辛苦，希望所有‘小青椒’都要加油，为大运会顺利举办提供志愿服务保障。”(完)</p>', '中国新闻网', 'https://www.chinanews.com.cn/ty/2022/04-29/9743126.shtml', '2022-04-29 17:04:54', 'http://i2.chinanews.com.cn/simg/ypt/2022/220429/9fcb742d-0ce1-4fb3-80d5-b5e85eda87fd_zsite.jpeg', 'http://i2.chinanews.com.cn/simg/ypt/2022/220429/b4365ac8-33f8-4aa8-89a0-93a5ab9d0bd5_zsite.jpeg', 'http://i2.chinanews.com.cn/simg/ypt/2022/220429/b4007966-e21d-49fd-8f19-fb5f32899b91_zsite.jpeg', NULL, 0, 0, 0, 1651223094000, 1, 6, 1651849621248, 1651849621248);
INSERT INTO `news` VALUES (15816, '31420a12d3677aa765a9591b44abb8f6', '“排球之城”天津首座专业沙排球场正式启用', '天津4月29日电 (张少宣)29日，天津首座专业沙滩排球场地在复康路训练基地举行启用仪式。球场落成并投入使用意味着天津排球竞技水平整体性发展提升战略的进一步落地，同时也将吸引更多体育爱好者加入沙排运动，对天津沙排运动选材大有裨益。活动中，天津沙排运动员进行了一场表演赛，天津市体育...', '<p>天津4月29日电 (张少宣)29日，天津首座专业沙滩排球场地在复康路训练基地举行启用仪式。球场落成并投入使用意味着天津排球竞技水平整体性发展提升战略的进一步落地，同时也将吸引更多体育爱好者加入沙排运动，对天津沙排运动选材大有裨益。</p><p>活动中，天津沙排运动员进行了一场表演赛，天津市体育局局长李克敏在赛后表示，球场的落成为运动员提供了更加完善的训练条件，同时也为完成《天津市加快推进“排球之城”建设实施方案(2021—2030年)》中提及的“快速提升沙滩排球项目水平，提升国内比赛名次”这一主要任务提供了基础保证。</p><p>“训练基地内的两块专业沙滩排球场在功能和定位上不仅仅是为专业运动队训练服务，未来还将面向大众，承办大众类、青少年类的沙滩排球系列赛、排球培训等赛事及活动，让体育爱好者在市区内就能享受和专业运动队一样的优质场地，助力天津全民健身活动的开展。”天津市体育局副局长李珊在采访中说道。</p><p><img src=\'http://i2.chinanews.com.cn/simg/ypt/2022/220429/fece7a3f-14aa-41de-a664-e4dada429279_zsite.jpeg\' /></p><p>图为沙排教练员运动员在新场地合影 佟郁 摄</p><p>据天津沙滩排球队教练员郑鸿湧介绍，天津女子沙排队目前拥有五名队员，三名由天津女排转型至沙排，两名为八一军体改革后的引进队员，队伍构成上体现以老带新的特点。下一步，天津还将积极组建男排运动队，为下一个全运周期做准备。</p><p>“天津女沙目前正在为5月9日将于宁波开战的全国沙滩排球大满贯赛暨亚运会沙排演练赛备战。之前，队员们一直在室内练习体能和技战术，新球场落成有助于更好地训练运动员的平衡能力与运动机能，从而迅速提高队伍水平。”郑鸿湧说道。(完)</p>', '中国新闻网', 'https://www.chinanews.com.cn/ty/2022/04-29/9743127.shtml', '2022-04-29 17:03:54', 'http://i2.chinanews.com.cn/simg/ypt/2022/220429/fece7a3f-14aa-41de-a664-e4dada429279_zsite.jpeg', NULL, NULL, NULL, 0, 0, 0, 1651223034000, 1, 6, 1651849621283, 1651849621283);
INSERT INTO `news` VALUES (15817, '97277f858f6d34a7fb9e0b26c7cb954b', '赛事“大餐”、健身“礼包”轮番上演！居家也能感受体育的精彩', '融媒体发布丨赛事“大餐”、健身“礼包”轮番上演！居家也能感受体育的精彩伴随着五一小长假的脚步各项体育赛事接踵而来从4月开始30多项比赛相继开打通过央视、地方电视台新体育网、中国体育、抖音、腾讯体育、爱奇艺体育等网络平台足球、篮球、羽毛球、拳击、自行车、攀岩、击剑……传统、新兴项目...', '<p>融媒体发布丨赛事“大餐”、健身“礼包”轮番上演！居家也能感受体育的精彩</p><p>伴随着五一小长假的脚步</p><p>各项体育赛事接踵而来</p><p>从4月开始30多项比赛相继开打</p><p>通过央视、地方电视台</p><p>新体育网、中国体育、抖音、腾讯体育、爱奇艺体育等网络平台</p><p>足球、篮球、羽毛球、拳击、自行车、攀岩、击剑……</p><p>传统、新兴项目轮番上演</p><p>一组由国家体育总局组织的</p><p>“冠军喊你来踢毽”系列视频中</p><p>孙雯、肖若腾、汪顺、朱雪莹、蔡赟、李雪芮、李玲等</p><p>各路冠军尽显踢毽绝活</p><p>再一次点燃了大众参与运动的热情</p><p>一大波赛事和健身教学视频来袭</p><p>让你足不出户也能感受体育的精彩</p><p>女足姑娘永远不会让你失望</p><p>女子足球超级联赛、女子足球甲级联赛</p><p>在4月开始了第一阶段争夺</p><p>快来为铿锵玫瑰们加油</p><p>为她们的飒爽英姿喝彩</p><p>中国留洋球员武磊此前打入了本赛季西甲首球</p><p>帮助西班牙人队完成绝杀</p><p>目前西甲已进入收官阶段</p><p>期待武磊再有精彩表现</p><p>如果你喜欢更新潮一点的比赛</p><p>中国三人篮球联赛季前赛</p><p>计划将于5月中旬启幕</p><p>不同的人数、同样的精彩</p><p>羽毛球亚锦赛4月26日在菲律宾开打</p><p>中国羽毛球派出新老搭配的“阵容”</p><p>李诗沣、翁泓阳等四位小将出战男单</p><p>陈清晨/贾一凡、郑思维/黄雅琼、王懿律/黄东萍</p><p>进入5月汤姆斯杯和尤伯杯又将在泰国挥拍</p><p>中国羽毛球队将全力出战</p><p>女队由陈雨菲、何冰娇领衔</p><p>男队中有多位小将组成</p><p>他们将全力向世界强队发起冲击</p><p>精彩的羽毛球赛事将在电视、移动端进行多路转播</p>', '中国新闻网', 'https://www.chinanews.com.cn/ty/2022/04-29/9742597.shtml', '2022-04-29 09:46:41', NULL, NULL, NULL, NULL, 0, 0, 0, 1651196801000, 1, 6, 1651849621298, 1651849621298);
INSERT INTO `news` VALUES (15818, 'b51d17d4964408619e16b5e3eb6c87dc', '赵继伟：距离“山顶”还很远', '本赛季CBA总决赛，辽宁队以总比分4比0横扫浙江广厦队，队史第二次加冕CBA总冠军。赵继伟凭借出色的发挥荣膺总决赛最有价值球员，他认为自己距离“山顶”还有很远的距离。总决赛4场比赛，辽宁队主教练杨鸣没有把赵继伟安排进首发，但他的出场时间和后场核心位置一直很重要。在场上时，他总是能...', '<p>本赛季CBA总决赛，辽宁队以总比分4比0横扫浙江广厦队，队史第二次加冕CBA总冠军。赵继伟凭借出色的发挥荣膺总决赛最有价值球员，他认为自己距离“山顶”还有很远的距离。</p><p>总决赛4场比赛，辽宁队主教练杨鸣没有把赵继伟安排进首发，但他的出场时间和后场核心位置一直很重要。在场上时，他总是能用精准的传球将球队进攻梳理得井井有条。4场比赛，他总共送出31次助攻，第二场达到了13次。在个人得分方面，赵继伟效率也很高，4场比赛他的3分球命中率超过50%，其中第4场3分球5投4中，在22分钟里拿下20分和8次助攻。</p><p>根据CBA联盟本赛季开始前公布的规则，在总决赛全部比赛中，个人场均表现质量值位列第一的总冠军球队球员，将获得FMVP，即总决赛最有价值球员。如指标相同或相差分值在0.5以内(不含)，则总决赛全部比赛的总得分为主要参考值，总得分多者当选。前三场总决赛过后，赵继伟个人场均表现质量值排在莫兰德之后。凭借第四战9投7中的高命中率和多次助攻的出色表现，赵继伟最终完成超越。对于这一结果，球迷一致认为实至名归。</p><p>获得了总决赛最有价值球员奖项，赵继伟坦言：“这个奖不仅是给我个人的，更要颁给我们全队。我们就是团结，大家很努力地把比赛打好，把总决赛打好，每个人都是最有价值球员。”</p><p>今年已经是赵继伟代表辽宁队征战CBA的第9个赛季，此前两个赛季，辽宁队连续冲击总冠军失败，让赵继伟感到遗憾不已。“这次夺冠或许是一种弥补。辽宁队这几年挺不容易的，一直在摸爬滚打中往上冲，经历了两年我们认为不怎么好的情况。大家还是能有一个信念，从教练组、队员都憋着一股劲，想再继续冲。”赵继伟曾在个人社交媒体上发文：“最大的敌人是自己，山顶的人不多，我想去看看。”再次问鼎总冠军，他说：“今天这一刻我们算站上去了，但是我个人离山顶还有很远的距离。”</p><p>完成了本赛季的CBA征程，赵继伟还有新的任务。中国男篮计划于6月30日参加2023年世界杯预选赛，对手是澳大利亚队、中国台北队，作为国家队后卫线上的重要球员，赵继伟要继续向“山顶”攀登。</p>', '中国新闻网', 'https://www.chinanews.com.cn/ty/2022/04-29/9742528.shtml', '2022-04-29 05:15:34', NULL, NULL, NULL, NULL, 0, 0, 0, 1651180534000, 1, 6, 1651849621336, 1651849621336);
INSERT INTO `news` VALUES (15819, 'e7e523e95ef3ab096c38165826c99c27', '《“无废亚运”行动方案》发布', '杭州4月28日电(钱晨菲)28日记者获悉，浙江省全域“无废城市”建设工作专班办公室和2022年第19届亚运会组委会办公室于近日联合印发了《“无废亚运”行动方案》(下称《行动方案》)，旨在进一步深化全域“无废城市”建设，保障生态环境质量安全，实现“无废亚运”目标。“无废亚运”行动贯...', '<p>杭州4月28日电(钱晨菲)28日记者获悉，浙江省全域“无废城市”建设工作专班办公室和2022年第19届亚运会组委会办公室于近日联合印发了《“无废亚运”行动方案》(下称《行动方案》)，旨在进一步深化全域“无废城市”建设，保障生态环境质量安全，实现“无废亚运”目标。</p><p>“无废亚运”行动贯彻“绿色、低碳、无废”理念，坚持“两手抓”，一手抓涉疫垃圾和医疗废物应收尽收、应处尽处，一手抓赛会各类固废能减尽减、办会物资可用尽用，着力构建亚运固体废物减量工作体系、全民参与行动体系和数字化评价体系，将形成具有世界引领性、全国示范性的“无废”赛事重大标志性成果。</p><p>《行动方案》主要包括严守固废安全处置底线、推动固废源头减量、促进固废资源化利用、推广“无废亚运”理念四方面工作。</p><p>在严守固废安全处置底线方面，《行动方案》制定并落实了生活垃圾、涉疫废物的分类处置方案，确保全程闭环运转、百分百安全处置；加强对产生反应性、易燃易爆或剧毒危险废物的企业等涉危险废物单位风险管控。为推动固废源头减量，《行动方案》提到，要落实禁塑限塑要求，积极开展“无瓶”“光盘”行动，推广无纸化办公和可再生纸张，倡导绿色设计与采购，积极构建绿色供应链，减少赛事场馆垃圾产生。</p><p>而在促进固废资源化利用方面，《行动方案》明确，要落实场馆赛后再利用，构建可回收物分类体系和办会物资的租赁共享体系，确保赛后物资和材料的最大化回收和再次利用。</p><p>此外，《行动方案》明确要推广“无废亚运”理念，打造一批“无废”细胞示范点，编制公众“无废”行为指南，制定“无废赛事”实施指南。(完)</p>', '中国新闻网', 'https://www.chinanews.com.cn/ty/2022/04-28/9742074.shtml', '2022-04-28 18:56:30', NULL, NULL, NULL, NULL, 0, 0, 0, 1651143390000, 1, 6, 1651849621342, 1651849621342);
INSERT INTO `news` VALUES (15820, '4ec8589cba01df81f240e45921a4ea7b', '融媒体发布丨体育大餐来了！4-5月体育相关赛事一览', '', '', '中国新闻网', 'https://www.chinanews.com.cn/ty/2022/04-28/9741998.shtml', '2022-04-28 16:56:28', NULL, NULL, NULL, NULL, 0, 0, 0, 1651136188000, 1, 6, 1651849621395, 1651849621395);
INSERT INTO `news` VALUES (15821, '5f7788d28ecb347d2845a92bd8bf9b93', '斯诺克世锦赛：颜丙涛遭威廉姆斯逆转 无缘四强', '客户端4月28日电 北京时间28日凌晨，2022斯诺克世锦赛正赛第12比赛日结束了第二时段的比拼。中国选手颜丙涛在大比分10：8领先的情况下、最终以11：13不敌赛会8号种子马克-威廉姆斯，无缘世锦赛4强。2022斯诺克世锦赛于4月16日-5月2日在英国谢菲尔德克鲁斯堡剧院举行。...', '<p>客户端4月28日电 北京时间28日凌晨，2022斯诺克世锦赛正赛第12比赛日结束了第二时段的比拼。中国选手颜丙涛在大比分10：8领先的情况下、最终以11：13不敌赛会8号种子马克-威廉姆斯，无缘世锦赛4强。</p><p><img src=\'http://i2.chinanews.com.cn/simg/cmshd/2022/04/28/b6a52d0025e249379134c847f5b4ff9b.jpg\' /></p><p>2022斯诺克世锦赛于4月16日-5月2日在英国谢菲尔德克鲁斯堡剧院举行。该项赛事是2021/22赛季世界斯诺克巡回赛WST的最后一站排名赛。</p><p>这是颜丙涛和马克-威廉姆斯在世锦赛上的首次交锋。此前双方曾交手过6次，颜丙涛2胜4负处于下风。两人最近一次碰面是在今年1月的大师赛首轮，当时，“金左手”以6-4胜出。</p><p>此前两阶段比赛，颜丙涛在大比分2：6落后时上演绝地反击，将大比分扳成8：8平结束第二阶段。</p><p>第三阶段开始后，颜丙涛率先爆发连胜2局，大比分10：8领先。不过此后，马克-威廉姆斯打出单杆135分，并连扳2局，大比分追成10：10。</p><p>第21局，颜丙涛以93：34再胜一局，大比分11：10再次领先。此后，马克-威廉姆斯开始掌握比赛节奏连扳3局，大比分13：11逆转胜出，职业生涯第7次打进世锦赛半决赛。</p><p>至此，本届世锦赛参赛的中国选手均遗憾出局。赛后，颜丙涛表示：“这是一场非常接近的比赛。我很紧张，因为我距离我的首场克鲁斯堡半决赛是如此之近。在11：10领先时，我本有机会把比赛打成12：10的，但我想得太多了，而错失了母球的位置。”(完)</p>', '中国新闻网', 'https://www.chinanews.com.cn/ty/2022/04-28/9741610.shtml', '2022-04-28 09:57:03', 'http://i2.chinanews.com.cn/simg/cmshd/2022/04/28/b6a52d0025e249379134c847f5b4ff9b.jpg', NULL, NULL, NULL, 0, 0, 0, 1651111023000, 1, 6, 1651849621401, 1651849621401);
INSERT INTO `news` VALUES (15822, '725683703cb63f486b7b3eb78a4f3406', '亚冠：山东泰山、广州队再吃败仗 继续无缘首胜', '客户端4月28日电 北京时间27日晚，亚冠小组赛第5轮，中超球队山东泰山和广州队分别出战。面对此前已经交手的对手，两队纷纷落败继续无缘首胜。广州队此前出战四轮比赛均告负，打进0球失21球小组垫底。首回合交锋，柔佛DT5：0轻取广州队。本次比赛第15分钟，冯轶梵在禁区内拉倒对方球员...', '<p>客户端4月28日电 北京时间27日晚，亚冠小组赛第5轮，中超球队山东泰山和广州队分别出战。面对此前已经交手的对手，两队纷纷落败继续无缘首胜。</p><p>广州队此前出战四轮比赛均告负，打进0球失21球小组垫底。首回合交锋，柔佛DT5：0轻取广州队。本次比赛第15分钟，冯轶梵在禁区内拉倒对方球员，主裁判吹罚点球。柔佛外援伯格森操刀主罚点球命中，广州队0：1落后。</p><p>第33分钟，柔佛DT左路起球，伯格森中路抢点头球击中横梁，随后倒钩补射高出横梁。补时阶段陈鲲禁区内被判犯规，裁判再次判罚点球，伯格森点球梅开二度。最终广州队0：2不敌柔佛DT。</p><p>另外一场比赛由山东泰山对阵大邱。上半场，山东泰山在4分钟内连丢两球。第8分钟，山东泰山中场位置传球失误被断，泽卡抢断后禁区外一脚远射直挂死角破门，山东泰山0：1落后。</p><p>第12分钟，大邱角球开出，金镇赫后点头球摆渡，洪定夽包抄打门，皮球从近角窜入网窝，泰山0：2落后。</p><p>第57分钟，大邱通过角球再次取得进球，接到队友头球摆渡，李根镐头球破门。泰山0：3落后。第62分钟，山东泰山获得破门良机。接到队友传中，蔺国玉头球攻门，皮球被门将扑出。</p><p>第65分钟，大邱快速反击中，吴厚盛禁区内连续摆脱后打门再入一球，最终山东泰山0：4不敌大邱FC，遭遇两连败。(完)</p>', '中国新闻网', 'https://www.chinanews.com.cn/ty/2022/04-28/9741556.shtml', '2022-04-28 09:27:25', NULL, NULL, NULL, NULL, 0, 0, 0, 1651109245000, 1, 6, 1651849621405, 1651849621405);
INSERT INTO `news` VALUES (15823, 'daa0c88dc97f8782cbff37a38622f24f', '国家花游队公布2022世锦赛及亚运会选拔入选名单', '北京4月27日电 中国游泳协会26日发布《国家花样游泳队2022年世锦赛及杭州亚运会运动员选拔入选名单公示》通知。根据《国家花样游泳队2022年世锦赛及杭州亚运会选拔办法》，国家花样游泳队于2022年4月19-21日在北京木樨园体校和南京体院进行了运动员选拔测验。具体入选名单公示...', '<p>北京4月27日电 中国游泳协会26日发布《国家花样游泳队2022年世锦赛及杭州亚运会运动员选拔入选名单公示》通知。根据《国家花样游泳队2022年世锦赛及杭州亚运会选拔办法》，国家花样游泳队于2022年4月19-21日在北京木樨园体校和南京体院进行了运动员选拔测验。</p><p>具体入选名单公示如下：</p><p>一、2022年世锦赛入选运动员名单(14人)</p><p>北 京：冯 雨、常 昊、程文涛</p><p>天 津：石浩玙(男)</p><p>江 苏：王赐月、张依瑶</p><p>湖 南：张雅怡、樊家懿</p><p>广 东：王柳懿、王芊懿</p><p>四 川：肖雁宁、向玢璇</p><p>二、杭州亚运会入选运动员名单(10人)</p><p>北 京：冯 雨、常 昊、程文涛</p><p>湖 南：张雅怡、樊家懿</p><p>广 东：王柳懿、王芊懿</p><p>四 川：肖雁宁、向玢璇</p>', '中国新闻网', 'https://www.chinanews.com.cn/ty/2022/04-27/9740606.shtml', '2022-04-27 10:45:09', NULL, NULL, NULL, NULL, 0, 0, 0, 1651027509000, 1, 6, 1651849621445, 1651849621445);

-- ----------------------------
-- Table structure for notification
-- ----------------------------
DROP TABLE IF EXISTS `notification`;
CREATE TABLE `notification`  (
  `id` bigint(20) NOT NULL AUTO_INCREMENT,
  `notifier` bigint(20) NOT NULL,
  `receiver` bigint(20) NOT NULL,
  `outerid` bigint(20) NOT NULL,
  `type` int(1) NOT NULL COMMENT '1回问，2回评，3收藏，4点赞',
  `gmt_create` bigint(20) NOT NULL,
  `status` int(1) NOT NULL DEFAULT 0 COMMENT '0未读，1已读',
  `notifier_name` varchar(50) CHARACTER SET utf8mb4 COLLATE utf8mb4_general_ci NOT NULL,
  `outer_title` varchar(1024) CHARACTER SET utf8mb4 COLLATE utf8mb4_general_ci NOT NULL,
  PRIMARY KEY (`id`) USING BTREE
) ENGINE = InnoDB AUTO_INCREMENT = 26 CHARACTER SET = utf8 COLLATE = utf8_general_ci ROW_FORMAT = Compact;

-- ----------------------------
-- Records of notification
-- ----------------------------
INSERT INTO `notification` VALUES (1, 774, 1, 1, 1, 1649430828311, 0, '明***巢', '欢迎访问，又一个NiterForum社区');
INSERT INTO `notification` VALUES (2, 777, 774, 2, 1, 1649644330817, 0, '邮箱用户_g6rax', '111111111');
INSERT INTO `notification` VALUES (3, 777, 774, 2, 1, 1649644341875, 0, '邮箱用户_g6rax', '111111111');
INSERT INTO `notification` VALUES (4, 777, 774, 2, 1, 1649644439150, 0, '邮箱用户_g6rax', '111111111');
INSERT INTO `notification` VALUES (5, 776, 777, 4, 1, 1649649310907, 1, '邮箱用户_iz49t', '11111');
INSERT INTO `notification` VALUES (6, 776, 776, 4, 2, 1649649787100, 1, '邮箱用户_iz49t', '111');
INSERT INTO `notification` VALUES (7, 776, 776, 2, 11, 1649676911003, 1, '邮箱用户_iz49t', '点击去看看吧~');
INSERT INTO `notification` VALUES (8, 776, 776, 2, 14, 1649676931231, 1, '邮箱用户_iz49t', '快来看看啥这么受欢迎~');
INSERT INTO `notification` VALUES (9, 777, 774, 2, 3, 1649682064538, 0, '邮箱用户_g6rax', '111111111');
INSERT INTO `notification` VALUES (10, 776, 777, 4, 3, 1649682539547, 0, '邮箱用户_iz49t', '11111');
INSERT INTO `notification` VALUES (11, 776, 774, 1, 14, 1649682602606, 0, '邮箱用户_iz49t', '快来看看啥这么受欢迎~');
INSERT INTO `notification` VALUES (12, 776, 774, 3, 3, 1649683607037, 0, '邮箱用户_iz49t', '2222222');
INSERT INTO `notification` VALUES (13, 776, 777, 2, 4, 1649683657912, 0, '邮箱用户_iz49t', '111');
INSERT INTO `notification` VALUES (14, 776, 774, 1, 14, 1649683725656, 0, '邮箱用户_iz49t', '快来看看啥这么受欢迎~');
INSERT INTO `notification` VALUES (15, 774, 774, 3, 1, 1650250406232, 0, '明***巢', '2222222');
INSERT INTO `notification` VALUES (16, 775, 774, 3, 2, 1651218631236, 0, '邮箱用户_zuwr2', '111');
INSERT INTO `notification` VALUES (17, 775, 774, 3, 1, 1651218654235, 0, '邮箱用户_zuwr2', '2222222');
INSERT INTO `notification` VALUES (18, 777, 774, 7, 1, 1651631785459, 0, '邮箱用户_g6rax', '111');
INSERT INTO `notification` VALUES (19, 777, 777, 7, 2, 1651631794998, 0, '邮箱用户_g6rax', '333');
INSERT INTO `notification` VALUES (20, 777, 777, 8, 3, 1651758757875, 0, '邮箱用户_g6rax', '阅读《见识》笔记');
INSERT INTO `notification` VALUES (21, 777, 774, 1, 11, 1651760802129, 0, '邮箱用户_g6rax', '点击去看看吧~');
INSERT INTO `notification` VALUES (22, 777, 774, 1, 14, 1651760813775, 0, '邮箱用户_g6rax', '快来看看啥这么受欢迎~');
INSERT INTO `notification` VALUES (23, 777, 774, 1, 11, 1651806042003, 0, '邮箱用户_g6rax', '点击去看看吧~');
INSERT INTO `notification` VALUES (24, 777, 776, 6, 3, 1651838603941, 0, '云之痕', '招生');
INSERT INTO `notification` VALUES (25, 777, 776, 4, 4, 1651841994813, 0, '云之痕', '111');

-- ----------------------------
-- Table structure for question
-- ----------------------------
DROP TABLE IF EXISTS `question`;
CREATE TABLE `question`  (
  `id` bigint(20) NOT NULL AUTO_INCREMENT,
  `title` varchar(120) CHARACTER SET utf8 COLLATE utf8_general_ci NOT NULL COMMENT '标题',
  `description` text CHARACTER SET utf8mb4 COLLATE utf8mb4_general_ci NULL COMMENT '内容',
  `gmt_create` bigint(20) NOT NULL COMMENT '发布时间',
  `gmt_modified` bigint(20) NOT NULL COMMENT ' 修改时间',
  `creator` bigint(20) NOT NULL COMMENT ' 文章作者id user_id',
  `comment_count` int(11) NOT NULL DEFAULT 0 COMMENT '评论数量',
  `view_count` int(11) NOT NULL DEFAULT 0 COMMENT ' 阅读数量',
  `like_count` int(11) NOT NULL DEFAULT 0 COMMENT '点赞数量',
  `tag` varchar(256) CHARACTER SET utf8 COLLATE utf8_general_ci NULL DEFAULT NULL COMMENT '文章标签, 一个文章可以有多个标签, 标签之间用英文逗号隔开',
  `gmt_latest_comment` bigint(20) NOT NULL COMMENT '最新评论的时间',
  `status` int(11) NOT NULL DEFAULT 0 COMMENT '1加精，2置顶，3精+顶',
  `column2` int(3) NULL DEFAULT 2 COMMENT '专栏号',
  `permission` int(3) NULL DEFAULT 0 COMMENT '阅读权限',
  PRIMARY KEY (`id`) USING BTREE
) ENGINE = InnoDB AUTO_INCREMENT = 10 CHARACTER SET = utf8 COLLATE = utf8_general_ci ROW_FORMAT = Compact;

-- ----------------------------
-- Records of question
-- ----------------------------
INSERT INTO `question` VALUES (1, '欢迎访问', '<p id=\"descriptionP\"><p><img src=\"/images/smile/douyin/bly.png\" alt=\"undefined\" data-w-e=\"1\" style=\"height: 20px;\">感谢您选用<a href=\"https://niter.cn/forum\" target=\"_blank\">NiterForum</a>社区</p><p><img src=\"/images/smile/douyin/bn8.png\" alt=\"undefined\" data-w-e=\"1\" style=\"height: 20px;\">NiterForum安装配置常见问题汇总，您可以参考此帖：<a href=\"https://niter.cn/p/255\">https://niter.cn/p/255</a>&nbsp;&nbsp;</p><p><img src=\"/images/smile/douyin/bmp.png\" alt=\"undefined\" data-w-e=\"1\" style=\"height: 20px;\">关于<span style=\"\\&quot;color:\" rgb(249,=\"\" 150,=\"\" 59);\\\"=\"\">更新</span>日志，您可以关注此帖：<a href=\"https://niter.cn/p/26\">https://niter.cn/p/26</a>&nbsp;&nbsp;</p><p><img src=\"/images/smile/douyin/bp6.png\" alt=\"undefined\" data-w-e=\"1\" style=\"height: 20px;\">我们已经将<span style=\"\\&quot;color:\" rgb(255,=\"\" 0,=\"\" 0);\\\"=\"\">最新</span>版本的代码上传到了<a href=\"https://github.com/yourkevin/NiterForum/\" target=\"_blank\"><img style=\"height: 12px;\" src=\"https://api.d5.nz/api/favicon/?url=https://github.com/yourkevin/NiterForum/\">Github</a>与<a href=\"https://gitee.com/yourkevin/NiterForum/\" target=\"_blank\"><img style=\"height: 12px;\" src=\"https://api.d5.nz/api/favicon/?url=https://gitee.com/yourkevin/NiterForum/\">码云</a>，欢迎下载体验。</p><p><img src=\"/images/smile/douyin/blx.png\" alt=\"undefined\" data-w-e=\"1\" style=\"height: 20px;\">您可以编辑或者删除掉此帖。</p><p><br></p></p><p><br></p>', 1606642025000, 1606642025000, 1, 1, 22, 0, '教程,公告', 1649430828304, 0, 4, 0);
INSERT INTO `question` VALUES (2, '书籍分享', '<p id=\"descriptionP\"><p><span style=\"font-weight: bold; font-size: x-large;\">书籍</span></p></p><ul cid=\"n0\" mdtype=\"list\" style=\"margin-top: 30px; margin-bottom: 0.8em; margin-left: 0px; padding-left: 30px; position: relative; color: rgb(51, 51, 51); font-family: &quot;Open Sans&quot;, &quot;Clear Sans&quot;, &quot;Helvetica Neue&quot;, Helvetica, Arial, sans-serif; font-size: 16px;\"><li cid=\"n2\" mdtype=\"list_item\" style=\"position: relative;\"><p cid=\"n3\" mdtype=\"paragraph\" style=\"line-height: inherit; orphans: 4; margin-top: 0px; margin-bottom: 0.5rem; white-space: pre-wrap; position: relative;\"><span md-inline=\"plain\">道德经</span></p></li><li cid=\"n4\" mdtype=\"list_item\" style=\"position: relative;\"><p cid=\"n5\" mdtype=\"paragraph\" style=\"line-height: inherit; orphans: 4; margin-top: 0px; margin-bottom: 0.5rem; white-space: pre-wrap; position: relative;\"><span md-inline=\"plain\">庄子</span></p></li><li cid=\"n6\" mdtype=\"list_item\" style=\"position: relative;\"><p cid=\"n7\" mdtype=\"paragraph\" style=\"line-height: inherit; orphans: 4; margin-top: 0px; margin-bottom: 0.5rem; white-space: pre-wrap; position: relative;\"><span md-inline=\"plain\">活着</span></p></li><li cid=\"n8\" mdtype=\"list_item\" style=\"position: relative;\"><p cid=\"n9\" mdtype=\"paragraph\" style=\"line-height: inherit; orphans: 4; margin-top: 0px; margin-bottom: 0.5rem; white-space: pre-wrap; position: relative;\"><span md-inline=\"plain\">围城</span></p></li><li cid=\"n10\" mdtype=\"list_item\" style=\"position: relative;\"><p cid=\"n11\" mdtype=\"paragraph\" style=\"line-height: inherit; orphans: 4; margin-top: 0px; margin-bottom: 0.5rem; white-space: pre-wrap; position: relative;\"><span md-inline=\"plain\">文化苦旅</span></p></li><li cid=\"n12\" mdtype=\"list_item\" style=\"position: relative;\"><p cid=\"n13\" mdtype=\"paragraph\" style=\"line-height: inherit; orphans: 4; margin-top: 0px; margin-bottom: 0.5rem; white-space: pre-wrap; position: relative;\"><span md-inline=\"plain\">见识</span></p></li></ul><ul cid=\"n15\" mdtype=\"list\" style=\"margin-top: 0.8em; margin-bottom: 0.8em; margin-left: 0px; padding-left: 30px; position: relative; color: rgb(51, 51, 51); font-family: &quot;Open Sans&quot;, &quot;Clear Sans&quot;, &quot;Helvetica Neue&quot;, Helvetica, Arial, sans-serif; font-size: 16px;\"><li cid=\"n16\" mdtype=\"list_item\" style=\"position: relative;\"><p cid=\"n17\" mdtype=\"paragraph\" style=\"line-height: inherit; orphans: 4; margin-top: 0px; margin-bottom: 0.5rem; white-space: pre-wrap; position: relative;\"><span md-inline=\"plain\">大学之路</span></p></li></ul><ul cid=\"n19\" mdtype=\"list\" style=\"margin-top: 0.8em; margin-bottom: 0.8em; margin-left: 0px; padding-left: 30px; position: relative; color: rgb(51, 51, 51); font-family: &quot;Open Sans&quot;, &quot;Clear Sans&quot;, &quot;Helvetica Neue&quot;, Helvetica, Arial, sans-serif; font-size: 16px;\"><li cid=\"n20\" mdtype=\"list_item\" style=\"position: relative;\"><p cid=\"n21\" mdtype=\"paragraph\" style=\"line-height: inherit; orphans: 4; margin-top: 0px; margin-bottom: 0.5rem; white-space: pre-wrap; position: relative;\"><span md-inline=\"plain\">亲密关系</span></p></li></ul><ul cid=\"n23\" mdtype=\"list\" style=\"margin-top: 0.8em; margin-bottom: 0.8em; margin-left: 0px; padding-left: 30px; position: relative; color: rgb(51, 51, 51); font-family: &quot;Open Sans&quot;, &quot;Clear Sans&quot;, &quot;Helvetica Neue&quot;, Helvetica, Arial, sans-serif; font-size: 16px;\"><li cid=\"n24\" mdtype=\"list_item\" style=\"position: relative;\"><p cid=\"n25\" mdtype=\"paragraph\" style=\"line-height: inherit; orphans: 4; margin-top: 0px; margin-bottom: 0.5rem; white-space: pre-wrap; position: relative;\"><span md-inline=\"plain\">被拒绝的勇气</span></p></li><li cid=\"n26\" mdtype=\"list_item\" style=\"position: relative;\"><p cid=\"n27\" mdtype=\"paragraph\" style=\"line-height: inherit; orphans: 4; margin-top: 0px; margin-bottom: 0.5rem; white-space: pre-wrap; position: relative;\"><span md-inline=\"plain\">非暴力沟通</span></p></li></ul><ul cid=\"n29\" mdtype=\"list\" style=\"margin-top: 0.8em; margin-bottom: 0.8em; margin-left: 0px; padding-left: 30px; position: relative; color: rgb(51, 51, 51); font-family: &quot;Open Sans&quot;, &quot;Clear Sans&quot;, &quot;Helvetica Neue&quot;, Helvetica, Arial, sans-serif; font-size: 16px;\"><li cid=\"n30\" mdtype=\"list_item\" style=\"position: relative;\"><p cid=\"n31\" mdtype=\"paragraph\" style=\"line-height: inherit; orphans: 4; margin-top: 0px; margin-bottom: 0.5rem; white-space: pre-wrap; position: relative;\"><span md-inline=\"plain\">地球</span></p></li><li cid=\"n32\" mdtype=\"list_item\" style=\"position: relative;\"><p cid=\"n33\" mdtype=\"paragraph\" style=\"line-height: inherit; orphans: 4; margin-top: 0px; margin-bottom: 0.5rem; white-space: pre-wrap; position: relative;\"><span md-inline=\"plain\">从一到无穷大</span></p></li><li cid=\"n34\" mdtype=\"list_item\" style=\"position: relative;\"><p cid=\"n35\" mdtype=\"paragraph\" style=\"line-height: inherit; orphans: 4; margin-top: 0px; margin-bottom: 0.5rem; white-space: pre-wrap; position: relative;\"><span md-inline=\"plain\">数学之美</span></p></li></ul><ul cid=\"n37\" mdtype=\"list\" style=\"margin-top: 0.8em; margin-bottom: 0.8em; margin-left: 0px; padding-left: 30px; position: relative; color: rgb(51, 51, 51); font-family: &quot;Open Sans&quot;, &quot;Clear Sans&quot;, &quot;Helvetica Neue&quot;, Helvetica, Arial, sans-serif; font-size: 16px;\"><li cid=\"n38\" mdtype=\"list_item\" style=\"position: relative;\"><p cid=\"n39\" mdtype=\"paragraph\" style=\"line-height: inherit; orphans: 4; margin-top: 0px; margin-bottom: 0.5rem; white-space: pre-wrap; position: relative;\"><span md-inline=\"plain\">浪潮之巅</span></p></li><li cid=\"n40\" mdtype=\"list_item\" style=\"position: relative;\"><p cid=\"n41\" mdtype=\"paragraph\" style=\"line-height: inherit; orphans: 4; margin-top: 0px; margin-bottom: 0.5rem; white-space: pre-wrap; position: relative;\"><span md-inline=\"plain\">智能时代</span></p></li><li cid=\"n42\" mdtype=\"list_item\" style=\"position: relative;\"><p cid=\"n43\" mdtype=\"paragraph\" style=\"line-height: inherit; orphans: 4; margin-top: 0px; margin-bottom: 0.5rem; white-space: pre-wrap; position: relative;\"><span md-inline=\"plain\">硅谷之谜</span></p></li></ul><p><br></p><p><br></p>', 1649425841875, 1651839149260, 774, 3, 13, 1, '笔记,java', 1649644439146, 0, 2, 0);
INSERT INTO `question` VALUES (3, '统计学', '<p id=\"descriptionP\"><p><span style=\"color: rgb(51, 51, 51); font-family: &quot;Open Sans&quot;, &quot;Clear Sans&quot;, &quot;Helvetica Neue&quot;, Helvetica, Arial, sans-serif; font-size: 2.25em; font-weight: bold; white-space: pre-wrap;\">统计学</span></p></p><h2 cid=\"n2\" mdtype=\"heading\" style=\"break-after: avoid-page; break-inside: avoid; font-size: 1.75em; margin-top: 1rem; margin-bottom: 1rem; position: relative; font-weight: bold; line-height: 1.225; cursor: text; padding-bottom: 0.3em; border-bottom: 1px solid rgb(238, 238, 238); white-space: pre-wrap; color: rgb(51, 51, 51); font-family: &quot;Open Sans&quot;, &quot;Clear Sans&quot;, &quot;Helvetica Neue&quot;, Helvetica, Arial, sans-serif;\"><span md-inline=\"plain\">1. Introduction</span></h2><p cid=\"n3\" mdtype=\"paragraph\" style=\"line-height: inherit; orphans: 4; margin-top: 0.8em; margin-bottom: 0.8em; white-space: pre-wrap; position: relative; color: rgb(51, 51, 51); font-family: &quot;Open Sans&quot;, &quot;Clear Sans&quot;, &quot;Helvetica Neue&quot;, Helvetica, Arial, sans-serif; font-size: 16px;\"><span md-inline=\"strong\"><strong><span md-inline=\"plain\">Descriptive</span></strong></span></p><ul cid=\"n4\" mdtype=\"list\" style=\"margin-top: 0.8em; margin-bottom: 0.8em; margin-left: 0px; padding-left: 30px; position: relative; color: rgb(51, 51, 51); font-family: &quot;Open Sans&quot;, &quot;Clear Sans&quot;, &quot;Helvetica Neue&quot;, Helvetica, Arial, sans-serif; font-size: 16px;\"><li cid=\"n5\" mdtype=\"list_item\" style=\"position: relative;\"><p cid=\"n6\" mdtype=\"paragraph\" style=\"line-height: inherit; orphans: 4; margin-top: 0px; margin-bottom: 0.5rem; white-space: pre-wrap; position: relative;\"><span md-inline=\"plain\">Organize and summarize the data</span></p></li><li cid=\"n7\" mdtype=\"list_item\" style=\"position: relative;\"><p cid=\"n8\" mdtype=\"paragraph\" style=\"line-height: inherit; orphans: 4; margin-top: 0px; margin-bottom: 0.5rem; white-space: pre-wrap; position: relative;\"><span md-inline=\"plain\">Examine relationships among variables</span></p><p cid=\"n9\" mdtype=\"paragraph\" style=\"line-height: inherit; orphans: 4; margin-top: 0.5rem; margin-bottom: 0.5rem; white-space: pre-wrap; position: relative;\"><span md-inline=\"plain\">Is Math grade correlated with History grade？</span></p></li></ul><p cid=\"n10\" mdtype=\"paragraph\" style=\"line-height: inherit; orphans: 4; margin-top: 0.8em; margin-bottom: 0.8em; white-space: pre-wrap; position: relative; color: rgb(51, 51, 51); font-family: &quot;Open Sans&quot;, &quot;Clear Sans&quot;, &quot;Helvetica Neue&quot;, Helvetica, Arial, sans-serif; font-size: 16px;\"><span md-inline=\"strong\"><strong><span md-inline=\"plain\">Experimental</span></strong></span><span md-inline=\"plain\">（因果机制）</span></p><ul cid=\"n11\" mdtype=\"list\" style=\"margin-top: 0.8em; margin-bottom: 0.8em; margin-left: 0px; padding-left: 30px; position: relative; color: rgb(51, 51, 51); font-family: &quot;Open Sans&quot;, &quot;Clear Sans&quot;, &quot;Helvetica Neue&quot;, Helvetica, Arial, sans-serif; font-size: 16px;\"><li cid=\"n12\" mdtype=\"list_item\" style=\"position: relative;\"><p cid=\"n13\" mdtype=\"paragraph\" style=\"line-height: inherit; orphans: 4; margin-top: 0px; margin-bottom: 0.5rem; white-space: pre-wrap; position: relative;\"><span md-inline=\"plain\">Randomly assign students to different schedules</span></p><ul cid=\"n14\" mdtype=\"list\" style=\"margin-top: 0px; margin-bottom: 0px; margin-left: 0px; padding-left: 30px; position: relative;\"><li cid=\"n15\" mdtype=\"list_item\" style=\"position: relative;\"><p cid=\"n16\" mdtype=\"paragraph\" style=\"line-height: inherit; orphans: 4; margin-top: 0px; margin-bottom: 0.5rem; white-space: pre-wrap; position: relative;\"><span md-inline=\"plain\">Year-round</span></p></li><li cid=\"n17\" mdtype=\"list_item\" style=\"position: relative;\"><p cid=\"n18\" mdtype=\"paragraph\" style=\"line-height: inherit; orphans: 4; margin-top: 0px; margin-bottom: 0.5rem; white-space: pre-wrap; position: relative;\"><span md-inline=\"plain\">Summer break </span></p></li></ul><p cid=\"n19\" mdtype=\"paragraph\" style=\"line-height: inherit; orphans: 4; margin-top: 0.5rem; margin-bottom: 0.5rem; white-space: pre-wrap; position: relative;\"><span md-inline=\"plain\">Is achievement affected by schedule？</span></p></li></ul><p><br></p><p><br></p>', 1649558115777, 1651839066645, 774, 3, 31, 1, '闲聊,教程', 1651218654197, 0, 1, 0);
INSERT INTO `question` VALUES (4, '图片和视频', '<p id=\"descriptionP\"><p><img src=\"https://selfmanage-1302777603.cos.ap-chengdu.myqcloud.com/upload/user/777/img/20220411093147_x1.png\" style=\"max-width:100%;\"><br></p><p><iframe onload=\"setIframeHeight(this)\" src=\"//player.bilibili.com/player.html?aid=980902831&amp;bvid=BV1z44y1G7Dv&amp;cid=584279833&amp;page=1\" scrolling=\"no\" border=\"0\" frameborder=\"no\" framespacing=\"0\" allowfullscreen=\"true\"> </iframe></p><p><br></p><p><iframe onload=\"setIframeHeight(this)\" src=\"//player.bilibili.com/player.html?aid=725361265&amp;bvid=BV1HS4y117sK&amp;cid=564731951&amp;page=1\" scrolling=\"no\" border=\"0\" frameborder=\"no\" framespacing=\"0\" allowfullscreen=\"true\"> </iframe></p><p><br></p><p></p><p><br></p><p></p><p><br></p></p><p><br></p>', 1649640825091, 1651841977715, 777, 2, 33, 1, '闲聊,讨论', 1651842050569, 1, 6, 0);
INSERT INTO `question` VALUES (5, '55555555555', '<p><iframe onload=\"setIframeHeight(this)\" src=\"//player.bilibili.com/player.html?aid=725361265&amp;bvid=BV1HS4y117sK&amp;cid=564731951&amp;page=1\" scrolling=\"no\" border=\"0\" frameborder=\"no\" framespacing=\"0\" allowfullscreen=\"true\"> </iframe></p><p>5555</p>', 1649645239981, 1649645239981, 776, 0, 5, 0, '闲聊', 1649645239981, 0, 4, 0);
INSERT INTO `question` VALUES (6, '招生', '<p><iframe onload=\"setIframeHeight(this)\" src=\"//player.bilibili.com/player.html?aid=425337523&amp;bvid=BV143411H7Uv&amp;cid=564797791&amp;page=1\" scrolling=\"no\" border=\"0\" frameborder=\"no\" framespacing=\"0\" allowfullscreen=\"true\"> </iframe></p><p><img src=\"https://pic.imgdb.cn/item/62563aae239250f7c5ac18dc.jpg\" style=\"max-width: 100%;\"><br></p>', 1649818407121, 1649818407121, 776, 0, 4, 1, '闲聊,笔记', 1649818407121, 0, 6, 0);
INSERT INTO `question` VALUES (7, '外脑相关概念', '<p id=\"descriptionP\"><h1 cid=\"n0\" mdtype=\"heading\" style=\"break-after: avoid-page; break-inside: avoid; font-size: 2.25em; margin-top: 1rem; margin-bottom: 1rem; position: relative; font-weight: bold; line-height: 1.2; cursor: text; padding-bottom: 0.3em; border-bottom: 1px solid rgb(238, 238, 238); white-space: pre-wrap; color: rgb(51, 51, 51); font-family: &quot;Open Sans&quot;, &quot;Clear Sans&quot;, &quot;Helvetica Neue&quot;, Helvetica, Arial, sans-serif;\"><span md-inline=\"plain\">使用Obsidian作为第二大脑</span></h1></p><p cid=\"n2\" mdtype=\"paragraph\" style=\"line-height: inherit; orphans: 4; margin-top: 0.8em; margin-bottom: 0.8em; white-space: pre-wrap; position: relative; color: rgb(51, 51, 51); font-family: &quot;Open Sans&quot;, &quot;Clear Sans&quot;, &quot;Helvetica Neue&quot;, Helvetica, Arial, sans-serif; font-size: 16px;\"><span md-inline=\"plain\">#自我管理 #工具使用</span></p><p cid=\"n3\" mdtype=\"paragraph\" style=\"line-height: inherit; orphans: 4; margin-top: 0.8em; margin-bottom: 0.8em; white-space: pre-wrap; position: relative; color: rgb(51, 51, 51); font-family: &quot;Open Sans&quot;, &quot;Clear Sans&quot;, &quot;Helvetica Neue&quot;, Helvetica, Arial, sans-serif; font-size: 16px;\"><span md-inline=\"link\"><a spellcheck=\"false\" href=\"https://www.zhihu.com/question/404442963/answer/2240196845\" style=\"cursor: pointer; color: rgb(65, 131, 196); -webkit-user-drag: none;\"><span md-inline=\"plain\">知乎建立外脑</span></a></span></p><h3 cid=\"n4\" mdtype=\"heading\" style=\"break-after: avoid-page; break-inside: avoid; font-size: 1.5em; margin-top: 1rem; margin-bottom: 1rem; position: relative; font-weight: bold; line-height: 1.43; cursor: text; white-space: pre-wrap; color: rgb(51, 51, 51); font-family: &quot;Open Sans&quot;, &quot;Clear Sans&quot;, &quot;Helvetica Neue&quot;, Helvetica, Arial, sans-serif;\"><span md-inline=\"plain\">我的总结</span></h3><ol start=\"\" cid=\"n5\" mdtype=\"list\" style=\"margin-top: 0.8em; margin-bottom: 0.8em; margin-left: 0px; padding-left: 30px; position: relative; color: rgb(51, 51, 51); font-family: &quot;Open Sans&quot;, &quot;Clear Sans&quot;, &quot;Helvetica Neue&quot;, Helvetica, Arial, sans-serif; font-size: 16px;\"><li cid=\"n6\" mdtype=\"list_item\" style=\"position: relative;\"><p cid=\"n7\" mdtype=\"paragraph\" style=\"line-height: inherit; orphans: 4; margin-top: 0px; margin-bottom: 0.5rem; white-space: pre-wrap; position: relative;\"><span md-inline=\"plain\">可以用Obsidan完成储存体的建立，包括收集箱，等待处理，将来可能，资料归档和专题研究</span></p></li><li cid=\"n8\" mdtype=\"list_item\" style=\"position: relative;\"><p cid=\"n9\" mdtype=\"paragraph\" style=\"line-height: inherit; orphans: 4; margin-top: 0px; margin-bottom: 0.5rem; white-space: pre-wrap; position: relative;\"><span md-inline=\"plain\">之后Obsidan的标签面板会自动显示所有创建的标签</span></p></li><li cid=\"n10\" mdtype=\"list_item\" style=\"position: relative;\"><p cid=\"n11\" mdtype=\"paragraph\" style=\"line-height: inherit; orphans: 4; margin-top: 0px; margin-bottom: 0.5rem; white-space: pre-wrap; position: relative;\"><span md-inline=\"plain\">同时自己创建索引，构成知识网络</span></p></li></ol><h3 cid=\"n12\" mdtype=\"heading\" style=\"break-after: avoid-page; break-inside: avoid; font-size: 1.5em; margin-top: 1rem; margin-bottom: 1rem; position: relative; font-weight: bold; line-height: 1.43; cursor: text; white-space: pre-wrap; color: rgb(51, 51, 51); font-family: &quot;Open Sans&quot;, &quot;Clear Sans&quot;, &quot;Helvetica Neue&quot;, Helvetica, Arial, sans-serif;\"><span md-inline=\"plain\">知乎建立外脑</span></h3><p cid=\"n13\" mdtype=\"paragraph\" style=\"line-height: inherit; orphans: 4; margin-top: 0.8em; margin-bottom: 0.8em; white-space: pre-wrap; position: relative; color: rgb(51, 51, 51); font-family: &quot;Open Sans&quot;, &quot;Clear Sans&quot;, &quot;Helvetica Neue&quot;, Helvetica, Arial, sans-serif; font-size: 16px;\"><span md-inline=\"plain\">整个外脑就是由两个系统构成的</span></p><blockquote cid=\"n14\" mdtype=\"blockquote\" style=\"margin-top: 0.8em; margin-bottom: 0.8em; border-left-width: 4px; border-left-color: rgb(223, 226, 229); padding: 0px 15px; color: rgb(119, 119, 119); font-family: &quot;Open Sans&quot;, &quot;Clear Sans&quot;, &quot;Helvetica Neue&quot;, Helvetica, Arial, sans-serif; font-size: 16px;\"><p cid=\"n15\" mdtype=\"paragraph\" style=\"line-height: inherit; orphans: 4; margin-top: 0px; margin-bottom: 0.8em; white-space: pre-wrap; position: relative;\"><span md-inline=\"plain\">第一个是</span><span md-inline=\"strong\"><strong><span md-inline=\"plain\">储存笔记</span></strong></span><span md-inline=\"plain\">的系统。</span></p><p cid=\"n16\" mdtype=\"paragraph\" style=\"line-height: inherit; orphans: 4; margin-top: 0.8em; margin-bottom: 0px; white-space: pre-wrap; position: relative;\"><span md-inline=\"plain\">第二个则是</span><span md-inline=\"strong\"><strong><span md-inline=\"plain\">索引笔记</span></strong></span><span md-inline=\"plain\">的系统。</span></p></blockquote><p cid=\"n17\" mdtype=\"paragraph\" style=\"line-height: inherit; orphans: 4; margin-top: 0.8em; margin-bottom: 0.8em; white-space: pre-wrap; position: relative; color: rgb(51, 51, 51); font-family: &quot;Open Sans&quot;, &quot;Clear Sans&quot;, &quot;Helvetica Neue&quot;, Helvetica, Arial, sans-serif; font-size: 16px;\"><span md-inline=\"image\" style=\"min-width: 10px; min-height: 10px; position: relative; word-break: break-all; font-family: monospace; vertical-align: top; display: inline-block; width: 800px;\"><img referrerpolicy=\"no-referrer\" src=\"https://pica.zhimg.com/v2-7a2f8f7cb278e0b9bc2953482710ac46_r.jpg?source=1940ef5c\" onerror=\"onImageErrorFunc(event)\" onload=\"onLoadedFuncForQuickAction(event)\" style=\"border-width: 0px 4px 0px 2px; border-top-style: initial; border-right-style: solid; border-bottom-style: initial; border-left-style: solid; border-right-color: transparent; border-left-color: transparent; max-width: 100%; cursor: default; display: block; margin: auto;\"></span></p><p cid=\"n18\" mdtype=\"paragraph\" style=\"line-height: inherit; orphans: 4; margin-top: 0.8em; margin-bottom: 0.8em; white-space: pre-wrap; position: relative; color: rgb(51, 51, 51); font-family: &quot;Open Sans&quot;, &quot;Clear Sans&quot;, &quot;Helvetica Neue&quot;, Helvetica, Arial, sans-serif; font-size: 16px;\"><span md-inline=\"plain\">整个外脑的搭建可以归纳为三步走</span></p><blockquote cid=\"n19\" mdtype=\"blockquote\" style=\"margin-top: 0.8em; margin-bottom: 0.8em; border-left-width: 4px; border-left-color: rgb(223, 226, 229); padding: 0px 15px; color: rgb(119, 119, 119); font-family: &quot;Open Sans&quot;, &quot;Clear Sans&quot;, &quot;Helvetica Neue&quot;, Helvetica, Arial, sans-serif; font-size: 16px;\"><p cid=\"n20\" mdtype=\"paragraph\" style=\"line-height: inherit; orphans: 4; margin-top: 0px; margin-bottom: 0.8em; white-space: pre-wrap; position: relative;\"><span md-inline=\"plain\">第一步：把收集的知识装进去</span></p><p cid=\"n21\" mdtype=\"paragraph\" style=\"line-height: inherit; orphans: 4; margin-top: 0.8em; margin-bottom: 0.8em; white-space: pre-wrap; position: relative;\"><span md-inline=\"plain\">第二步：把知识整理好，设立规则，以供随时取用</span></p><p cid=\"n22\" mdtype=\"paragraph\" style=\"line-height: inherit; orphans: 4; margin-top: 0.8em; margin-bottom: 0px; white-space: pre-wrap; position: relative;\"><span md-inline=\"plain\">第三步：用的时候可以迅速把需要的知识拿出来</span></p></blockquote><p cid=\"n23\" mdtype=\"paragraph\" style=\"line-height: inherit; orphans: 4; margin-top: 0.8em; margin-bottom: 0.8em; white-space: pre-wrap; position: relative; color: rgb(51, 51, 51); font-family: &quot;Open Sans&quot;, &quot;Clear Sans&quot;, &quot;Helvetica Neue&quot;, Helvetica, Arial, sans-serif; font-size: 16px;\"><span md-inline=\"strong\"><strong><span md-inline=\"plain\">核心:</span></strong></span></p><p cid=\"n24\" mdtype=\"paragraph\" style=\"line-height: inherit; orphans: 4; margin-top: 0.8em; margin-bottom: 0.8em; white-space: pre-wrap; position: relative; color: rgb(51, 51, 51); font-family: &quot;Open Sans&quot;, &quot;Clear Sans&quot;, &quot;Helvetica Neue&quot;, Helvetica, Arial, sans-serif; font-size: 16px;\"><span md-inline=\"image\" style=\"min-width: 10px; min-height: 10px; position: relative; word-break: break-all; font-family: monospace; vertical-align: top; display: inline-block; width: 800px;\"><img referrerpolicy=\"no-referrer\" src=\"https://pic2.zhimg.com/v2-d5f9c314d30736d43348ceb438863da4_r.jpg?source=1940ef5c\" onerror=\"onImageErrorFunc(event)\" onload=\"onLoadedFuncForQuickAction(event)\" style=\"border-width: 0px 4px 0px 2px; border-top-style: initial; border-right-style: solid; border-bottom-style: initial; border-left-style: solid; border-right-color: transparent; border-left-color: transparent; max-width: 100%; cursor: default; display: block; margin: auto;\"></span></p><p cid=\"n25\" mdtype=\"paragraph\" style=\"line-height: inherit; orphans: 4; margin-top: 0.8em; margin-bottom: 0.8em; white-space: pre-wrap; position: relative; color: rgb(51, 51, 51); font-family: &quot;Open Sans&quot;, &quot;Clear Sans&quot;, &quot;Helvetica Neue&quot;, Helvetica, Arial, sans-serif; font-size: 16px;\"><span md-inline=\"plain\">开始搭建外脑:</span></p><h2 cid=\"n26\" mdtype=\"heading\" style=\"break-after: avoid-page; break-inside: avoid; font-size: 1.75em; margin-top: 1rem; margin-bottom: 1rem; position: relative; font-weight: bold; line-height: 1.225; cursor: text; padding-bottom: 0.3em; border-bottom: 1px solid rgb(238, 238, 238); white-space: pre-wrap; color: rgb(51, 51, 51); font-family: &quot;Open Sans&quot;, &quot;Clear Sans&quot;, &quot;Helvetica Neue&quot;, Helvetica, Arial, sans-serif;\"><span md-inline=\"plain\">1. 选择外脑载体</span></h2><p cid=\"n27\" mdtype=\"paragraph\" style=\"line-height: inherit; orphans: 4; margin-top: 0.8em; margin-bottom: 0.8em; white-space: pre-wrap; position: relative; color: rgb(51, 51, 51); font-family: &quot;Open Sans&quot;, &quot;Clear Sans&quot;, &quot;Helvetica Neue&quot;, Helvetica, Arial, sans-serif; font-size: 16px;\"><span md-inline=\"plain\">笔记软件</span></p><h2 cid=\"n28\" mdtype=\"heading\" style=\"break-after: avoid-page; break-inside: avoid; font-size: 1.75em; margin-top: 1rem; margin-bottom: 1rem; position: relative; font-weight: bold; line-height: 1.225; cursor: text; padding-bottom: 0.3em; border-bottom: 1px solid rgb(238, 238, 238); white-space: pre-wrap; color: rgb(51, 51, 51); font-family: &quot;Open Sans&quot;, &quot;Clear Sans&quot;, &quot;Helvetica Neue&quot;, Helvetica, Arial, sans-serif;\"><span md-inline=\"plain\">2. 部署GTD管理系统</span></h2><p cid=\"n29\" mdtype=\"paragraph\" style=\"line-height: inherit; orphans: 4; margin-top: 0.8em; margin-bottom: 0.8em; white-space: pre-wrap; position: relative; color: rgb(51, 51, 51); font-family: &quot;Open Sans&quot;, &quot;Clear Sans&quot;, &quot;Helvetica Neue&quot;, Helvetica, Arial, sans-serif; font-size: 16px;\"><span md-inline=\"plain\">GTD工作流5个步骤: 收集，整理，归档，回顾，执行</span></p><p cid=\"n30\" mdtype=\"paragraph\" style=\"line-height: inherit; orphans: 4; margin-top: 0.8em; margin-bottom: 0.8em; white-space: pre-wrap; position: relative; color: rgb(51, 51, 51); font-family: &quot;Open Sans&quot;, &quot;Clear Sans&quot;, &quot;Helvetica Neue&quot;, Helvetica, Arial, sans-serif; font-size: 16px;\"><span md-inline=\"plain\">应用到外脑变成了GTD信息管理流:</span></p><p cid=\"n31\" mdtype=\"paragraph\" style=\"line-height: inherit; orphans: 4; margin-top: 0.8em; margin-bottom: 0.8em; white-space: pre-wrap; position: relative; color: rgb(51, 51, 51); font-family: &quot;Open Sans&quot;, &quot;Clear Sans&quot;, &quot;Helvetica Neue&quot;, Helvetica, Arial, sans-serif; font-size: 16px;\"><span md-inline=\"plain\">GTD信息流：收集箱，等待处理，将来可能，归档资料，专题研究</span></p><p cid=\"n32\" mdtype=\"paragraph\" style=\"line-height: inherit; orphans: 4; margin-top: 0.8em; margin-bottom: 0.8em; white-space: pre-wrap; position: relative; color: rgb(51, 51, 51); font-family: &quot;Open Sans&quot;, &quot;Clear Sans&quot;, &quot;Helvetica Neue&quot;, Helvetica, Arial, sans-serif; font-size: 16px;\"><span md-inline=\"image\" style=\"min-width: 10px; min-height: 10px; position: relative; word-break: break-all; font-family: monospace; vertical-align: top; display: inline-block; width: 800px;\"><img referrerpolicy=\"no-referrer\" src=\"https://pic1.zhimg.com/v2-44a1d12f1d4ac147dcb092e7ab6d6a23_r.jpg?source=1940ef5c\" onerror=\"onImageErrorFunc(event)\" onload=\"onLoadedFuncForQuickAction(event)\" style=\"border-width: 0px 4px 0px 2px; border-top-style: initial; border-right-style: solid; border-bottom-style: initial; border-left-style: solid; border-right-color: transparent; border-left-color: transparent; max-width: 100%; cursor: default; display: block; margin: auto;\"></span></p><h3 cid=\"n33\" mdtype=\"heading\" style=\"break-after: avoid-page; break-inside: avoid; font-size: 1.5em; margin-top: 1rem; margin-bottom: 1rem; position: relative; font-weight: bold; line-height: 1.43; cursor: text; white-space: pre-wrap; color: rgb(51, 51, 51); font-family: &quot;Open Sans&quot;, &quot;Clear Sans&quot;, &quot;Helvetica Neue&quot;, Helvetica, Arial, sans-serif;\"><span md-inline=\"plain\">1. 收集箱</span></h3><p cid=\"n34\" mdtype=\"paragraph\" style=\"line-height: inherit; orphans: 4; margin-top: 0.8em; margin-bottom: 0.8em; white-space: pre-wrap; position: relative; color: rgb(51, 51, 51); font-family: &quot;Open Sans&quot;, &quot;Clear Sans&quot;, &quot;Helvetica Neue&quot;, Helvetica, Arial, sans-serif; font-size: 16px;\"><span md-inline=\"plain\">这个就相当于你在</span><span md-inline=\"strong\"><strong><span md-inline=\"plain\">各大平台点的收藏</span></strong></span><span md-inline=\"plain\">，比如我们拿手机刷到好文了（比如这篇文章哈~），我们就可以把各大平台的好文，</span><span md-inline=\"strong\"><strong><span md-inline=\"plain\">一键集中扔到这个收集箱中</span></strong></span><span md-inline=\"plain\">。</span></p><p cid=\"n35\" mdtype=\"paragraph\" style=\"line-height: inherit; orphans: 4; margin-top: 0.8em; margin-bottom: 0.8em; white-space: pre-wrap; position: relative; color: rgb(51, 51, 51); font-family: &quot;Open Sans&quot;, &quot;Clear Sans&quot;, &quot;Helvetica Neue&quot;, Helvetica, Arial, sans-serif; font-size: 16px;\"><span md-inline=\"plain\">这个东西的作用就是</span><span md-inline=\"strong\"><strong><span md-inline=\"plain\">负责收集</span></strong></span><span md-inline=\"plain\">，你</span><span md-inline=\"strong\"><strong><span md-inline=\"plain\">不必操心该放到那个分类</span></strong></span><span md-inline=\"plain\">，所有的好东西</span><span md-inline=\"strong\"><strong><span md-inline=\"plain\">，一股脑扔进去</span></strong></span><span md-inline=\"plain\">就 OK 了，这样就可以大幅度的解放我们分类归类的时间。</span></p><p cid=\"n36\" mdtype=\"paragraph\" style=\"line-height: inherit; orphans: 4; margin-top: 0.8em; margin-bottom: 0.8em; white-space: pre-wrap; position: relative; color: rgb(51, 51, 51); font-family: &quot;Open Sans&quot;, &quot;Clear Sans&quot;, &quot;Helvetica Neue&quot;, Helvetica, Arial, sans-serif; font-size: 16px;\"><span md-inline=\"plain\">等到了一个固定的时间，比如</span><span md-inline=\"strong\"><strong><span md-inline=\"plain\">晚上统一处理</span></strong></span><span md-inline=\"plain\">，这样既不打断我们当前手头的事情，同时又确保了收藏的文件不会乱七八糟，又能让你认真的评估和精读这篇文章，</span><span md-inline=\"strong\"><strong><span md-inline=\"plain\">确保</span></strong></span><span md-inline=\"plain\">进入你笔记的都是</span><span md-inline=\"strong\"><strong><span md-inline=\"plain\">精品</span></strong></span><span md-inline=\"plain\">。</span></p><p cid=\"n37\" mdtype=\"paragraph\" style=\"line-height: inherit; orphans: 4; margin-top: 0.8em; margin-bottom: 0.8em; white-space: pre-wrap; position: relative; color: rgb(51, 51, 51); font-family: &quot;Open Sans&quot;, &quot;Clear Sans&quot;, &quot;Helvetica Neue&quot;, Helvetica, Arial, sans-serif; font-size: 16px;\"><span md-inline=\"image\" style=\"min-width: 10px; min-height: 10px; position: relative; word-break: break-all; font-family: monospace; vertical-align: top; display: inline-block; width: 800px;\"><img referrerpolicy=\"no-referrer\" src=\"https://pic3.zhimg.com/v2-8fb5c1dc6abd8be8f13f4287480d21d0_r.jpg?source=1940ef5c\" onerror=\"onImageErrorFunc(event)\" onload=\"onLoadedFuncForQuickAction(event)\" style=\"border-width: 0px 4px 0px 2px; border-top-style: initial; border-right-style: solid; border-bottom-style: initial; border-left-style: solid; border-right-color: transparent; border-left-color: transparent; max-width: 100%; cursor: default; display: block; margin: auto;\"></span></p><h3 cid=\"n38\" mdtype=\"heading\" style=\"break-after: avoid-page; break-inside: avoid; font-size: 1.5em; margin-top: 1rem; margin-bottom: 1rem; position: relative; font-weight: bold; line-height: 1.43; cursor: text; white-space: pre-wrap; color: rgb(51, 51, 51); font-family: &quot;Open Sans&quot;, &quot;Clear Sans&quot;, &quot;Helvetica Neue&quot;, Helvetica, Arial, sans-serif;\"><span md-inline=\"plain\">2. 等待处理</span></h3><p cid=\"n39\" mdtype=\"paragraph\" style=\"line-height: inherit; orphans: 4; margin-top: 0.8em; margin-bottom: 0.8em; white-space: pre-wrap; position: relative; color: rgb(51, 51, 51); font-family: &quot;Open Sans&quot;, &quot;Clear Sans&quot;, &quot;Helvetica Neue&quot;, Helvetica, Arial, sans-serif; font-size: 16px;\"><span md-inline=\"plain\">这个文件夹</span><span md-inline=\"strong\"><strong><span md-inline=\"plain\">承载我们当天的日程</span></strong></span><span md-inline=\"plain\">，备忘录，记事本，沉思录、</span><span md-inline=\"strong\"><strong><span md-inline=\"plain\">日记本</span></strong></span><span md-inline=\"plain\">等等。</span></p><p cid=\"n40\" mdtype=\"paragraph\" style=\"line-height: inherit; orphans: 4; margin-top: 0.8em; margin-bottom: 0.8em; white-space: pre-wrap; position: relative; color: rgb(51, 51, 51); font-family: &quot;Open Sans&quot;, &quot;Clear Sans&quot;, &quot;Helvetica Neue&quot;, Helvetica, Arial, sans-serif; font-size: 16px;\"><span md-inline=\"plain\">你应该有体会，大脑凭记忆力处理这些事情有多坑爹，我们就可以把这些大脑不擅长的事情交给外脑处理。</span><span md-inline=\"strong\"><strong><span md-inline=\"plain\">把日程，待办事项等全部移到这个文件夹里</span></strong></span><span md-inline=\"plain\">，把这些事情全部从大脑中清理出去，想知道接下来要做什么事情直接来翻这个文件夹，效率高的飞起。</span></p><p cid=\"n41\" mdtype=\"paragraph\" style=\"line-height: inherit; orphans: 4; margin-top: 0.8em; margin-bottom: 0.8em; white-space: pre-wrap; position: relative; color: rgb(51, 51, 51); font-family: &quot;Open Sans&quot;, &quot;Clear Sans&quot;, &quot;Helvetica Neue&quot;, Helvetica, Arial, sans-serif; font-size: 16px;\"><span md-inline=\"image\" style=\"min-width: 10px; min-height: 10px; position: relative; word-break: break-all; font-family: monospace; vertical-align: top; display: inline-block; width: 800px;\"><img referrerpolicy=\"no-referrer\" src=\"https://pic3.zhimg.com/v2-333fdb810f7d37e72f9ee6f7e14f8ac8_r.jpg?source=1940ef5c\" onerror=\"onImageErrorFunc(event)\" onload=\"onLoadedFuncForQuickAction(event)\" style=\"border-width: 0px 4px 0px 2px; border-top-style: initial; border-right-style: solid; border-bottom-style: initial; border-left-style: solid; border-right-color: transparent; border-left-color: transparent; max-width: 100%; cursor: default; display: block; margin: auto;\"></span></p><h3 cid=\"n42\" mdtype=\"heading\" style=\"break-after: avoid-page; break-inside: avoid; font-size: 1.5em; margin-top: 1rem; margin-bottom: 1rem; position: relative; font-weight: bold; line-height: 1.43; cursor: text; white-space: pre-wrap; color: rgb(51, 51, 51); font-family: &quot;Open Sans&quot;, &quot;Clear Sans&quot;, &quot;Helvetica Neue&quot;, Helvetica, Arial, sans-serif;\"><span md-inline=\"plain\">3. 将来可能</span></h3><p cid=\"n43\" mdtype=\"paragraph\" style=\"line-height: inherit; orphans: 4; margin-top: 0.8em; margin-bottom: 0.8em; white-space: pre-wrap; position: relative; color: rgb(51, 51, 51); font-family: &quot;Open Sans&quot;, &quot;Clear Sans&quot;, &quot;Helvetica Neue&quot;, Helvetica, Arial, sans-serif; font-size: 16px;\"><span md-inline=\"plain\">这里主要</span><span md-inline=\"strong\"><strong><span md-inline=\"plain\">承载计划、规划、想法、点子</span></strong></span><span md-inline=\"plain\">类的东西。</span></p><p cid=\"n44\" mdtype=\"paragraph\" style=\"line-height: inherit; orphans: 4; margin-top: 0.8em; margin-bottom: 0.8em; white-space: pre-wrap; position: relative; color: rgb(51, 51, 51); font-family: &quot;Open Sans&quot;, &quot;Clear Sans&quot;, &quot;Helvetica Neue&quot;, Helvetica, Arial, sans-serif; font-size: 16px;\"><span md-inline=\"plain\">比如你看到了</span><span md-inline=\"strong\"><strong><span md-inline=\"plain\">一个点子</span></strong></span><span md-inline=\"plain\">，发现了</span><span md-inline=\"strong\"><strong><span md-inline=\"plain\">一个项目</span></strong></span><span md-inline=\"plain\">，你就可以先把它</span><span md-inline=\"strong\"><strong><span md-inline=\"plain\">扔到这里</span></strong></span><span md-inline=\"plain\">，</span><span md-inline=\"strong\"><strong><span md-inline=\"plain\">作为你的灵感库</span></strong></span></p><p cid=\"n45\" mdtype=\"paragraph\" style=\"line-height: inherit; orphans: 4; margin-top: 0.8em; margin-bottom: 0.8em; white-space: pre-wrap; position: relative; color: rgb(51, 51, 51); font-family: &quot;Open Sans&quot;, &quot;Clear Sans&quot;, &quot;Helvetica Neue&quot;, Helvetica, Arial, sans-serif; font-size: 16px;\"><span md-inline=\"image\" style=\"min-width: 10px; min-height: 10px; position: relative; word-break: break-all; font-family: monospace; vertical-align: top; display: inline-block; width: 800px;\"><img referrerpolicy=\"no-referrer\" src=\"https://pic1.zhimg.com/v2-65ce89a4447831cf9dd30566b7bd8aad_r.jpg?source=1940ef5c\" onerror=\"onImageErrorFunc(event)\" onload=\"onLoadedFuncForQuickAction(event)\" style=\"border-width: 0px 4px 0px 2px; border-top-style: initial; border-right-style: solid; border-bottom-style: initial; border-left-style: solid; border-right-color: transparent; border-left-color: transparent; max-width: 100%; cursor: default; display: block; margin: auto;\"></span></p><p><p><br></p><p><br></p><p></p><p><br></p></p><p><br></p>', 1650250535261, 1651837171717, 777, 2, 11, 0, '讨论,笔记,教程', 1651631794996, 0, 4, 0);
INSERT INTO `question` VALUES (8, '阅读《见识》笔记', '<p id=\"descriptionP\"><h2 cid=\"n2\" mdtype=\"heading\" style=\"break-after: avoid-page; break-inside: avoid; font-size: 1.75em; margin-top: 1rem; margin-bottom: 1rem; position: relative; font-weight: bold; line-height: 1.225; cursor: text; padding-bottom: 0.3em; border-bottom: 1px solid rgb(238, 238, 238); white-space: pre-wrap; color: rgb(51, 51, 51); font-family: &quot;Open Sans&quot;, &quot;Clear Sans&quot;, &quot;Helvetica Neue&quot;, Helvetica, Arial, sans-serif;\"><span md-inline=\"plain\">1.幸福是目的，成功是手段</span></h2></p><h3 cid=\"n3\" mdtype=\"heading\" style=\"break-after: avoid-page; break-inside: avoid; font-size: 1.5em; margin-top: 1rem; margin-bottom: 1rem; position: relative; font-weight: bold; line-height: 1.43; cursor: text; white-space: pre-wrap; color: rgb(51, 51, 51); font-family: &quot;Open Sans&quot;, &quot;Clear Sans&quot;, &quot;Helvetica Neue&quot;, Helvetica, Arial, sans-serif;\"><span md-inline=\"plain\">人生是一条河</span></h3><ul cid=\"n4\" mdtype=\"list\" style=\"margin-top: 0.8em; margin-bottom: 0.8em; margin-left: 0px; padding-left: 30px; position: relative; color: rgb(51, 51, 51); font-family: &quot;Open Sans&quot;, &quot;Clear Sans&quot;, &quot;Helvetica Neue&quot;, Helvetica, Arial, sans-serif; font-size: 16px;\"><li cid=\"n5\" mdtype=\"list_item\" style=\"position: relative;\"><p cid=\"n6\" mdtype=\"paragraph\" style=\"line-height: inherit; orphans: 4; margin-top: 0px; margin-bottom: 0.5rem; white-space: pre-wrap; position: relative;\"><span md-inline=\"plain\">幸福感的本源只有两个--基因的传承和影响力</span><span md-inline=\"softbreak\">\r\n</span><span md-inline=\"plain\">基因的传承：繁衍   影响力：社会地位</span></p></li><li cid=\"n7\" mdtype=\"list_item\" style=\"position: relative;\"><p cid=\"n8\" mdtype=\"paragraph\" style=\"line-height: inherit; orphans: 4; margin-top: 0px; margin-bottom: 0.5rem; white-space: pre-wrap; position: relative;\"><span md-inline=\"plain\">任何社会都是分层次的</span><span md-inline=\"softbreak\">\r\n</span><span md-inline=\"plain\">我们现在要做的就是努力提高层次</span><span md-inline=\"softbreak\">\r\n</span><span md-inline=\"plain\">要相信自己，只有有信心，有意识地锻炼自己，才能打破社会层级，只有更加努力，更加自信，才能走到顶层。</span></p></li></ul><h3 cid=\"n9\" mdtype=\"heading\" style=\"break-after: avoid-page; break-inside: avoid; font-size: 1.5em; margin-top: 1rem; margin-bottom: 1rem; position: relative; font-weight: bold; line-height: 1.43; cursor: text; white-space: pre-wrap; color: rgb(51, 51, 51); font-family: &quot;Open Sans&quot;, &quot;Clear Sans&quot;, &quot;Helvetica Neue&quot;, Helvetica, Arial, sans-serif;\"><span md-inline=\"plain\">人生最重要的投资</span></h3><ul cid=\"n10\" mdtype=\"list\" style=\"margin-top: 0.8em; margin-bottom: 0.8em; margin-left: 0px; padding-left: 30px; position: relative; color: rgb(51, 51, 51); font-family: &quot;Open Sans&quot;, &quot;Clear Sans&quot;, &quot;Helvetica Neue&quot;, Helvetica, Arial, sans-serif; font-size: 16px;\"><li cid=\"n11\" mdtype=\"list_item\" style=\"position: relative;\"><p cid=\"n12\" mdtype=\"paragraph\" style=\"line-height: inherit; orphans: 4; margin-top: 0px; margin-bottom: 0.5rem; white-space: pre-wrap; position: relative;\"><span md-inline=\"plain\">男生应该有足够的独立性，并且承担对未来自己未来家庭的义务。</span><span md-inline=\"softbreak\">\r\n</span><span md-inline=\"plain\">要承担属于自己的责任，同事要提高自己的能力，使得自己用于承担责任的能力。</span></p></li><li cid=\"n13\" mdtype=\"list_item\" style=\"position: relative;\"><p cid=\"n14\" mdtype=\"paragraph\" style=\"line-height: inherit; orphans: 4; margin-top: 0px; margin-bottom: 0.5rem; white-space: pre-wrap; position: relative;\"><span md-inline=\"plain\">恋爱是激情，是化学物质所带来的愉悦；婚姻则是由两个人一同构造一个舒适的共同体，在那个共同体中，双方都将受益。 </span></p></li><li cid=\"n15\" mdtype=\"list_item\" style=\"position: relative;\"><p cid=\"n16\" mdtype=\"paragraph\" style=\"line-height: inherit; orphans: 4; margin-top: 0px; margin-bottom: 0.5rem; white-space: pre-wrap; position: relative;\"><span md-inline=\"plain\">婚姻观：夫妻间关系的重要性高于其他关系的重要性</span></p></li></ul><h3 cid=\"n17\" mdtype=\"heading\" style=\"break-after: avoid-page; break-inside: avoid; font-size: 1.5em; margin-top: 1rem; margin-bottom: 1rem; position: relative; font-weight: bold; line-height: 1.43; cursor: text; white-space: pre-wrap; color: rgb(51, 51, 51); font-family: &quot;Open Sans&quot;, &quot;Clear Sans&quot;, &quot;Helvetica Neue&quot;, Helvetica, Arial, sans-serif;\"><span md-inline=\"plain\">先让父母成熟起来</span></h3><ul cid=\"n18\" mdtype=\"list\" style=\"margin-top: 0.8em; margin-bottom: 0.8em; margin-left: 0px; padding-left: 30px; position: relative; color: rgb(51, 51, 51); font-family: &quot;Open Sans&quot;, &quot;Clear Sans&quot;, &quot;Helvetica Neue&quot;, Helvetica, Arial, sans-serif; font-size: 16px;\"><li cid=\"n19\" mdtype=\"list_item\" style=\"position: relative;\"><p cid=\"n20\" mdtype=\"paragraph\" style=\"line-height: inherit; orphans: 4; margin-top: 0px; margin-bottom: 0.5rem; white-space: pre-wrap; position: relative;\"><span md-inline=\"plain\">父母成熟，首先要自己不断进步</span></p></li><li cid=\"n21\" mdtype=\"list_item\" style=\"position: relative;\"><p cid=\"n22\" mdtype=\"paragraph\" style=\"line-height: inherit; orphans: 4; margin-top: 0px; margin-bottom: 0.5rem; white-space: pre-wrap; position: relative;\"><span md-inline=\"plain\">把自己看成一个成年人，用一种尊敬，而且是成年人之间的沟通方式和长辈说话，要不断将自己接受的新思维方式和理念传递给父母</span></p></li></ul><ul cid=\"n24\" mdtype=\"list\" style=\"margin-top: 0.8em; margin-bottom: 0.8em; margin-left: 0px; padding-left: 30px; position: relative; color: rgb(51, 51, 51); font-family: &quot;Open Sans&quot;, &quot;Clear Sans&quot;, &quot;Helvetica Neue&quot;, Helvetica, Arial, sans-serif; font-size: 16px;\"><li cid=\"n25\" mdtype=\"list_item\" style=\"position: relative;\"><p cid=\"n26\" mdtype=\"paragraph\" style=\"line-height: inherit; orphans: 4; margin-top: 0px; margin-bottom: 0.5rem; white-space: pre-wrap; position: relative;\"><span md-inline=\"plain\">幸福来自我自身的感受</span><span md-inline=\"softbreak\">\r\n</span><span md-inline=\"plain\">不要在别人的想法，不要理会别人的嘲讽</span></p></li><li cid=\"n27\" mdtype=\"list_item\" style=\"position: relative;\"><p cid=\"n28\" mdtype=\"paragraph\" style=\"line-height: inherit; orphans: 4; margin-top: 0px; margin-bottom: 0.5rem; white-space: pre-wrap; position: relative;\"><span md-inline=\"plain\">做事留三分余地，不能自己把自己逼到死角</span><span md-inline=\"softbreak\">\r\n</span><span md-inline=\"plain\">不到万不得已不要一条路莽到黑，要给自己留有余地</span></p></li><li cid=\"n29\" mdtype=\"list_item\" style=\"position: relative;\"><p cid=\"n30\" mdtype=\"paragraph\" style=\"line-height: inherit; orphans: 4; margin-top: 0px; margin-bottom: 0.5rem; white-space: pre-wrap; position: relative;\"><span md-inline=\"plain\">一个人是否愿意接受新的知识，在于是否有开放的心态，而非过去的教育程度</span><span md-inline=\"softbreak\">\r\n</span><span md-inline=\"plain\">在一定的基础上要敢于尝试新的事物</span></p></li></ul><h3 cid=\"n31\" mdtype=\"heading\" style=\"break-after: avoid-page; break-inside: avoid; font-size: 1.5em; margin-top: 1rem; margin-bottom: 1rem; position: relative; font-weight: bold; line-height: 1.43; cursor: text; white-space: pre-wrap; color: rgb(51, 51, 51); font-family: &quot;Open Sans&quot;, &quot;Clear Sans&quot;, &quot;Helvetica Neue&quot;, Helvetica, Arial, sans-serif;\"><span md-inline=\"plain\">向死而生 </span></h3><ul cid=\"n32\" mdtype=\"list\" style=\"margin-top: 0.8em; margin-bottom: 0.8em; margin-left: 0px; padding-left: 30px; position: relative; color: rgb(51, 51, 51); font-family: &quot;Open Sans&quot;, &quot;Clear Sans&quot;, &quot;Helvetica Neue&quot;, Helvetica, Arial, sans-serif; font-size: 16px;\"><li cid=\"n33\" mdtype=\"list_item\" style=\"position: relative;\"><p cid=\"n34\" mdtype=\"paragraph\" style=\"line-height: inherit; orphans: 4; margin-top: 0px; margin-bottom: 0.5rem; white-space: pre-wrap; position: relative;\"><span md-inline=\"plain\">除死无大难</span></p></li><li cid=\"n35\" mdtype=\"list_item\" style=\"position: relative;\"><p cid=\"n36\" mdtype=\"paragraph\" style=\"line-height: inherit; orphans: 4; margin-top: 0px; margin-bottom: 0.5rem; white-space: pre-wrap; position: relative;\"><span md-inline=\"plain\">活着就有希望</span></p></li></ul><ul cid=\"n38\" mdtype=\"list\" style=\"margin-top: 0.8em; margin-bottom: 0.8em; margin-left: 0px; padding-left: 30px; position: relative; color: rgb(51, 51, 51); font-family: &quot;Open Sans&quot;, &quot;Clear Sans&quot;, &quot;Helvetica Neue&quot;, Helvetica, Arial, sans-serif; font-size: 16px;\"><li cid=\"n39\" mdtype=\"list_item\" style=\"position: relative;\"><p cid=\"n40\" mdtype=\"paragraph\" style=\"line-height: inherit; orphans: 4; margin-top: 0px; margin-bottom: 0.5rem; white-space: pre-wrap; position: relative;\"><span md-inline=\"plain\">我们并没有时间什么事情都做</span></p></li><li cid=\"n41\" mdtype=\"list_item\" style=\"position: relative;\"><p cid=\"n42\" mdtype=\"paragraph\" style=\"line-height: inherit; orphans: 4; margin-top: 0px; margin-bottom: 0.5rem; white-space: pre-wrap; position: relative;\"><span md-inline=\"plain\">把要做的事情，从最重要的开始，列一个单子，然后从单子上最重要的事情开始做</span></p></li><li cid=\"n43\" mdtype=\"list_item\" style=\"position: relative;\"><p cid=\"n44\" mdtype=\"paragraph\" style=\"line-height: inherit; orphans: 4; margin-top: 0px; margin-bottom: 0.5rem; white-space: pre-wrap; position: relative;\"><span md-inline=\"plain\">有些事情看似很重要，但是仔细想一想，其实也是可有可无，站在一生的角度看，放弃了也并无大碍</span></p></li></ul><h2 cid=\"n46\" mdtype=\"heading\" style=\"break-after: avoid-page; break-inside: avoid; font-size: 1.75em; margin-top: 1rem; margin-bottom: 1rem; position: relative; font-weight: bold; line-height: 1.225; cursor: text; padding-bottom: 0.3em; border-bottom: 1px solid rgb(238, 238, 238); white-space: pre-wrap; color: rgb(51, 51, 51); font-family: &quot;Open Sans&quot;, &quot;Clear Sans&quot;, &quot;Helvetica Neue&quot;, Helvetica, Arial, sans-serif;\"><span md-inline=\"plain\">2.人生需要做减法（这个需要多看看）</span></h2><h3 cid=\"n47\" mdtype=\"heading\" style=\"break-after: avoid-page; break-inside: avoid; font-size: 1.5em; margin-top: 1rem; margin-bottom: 1rem; position: relative; font-weight: bold; line-height: 1.43; cursor: text; white-space: pre-wrap; color: rgb(51, 51, 51); font-family: &quot;Open Sans&quot;, &quot;Clear Sans&quot;, &quot;Helvetica Neue&quot;, Helvetica, Arial, sans-serif;\"><span md-inline=\"plain\">没有选择的优势</span></h3><ul cid=\"n48\" mdtype=\"list\" style=\"margin-top: 0.8em; margin-bottom: 0.8em; margin-left: 0px; padding-left: 30px; position: relative; color: rgb(51, 51, 51); font-family: &quot;Open Sans&quot;, &quot;Clear Sans&quot;, &quot;Helvetica Neue&quot;, Helvetica, Arial, sans-serif; font-size: 16px;\"><li cid=\"n49\" mdtype=\"list_item\" style=\"position: relative;\"><p cid=\"n50\" mdtype=\"paragraph\" style=\"line-height: inherit; orphans: 4; margin-top: 0px; margin-bottom: 0.5rem; white-space: pre-wrap; position: relative;\"><span md-inline=\"plain\">很多时候，我们把太多的 精力花在了选择上，而不是经营上，导致难以精进。或许少些选择，会更加聚焦，也会让我们更加幸福，更成功。</span></p></li></ul><h3 cid=\"n52\" mdtype=\"heading\" style=\"break-after: avoid-page; break-inside: avoid; font-size: 1.5em; margin-top: 1rem; margin-bottom: 1rem; position: relative; font-weight: bold; line-height: 1.43; cursor: text; white-space: pre-wrap; color: rgb(51, 51, 51); font-family: &quot;Open Sans&quot;, &quot;Clear Sans&quot;, &quot;Helvetica Neue&quot;, Helvetica, Arial, sans-serif;\"><span md-inline=\"plain\">做人与作诗：我们需要林黛玉</span></h3><h3 cid=\"n53\" mdtype=\"heading\" style=\"break-after: avoid-page; break-inside: avoid; font-size: 1.5em; margin-top: 1rem; margin-bottom: 1rem; position: relative; font-weight: bold; line-height: 1.43; cursor: text; white-space: pre-wrap; color: rgb(51, 51, 51); font-family: &quot;Open Sans&quot;, &quot;Clear Sans&quot;, &quot;Helvetica Neue&quot;, Helvetica, Arial, sans-serif;\"><span md-inline=\"plain\">西瓜和芝麻</span></h3><ul cid=\"n54\" mdtype=\"list\" style=\"margin-top: 0.8em; margin-bottom: 0.8em; margin-left: 0px; padding-left: 30px; position: relative; color: rgb(51, 51, 51); font-family: &quot;Open Sans&quot;, &quot;Clear Sans&quot;, &quot;Helvetica Neue&quot;, Helvetica, Arial, sans-serif; font-size: 16px;\"><li cid=\"n55\" mdtype=\"list_item\" style=\"position: relative;\"><p cid=\"n56\" mdtype=\"paragraph\" style=\"line-height: inherit; orphans: 4; margin-top: 0px; margin-bottom: 0.5rem; white-space: pre-wrap; position: relative;\"><span md-inline=\"strong\"><strong><span md-inline=\"plain\">人一旦心志变得非常低，就很难提升自己、让自己走到越来越高的层次上。</span></strong></span><span md-inline=\"softbreak\">\r\n</span><span md-inline=\"plain\">要有凌云之志</span></p></li><li cid=\"n57\" mdtype=\"list_item\" style=\"position: relative;\"><p cid=\"n58\" mdtype=\"paragraph\" style=\"line-height: inherit; orphans: 4; margin-top: 0px; margin-bottom: 0.5rem; white-space: pre-wrap; position: relative;\"><span md-inline=\"plain\">伪工作者 习惯于制作简单、重复且价值又低的工作，因为那种工作不需要太动脑筋，不会遇到非常大的困难。但是，人一旦习惯于这种工作，真正有创造性的工作就做不来了。</span></p></li><li cid=\"n59\" mdtype=\"list_item\" style=\"position: relative;\"><p cid=\"n60\" mdtype=\"paragraph\" style=\"line-height: inherit; orphans: 4; margin-top: 0px; margin-bottom: 0.5rem; white-space: pre-wrap; position: relative;\"><span md-inline=\"plain\">思维方式和衡量价值的标准很重要</span></p></li><li cid=\"n61\" mdtype=\"list_item\" style=\"position: relative;\"><p cid=\"n62\" mdtype=\"paragraph\" style=\"line-height: inherit; orphans: 4; margin-top: 0px; margin-bottom: 0.5rem; white-space: pre-wrap; position: relative;\"><span md-inline=\"plain\">除了眼光和思维方式的不同，捡西瓜更是要能力的，它不能靠运气，而是需要长期培养才能获得。</span></p></li></ul><p cid=\"n63\" mdtype=\"paragraph\" style=\"line-height: inherit; orphans: 4; margin-top: 0.8em; margin-bottom: 0.8em; white-space: pre-wrap; position: relative; color: rgb(51, 51, 51); font-family: &quot;Open Sans&quot;, &quot;Clear Sans&quot;, &quot;Helvetica Neue&quot;, Helvetica, Arial, sans-serif; font-size: 16px;\"><span md-inline=\"plain\">-** 如果致力于捡西瓜，就要耐得住寂寞**。</span></p><h3 cid=\"n65\" mdtype=\"heading\" style=\"break-after: avoid-page; break-inside: avoid; font-size: 1.5em; margin-top: 1rem; margin-bottom: 1rem; position: relative; font-weight: bold; line-height: 1.43; cursor: text; white-space: pre-wrap; color: rgb(51, 51, 51); font-family: &quot;Open Sans&quot;, &quot;Clear Sans&quot;, &quot;Helvetica Neue&quot;, Helvetica, Arial, sans-serif;\"><span md-inline=\"plain\">生也有涯，知也无涯</span></h3><ul cid=\"n66\" mdtype=\"list\" style=\"margin-top: 0.8em; margin-bottom: 0.8em; margin-left: 0px; padding-left: 30px; position: relative; color: rgb(51, 51, 51); font-family: &quot;Open Sans&quot;, &quot;Clear Sans&quot;, &quot;Helvetica Neue&quot;, Helvetica, Arial, sans-serif; font-size: 16px;\"><li cid=\"n67\" mdtype=\"list_item\" style=\"position: relative;\"><p cid=\"n68\" mdtype=\"paragraph\" style=\"line-height: inherit; orphans: 4; margin-top: 0px; margin-bottom: 0.5rem; white-space: pre-wrap; position: relative;\"><span md-inline=\"plain\">做减法</span></p></li><li cid=\"n69\" mdtype=\"list_item\" style=\"position: relative;\"><p cid=\"n70\" mdtype=\"paragraph\" style=\"line-height: inherit; orphans: 4; margin-top: 0px; margin-bottom: 0.5rem; white-space: pre-wrap; position: relative;\"><span md-inline=\"plain\">首先，能够跳出思维定式，换一个角度来判断一件事情的重要性；其次，敢于舍弃</span><span md-inline=\"softbreak\">\r\n</span><span md-inline=\"plain\">换角度思考问题，要敢于舍弃</span></p></li><li cid=\"n71\" mdtype=\"list_item\" style=\"position: relative;\"><p cid=\"n72\" mdtype=\"paragraph\" style=\"line-height: inherit; orphans: 4; margin-top: 0px; margin-bottom: 0.5rem; white-space: pre-wrap; position: relative;\"><span md-inline=\"plain\">思维定式：临时插进来的事情必须要做，不做就没礼貌，没面子，或者就亏了。其实那些事情如果不做，天根本不会塌下来。</span><span md-inline=\"softbreak\">\r\n</span><span md-inline=\"plain\">先做最重要的，要避免这种思维</span></p></li><li cid=\"n73\" mdtype=\"list_item\" style=\"position: relative;\"><p cid=\"n74\" mdtype=\"paragraph\" style=\"line-height: inherit; orphans: 4; margin-top: 0px; margin-bottom: 0.5rem; white-space: pre-wrap; position: relative;\"><span md-inline=\"strong\"><strong><span md-inline=\"plain\">要把一件事做好，首先想到的就应该是少做事情，而不是让自己更加忙碌</span></strong></span></p></li></ul><ul cid=\"n76\" mdtype=\"list\" style=\"margin-top: 0.8em; margin-bottom: 0.8em; margin-left: 0px; padding-left: 30px; position: relative; color: rgb(51, 51, 51); font-family: &quot;Open Sans&quot;, &quot;Clear Sans&quot;, &quot;Helvetica Neue&quot;, Helvetica, Arial, sans-serif; font-size: 16px;\"><li cid=\"n77\" mdtype=\"list_item\" style=\"position: relative;\"><p cid=\"n78\" mdtype=\"paragraph\" style=\"line-height: inherit; orphans: 4; margin-top: 0px; margin-bottom: 0.5rem; white-space: pre-wrap; position: relative;\"><span md-inline=\"plain\">跳出思维定式有时需要大胆的反常规思考，甚至舍弃很多利益。</span></p></li><li cid=\"n79\" mdtype=\"list_item\" style=\"position: relative;\"><p cid=\"n80\" mdtype=\"paragraph\" style=\"line-height: inherit; orphans: 4; margin-top: 0px; margin-bottom: 0.5rem; white-space: pre-wrap; position: relative;\"><span md-inline=\"plain\">要想换去更多的时间，就必须牺牲很多经济利益</span></p></li><li cid=\"n81\" mdtype=\"list_item\" style=\"position: relative;\"><p cid=\"n82\" mdtype=\"paragraph\" style=\"line-height: inherit; orphans: 4; margin-top: 0px; margin-bottom: 0.5rem; white-space: pre-wrap; position: relative;\"><span md-inline=\"plain\">少做点事情就好，把要做的事减到最少</span></p></li></ul><ul cid=\"n84\" mdtype=\"list\" style=\"margin-top: 0.8em; margin-bottom: 0.8em; margin-left: 0px; padding-left: 30px; position: relative; color: rgb(51, 51, 51); font-family: &quot;Open Sans&quot;, &quot;Clear Sans&quot;, &quot;Helvetica Neue&quot;, Helvetica, Arial, sans-serif; font-size: 16px;\"><li cid=\"n85\" mdtype=\"list_item\" style=\"position: relative;\"><p cid=\"n86\" mdtype=\"paragraph\" style=\"line-height: inherit; orphans: 4; margin-top: 0px; margin-bottom: 0.5rem; white-space: pre-wrap; position: relative;\"><span md-inline=\"plain\">人有一个弱点，就是见到小便宜想去占，很多利益舍不得放弃</span></p></li></ul><ul cid=\"n88\" mdtype=\"list\" style=\"margin-top: 0.8em; margin-bottom: 0.8em; margin-left: 0px; padding-left: 30px; position: relative; color: rgb(51, 51, 51); font-family: &quot;Open Sans&quot;, &quot;Clear Sans&quot;, &quot;Helvetica Neue&quot;, Helvetica, Arial, sans-serif; font-size: 16px;\"><li cid=\"n89\" mdtype=\"list_item\" style=\"position: relative;\"><p cid=\"n90\" mdtype=\"paragraph\" style=\"line-height: inherit; orphans: 4; margin-top: 0px; margin-bottom: 0.5rem; white-space: pre-wrap; position: relative;\"><span md-inline=\"plain\">人生成功的秘诀在于做减法，而做减法的关键在于能够跳出一般人的思维定式，找到那些前期是无关紧要的事情，然后下决心把那些事情放弃掉。</span><span md-inline=\"softbreak\">\r\n</span><span md-inline=\"plain\">需要做减法，跳出思维定式需要从不同的角度看待问题，甚至反常规思考问题</span></p></li></ul>', 1651753520392, 1651837012908, 777, 0, 14, 1, '阅读,笔记', 1651753520392, 2, 2, 0);
INSERT INTO `question` VALUES (9, '系统初步完成', '<h1 cid=\"n0\" mdtype=\"heading\" style=\"break-after: avoid-page; break-inside: avoid; font-size: 2.25em; margin-top: 1rem; margin-bottom: 1rem; position: relative; font-weight: bold; line-height: 1.2; cursor: text; padding-bottom: 0.3em; border-bottom: 1px solid rgb(238, 238, 238); white-space: pre-wrap;\"><span md-inline=\"plain\">自我管理平台-毕设</span></h1><h2 cid=\"n2\" mdtype=\"heading\" style=\"break-after: avoid-page; break-inside: avoid; font-size: 1.75em; margin-top: 1rem; margin-bottom: 1rem; position: relative; font-weight: bold; line-height: 1.225; cursor: text; padding-bottom: 0.3em; border-bottom: 1px solid rgb(238, 238, 238); white-space: pre-wrap;\"><span md-inline=\"plain\">selfmanage-网站</span></h2><h3 cid=\"n3\" mdtype=\"heading\" style=\"break-after: avoid-page; break-inside: avoid; font-size: 1.5em; margin-top: 1rem; margin-bottom: 1rem; position: relative; font-weight: bold; line-height: 1.43; cursor: text; white-space: pre-wrap;\"><span md-inline=\"plain\">1. 时间管理</span></h3><p cid=\"n4\" mdtype=\"paragraph\" style=\"line-height: inherit; orphans: 4; margin-top: 0.8em; margin-bottom: 0.8em; white-space: pre-wrap; position: relative;\"><span md-inline=\"strong\"><strong><span md-inline=\"plain\">1. 任务管理</span></strong></span></p><p cid=\"n5\" mdtype=\"paragraph\" style=\"line-height: inherit; orphans: 4; margin-top: 0.8em; margin-bottom: 0.8em; white-space: pre-wrap; position: relative;\"><span md-inline=\"plain\">添加任务: 涉及到根据用户查找标签</span></p><p cid=\"n6\" mdtype=\"paragraph\" style=\"line-height: inherit; orphans: 4; margin-top: 0.8em; margin-bottom: 0.8em; white-space: pre-wrap; position: relative;\"><span md-inline=\"plain\">修改任务</span></p><p cid=\"n7\" mdtype=\"paragraph\" style=\"line-height: inherit; orphans: 4; margin-top: 0.8em; margin-bottom: 0.8em; white-space: pre-wrap; position: relative;\"><span md-inline=\"plain\">删除任务</span></p><p cid=\"n8\" mdtype=\"paragraph\" style=\"line-height: inherit; orphans: 4; margin-top: 0.8em; margin-bottom: 0.8em; white-space: pre-wrap; position: relative;\"><span md-inline=\"plain\">标记任务完成</span></p><p cid=\"n9\" mdtype=\"paragraph\" style=\"line-height: inherit; orphans: 4; margin-top: 0.8em; margin-bottom: 0.8em; white-space: pre-wrap; position: relative;\"><span md-inline=\"plain\">任务显示：列表显示，按照标签卡片显示，按照优先级卡片显示</span></p><p cid=\"n10\" mdtype=\"paragraph\" style=\"line-height: inherit; orphans: 4; margin-top: 0.8em; margin-bottom: 0.8em; white-space: pre-wrap; position: relative;\"><span md-inline=\"strong\"><strong><span md-inline=\"plain\">2. 任务复盘</span></strong></span></p><p cid=\"n11\" mdtype=\"paragraph\" style=\"line-height: inherit; orphans: 4; margin-top: 0.8em; margin-bottom: 0.8em; white-space: pre-wrap; position: relative;\"><span md-inline=\"plain\">按照时间轴进行任务排列</span></p><p cid=\"n12\" mdtype=\"paragraph\" style=\"line-height: inherit; orphans: 4; margin-top: 0.8em; margin-bottom: 0.8em; white-space: pre-wrap; position: relative;\"><span md-inline=\"plain\">按照日历进行任务排列: 对于空白部分可以添加标签(默认任务名和标签名称一样)</span></p><p cid=\"n13\" mdtype=\"paragraph\" style=\"line-height: inherit; orphans: 4; margin-top: 0.8em; margin-bottom: 0.8em; white-space: pre-wrap; position: relative;\"><span md-inline=\"strong\"><strong><span md-inline=\"plain\">3. 任务分析</span></strong></span></p><p cid=\"n14\" mdtype=\"paragraph\" style=\"line-height: inherit; orphans: 4; margin-top: 0.8em; margin-bottom: 0.8em; white-space: pre-wrap; position: relative;\"><span md-inline=\"plain\">成绩计算</span></p><p cid=\"n15\" mdtype=\"paragraph\" style=\"line-height: inherit; orphans: 4; margin-top: 0.8em; margin-bottom: 0.8em; white-space: pre-wrap; position: relative;\"><span md-inline=\"plain\">任务分布分析（按照标签分类,（任务所用时间）进行百分比扇形显示，按照优先级分类进行扇形显示）</span></p><p cid=\"n16\" mdtype=\"paragraph\" style=\"line-height: inherit; orphans: 4; margin-top: 0.8em; margin-bottom: 0.8em; white-space: pre-wrap; position: relative;\"><span md-inline=\"plain\">任务完成率分析（显示近一周的任务完成情况 折线图显示）</span></p><p cid=\"n17\" mdtype=\"paragraph\" style=\"line-height: inherit; orphans: 4; margin-top: 0.8em; margin-bottom: 0.8em; white-space: pre-wrap; position: relative;\"><span md-inline=\"strong\"><strong><span md-inline=\"plain\">4. 标签管理</span></strong></span></p><p cid=\"n18\" mdtype=\"paragraph\" style=\"line-height: inherit; orphans: 4; margin-top: 0.8em; margin-bottom: 0.8em; white-space: pre-wrap; position: relative;\"><span md-inline=\"plain\">添加标签</span></p><p cid=\"n19\" mdtype=\"paragraph\" style=\"line-height: inherit; orphans: 4; margin-top: 0.8em; margin-bottom: 0.8em; white-space: pre-wrap; position: relative;\"><span md-inline=\"plain\">修改标签</span></p><p cid=\"n20\" mdtype=\"paragraph\" style=\"line-height: inherit; orphans: 4; margin-top: 0.8em; margin-bottom: 0.8em; white-space: pre-wrap; position: relative;\"><span md-inline=\"plain\">删除标签</span></p><p cid=\"n21\" mdtype=\"paragraph\" style=\"line-height: inherit; orphans: 4; margin-top: 0.8em; margin-bottom: 0.8em; white-space: pre-wrap; position: relative;\"></p><h3 cid=\"n22\" mdtype=\"heading\" style=\"break-after: avoid-page; break-inside: avoid; font-size: 1.5em; margin-top: 1rem; margin-bottom: 1rem; position: relative; font-weight: bold; line-height: 1.43; cursor: text; white-space: pre-wrap;\"><span md-inline=\"plain\">2. 心理健康分析、性格分析、恋爱观念分析（全方位分析）</span></h3><p cid=\"n23\" mdtype=\"paragraph\" style=\"line-height: inherit; orphans: 4; margin-top: 0.8em; margin-bottom: 0.8em; white-space: pre-wrap; position: relative;\"><span md-inline=\"plain\">这是三个模块，不过都采用问卷调查的形式进行测试，因此放在一类中</span></p><p cid=\"n24\" mdtype=\"paragraph\" style=\"line-height: inherit; orphans: 4; margin-top: 0.8em; margin-bottom: 0.8em; white-space: pre-wrap; position: relative;\"></p><h3 cid=\"n25\" mdtype=\"heading\" style=\"break-after: avoid-page; break-inside: avoid; font-size: 1.5em; margin-top: 1rem; margin-bottom: 1rem; position: relative; font-weight: bold; line-height: 1.43; cursor: text; white-space: pre-wrap;\"><span md-inline=\"plain\">3. 论坛交流（已完成）</span></h3><p cid=\"n26\" mdtype=\"paragraph\" style=\"line-height: inherit; orphans: 4; margin-top: 0.8em; margin-bottom: 0.8em; white-space: pre-wrap; position: relative;\"><span md-inline=\"plain\">论坛交流，包括发帖，点赞，评论，相当于csdn的blink</span></p><p cid=\"n27\" mdtype=\"paragraph\" style=\"line-height: inherit; orphans: 4; margin-top: 0.8em; margin-bottom: 0.8em; white-space: pre-wrap; position: relative;\"></p><p cid=\"n28\" mdtype=\"paragraph\" style=\"line-height: inherit; orphans: 4; margin-top: 0.8em; margin-bottom: 0.8em; white-space: pre-wrap; position: relative;\"></p><h3 cid=\"n29\" mdtype=\"heading\" style=\"break-after: avoid-page; break-inside: avoid; font-size: 1.5em; margin-top: 1rem; margin-bottom: 1rem; position: relative; font-weight: bold; line-height: 1.43; cursor: text; white-space: pre-wrap;\"><span md-inline=\"plain\">4. 博客管理（知识管理）（已完成）</span></h3><p cid=\"n30\" mdtype=\"paragraph\" style=\"line-height: inherit; orphans: 4; margin-top: 0.8em; margin-bottom: 0.8em; white-space: pre-wrap; position: relative;\"><span md-inline=\"plain\">首页使用列表显示所有人发的博客（可以使用推荐系统）</span></p><ul cid=\"n31\" mdtype=\"list\" style=\"margin-top: 0.8em; margin-bottom: 0.8em; margin-left: 0px; padding-left: 30px; position: relative;\"><li cid=\"n32\" mdtype=\"list_item\" style=\"position: relative;\"><p cid=\"n33\" mdtype=\"paragraph\" style=\"line-height: inherit; orphans: 4; margin-top: 0px; margin-bottom: 0.5rem; white-space: pre-wrap; position: relative;\"><span md-inline=\"plain\">可以将所有博客进行分类</span></p></li></ul><p cid=\"n34\" mdtype=\"paragraph\" style=\"line-height: inherit; orphans: 4; margin-top: 0.8em; margin-bottom: 0.8em; white-space: pre-wrap; position: relative;\"></p><ul cid=\"n35\" mdtype=\"list\" style=\"margin-top: 0.8em; margin-bottom: 0.8em; margin-left: 0px; padding-left: 30px; position: relative;\"><li cid=\"n36\" mdtype=\"list_item\" style=\"position: relative;\"><p cid=\"n37\" mdtype=\"paragraph\" style=\"line-height: inherit; orphans: 4; margin-top: 0px; margin-bottom: 0.5rem; white-space: pre-wrap; position: relative;\"><span md-inline=\"plain\">点击某个人的头像，进入个人博客页面，显示此用户发过的boke</span></p></li><li cid=\"n38\" mdtype=\"list_item\" style=\"position: relative;\"><p cid=\"n39\" mdtype=\"paragraph\" style=\"line-height: inherit; orphans: 4; margin-top: 0px; margin-bottom: 0.5rem; white-space: pre-wrap; position: relative;\"><span md-inline=\"plain\">点击自己的头像，进入本人博客页面，左边是个人信息，右边是自己发过的博客</span></p></li><li cid=\"n40\" mdtype=\"list_item\" style=\"position: relative;\"><p cid=\"n41\" mdtype=\"paragraph\" style=\"line-height: inherit; orphans: 4; margin-top: 0px; margin-bottom: 0.5rem; white-space: pre-wrap; position: relative;\"><span md-inline=\"plain\">同时可以将个人博客进行归档，分类</span></p></li></ul><p cid=\"n42\" mdtype=\"paragraph\" style=\"line-height: inherit; orphans: 4; margin-top: 0.8em; margin-bottom: 0.8em; white-space: pre-wrap; position: relative;\"></p><ul cid=\"n43\" mdtype=\"list\" style=\"margin-top: 0.8em; margin-bottom: 0.8em; margin-left: 0px; padding-left: 30px; position: relative;\"><li cid=\"n44\" mdtype=\"list_item\" style=\"position: relative;\"><p cid=\"n45\" mdtype=\"paragraph\" style=\"line-height: inherit; orphans: 4; margin-top: 0px; margin-bottom: 0.5rem; white-space: pre-wrap; position: relative;\"><span md-inline=\"plain\">博客设置 可以删除个人发的博客，查看自己的博客被他人浏览、收藏的情况</span></p></li></ul><p cid=\"n46\" mdtype=\"paragraph\" style=\"line-height: inherit; orphans: 4; margin-top: 0.8em; margin-bottom: 0.8em; white-space: pre-wrap; position: relative;\"></p><h3 cid=\"n47\" mdtype=\"heading\" style=\"break-after: avoid-page; break-inside: avoid; font-size: 1.5em; margin-top: 1rem; margin-bottom: 1rem; position: relative; font-weight: bold; line-height: 1.43; cursor: text; white-space: pre-wrap;\"><span md-inline=\"plain\">5. 后台管理</span></h3><ul cid=\"n48\" mdtype=\"list\" style=\"margin-top: 0.8em; margin-bottom: 0px; margin-left: 0px; padding-left: 30px; position: relative;\"><li cid=\"n49\" mdtype=\"list_item\" style=\"position: relative;\"><p cid=\"n50\" mdtype=\"paragraph\" style=\"line-height: inherit; orphans: 4; margin-top: 0px; margin-bottom: 0.5rem; white-space: pre-wrap; position: relative;\"><span md-inline=\"plain\">整体分析</span></p><p cid=\"n51\" mdtype=\"paragraph\" style=\"line-height: inherit; orphans: 4; margin-top: 0.5rem; margin-bottom: 0.5rem; white-space: pre-wrap; position: relative;\"><span md-inline=\"plain\">上边</span></p><ul cid=\"n52\" mdtype=\"list\" style=\"margin-top: 0px; margin-bottom: 0px; margin-left: 0px; padding-left: 30px; position: relative;\"><li cid=\"n53\" mdtype=\"list_item\" style=\"position: relative;\"><p cid=\"n54\" mdtype=\"paragraph\" style=\"line-height: inherit; orphans: 4; margin-top: 0px; margin-bottom: 0.5rem; white-space: pre-wrap; position: relative;\"><span md-inline=\"plain\">总的用户数量</span></p></li><li cid=\"n55\" mdtype=\"list_item\" style=\"position: relative;\"><p cid=\"n56\" mdtype=\"paragraph\" style=\"line-height: inherit; orphans: 4; margin-top: 0px; margin-bottom: 0.5rem; white-space: pre-wrap; position: relative;\"><span md-inline=\"plain\">VIP用户数量</span></p></li><li cid=\"n57\" mdtype=\"list_item\" style=\"position: relative;\"><p cid=\"n58\" mdtype=\"paragraph\" style=\"line-height: inherit; orphans: 4; margin-top: 0px; margin-bottom: 0.5rem; white-space: pre-wrap; position: relative;\"><span md-inline=\"plain\">管理员数量</span></p></li><li cid=\"n59\" mdtype=\"list_item\" style=\"position: relative;\"><p cid=\"n60\" mdtype=\"paragraph\" style=\"line-height: inherit; orphans: 4; margin-top: 0px; margin-bottom: 0.5rem; white-space: pre-wrap; position: relative;\"><span md-inline=\"plain\">广告数量（4）</span></p></li></ul><p cid=\"n61\" mdtype=\"paragraph\" style=\"line-height: inherit; orphans: 4; margin-top: 0.5rem; margin-bottom: 0.5rem; white-space: pre-wrap; position: relative;\"><span md-inline=\"plain\">图表</span></p><ul cid=\"n62\" mdtype=\"list\" style=\"margin-top: 0px; margin-bottom: 0px; margin-left: 0px; padding-left: 30px; position: relative;\"><li cid=\"n63\" mdtype=\"list_item\" style=\"position: relative;\"><p cid=\"n64\" mdtype=\"paragraph\" style=\"line-height: inherit; orphans: 4; margin-top: 0px; margin-bottom: 0.5rem; white-space: pre-wrap; position: relative;\"><span md-inline=\"plain\">过去一周用户增长趋势（查询过去一周每天新注册的用户）</span></p></li><li cid=\"n65\" mdtype=\"list_item\" style=\"position: relative;\"><p cid=\"n66\" mdtype=\"paragraph\" style=\"line-height: inherit; orphans: 4; margin-top: 0px; margin-bottom: 0.5rem; white-space: pre-wrap; position: relative;\"><span md-inline=\"plain\">过去一周VIP用户增长趋势</span></p></li></ul></li><li cid=\"n67\" mdtype=\"list_item\" style=\"position: relative;\"><p cid=\"n68\" mdtype=\"paragraph\" style=\"line-height: inherit; orphans: 4; margin-top: 0px; margin-bottom: 0.5rem; white-space: pre-wrap; position: relative;\"><span md-inline=\"plain\">用户管理</span></p><ul cid=\"n69\" mdtype=\"list\" style=\"margin-top: 0px; margin-bottom: 0px; margin-left: 0px; padding-left: 30px; position: relative;\"><li cid=\"n70\" mdtype=\"list_item\" style=\"position: relative;\"><p cid=\"n71\" mdtype=\"paragraph\" style=\"line-height: inherit; orphans: 4; margin-top: 0px; margin-bottom: 0.5rem; white-space: pre-wrap; position: relative;\"><span md-inline=\"plain\">删除用户</span></p></li><li cid=\"n72\" mdtype=\"list_item\" style=\"position: relative;\"><p cid=\"n73\" mdtype=\"paragraph\" style=\"line-height: inherit; orphans: 4; margin-top: 0px; margin-bottom: 0.5rem; white-space: pre-wrap; position: relative;\"><span md-inline=\"plain\">添加用户</span></p></li><li cid=\"n74\" mdtype=\"list_item\" style=\"position: relative;\"><p cid=\"n75\" mdtype=\"paragraph\" style=\"line-height: inherit; orphans: 4; margin-top: 0px; margin-bottom: 0.5rem; white-space: pre-wrap; position: relative;\"><span md-inline=\"plain\">设置用户为管理员</span></p></li></ul><p cid=\"n76\" mdtype=\"paragraph\" style=\"line-height: inherit; orphans: 4; margin-top: 0.5rem; margin-bottom: 0.5rem; white-space: pre-wrap; position: relative;\"></p></li><li cid=\"n77\" mdtype=\"list_item\" style=\"position: relative;\"><p cid=\"n78\" mdtype=\"paragraph\" style=\"line-height: inherit; orphans: 4; margin-top: 0px; margin-bottom: 0.5rem; white-space: pre-wrap; position: relative;\"><span md-inline=\"plain\">时间管理</span></p><p cid=\"n79\" mdtype=\"paragraph\" style=\"line-height: inherit; orphans: 4; margin-top: 0.5rem; margin-bottom: 0.5rem; white-space: pre-wrap; position: relative;\"><span md-inline=\"plain\">上边</span></p><ul cid=\"n80\" mdtype=\"list\" style=\"margin-top: 0px; margin-bottom: 0px; margin-left: 0px; padding-left: 30px; position: relative;\"><li cid=\"n81\" mdtype=\"list_item\" style=\"position: relative;\"><p cid=\"n82\" mdtype=\"paragraph\" style=\"line-height: inherit; orphans: 4; margin-top: 0px; margin-bottom: 0.5rem; white-space: pre-wrap; position: relative;\"><span md-inline=\"plain\">总的任务数量</span></p></li><li cid=\"n83\" mdtype=\"list_item\" style=\"position: relative;\"><p cid=\"n84\" mdtype=\"paragraph\" style=\"line-height: inherit; orphans: 4; margin-top: 0px; margin-bottom: 0.5rem; white-space: pre-wrap; position: relative;\"><span md-inline=\"plain\">标签数量</span></p></li><li cid=\"n85\" mdtype=\"list_item\" style=\"position: relative;\"><p cid=\"n86\" mdtype=\"paragraph\" style=\"line-height: inherit; orphans: 4; margin-top: 0px; margin-bottom: 0.5rem; white-space: pre-wrap; position: relative;\"><span md-inline=\"plain\">活跃用户</span></p></li></ul><p cid=\"n87\" mdtype=\"paragraph\" style=\"line-height: inherit; orphans: 4; margin-top: 0.5rem; margin-bottom: 0.5rem; white-space: pre-wrap; position: relative;\"><span md-inline=\"plain\">下边</span></p><p cid=\"n88\" mdtype=\"paragraph\" style=\"line-height: inherit; orphans: 4; margin-top: 0.5rem; margin-bottom: 0.5rem; white-space: pre-wrap; position: relative;\"><span md-inline=\"tab\" style=\"display: inline-block; white-space: pre;\">	</span><span md-inline=\"plain\">  折线图</span></p><ul cid=\"n89\" mdtype=\"list\" style=\"margin-top: 0px; margin-bottom: 0px; margin-left: 0px; padding-left: 30px; position: relative;\"><li cid=\"n90\" mdtype=\"list_item\" style=\"position: relative;\"><p cid=\"n91\" mdtype=\"paragraph\" style=\"line-height: inherit; orphans: 4; margin-top: 0px; margin-bottom: 0.5rem; white-space: pre-wrap; position: relative;\"><span md-inline=\"plain\">过去一周每天新增的任务数量</span></p></li><li cid=\"n92\" mdtype=\"list_item\" style=\"position: relative;\"><p cid=\"n93\" mdtype=\"paragraph\" style=\"line-height: inherit; orphans: 4; margin-top: 0px; margin-bottom: 0.5rem; white-space: pre-wrap; position: relative;\"><span md-inline=\"plain\">过去一周每天新增的标签数量</span></p><p cid=\"n94\" mdtype=\"paragraph\" style=\"line-height: inherit; orphans: 4; margin-top: 0.5rem; margin-bottom: 0.5rem; white-space: pre-wrap; position: relative;\"><span md-inline=\"plain\">圆饼图</span></p></li><li cid=\"n95\" mdtype=\"list_item\" style=\"position: relative;\"><p cid=\"n96\" mdtype=\"paragraph\" style=\"line-height: inherit; orphans: 4; margin-top: 0px; margin-bottom: 0.5rem; white-space: pre-wrap; position: relative;\"><span md-inline=\"plain\">各分类占比</span></p></li><li cid=\"n97\" mdtype=\"list_item\" style=\"position: relative;\"><p cid=\"n98\" mdtype=\"paragraph\" style=\"line-height: inherit; orphans: 4; margin-top: 0px; margin-bottom: 0.5rem; white-space: pre-wrap; position: relative;\"><span md-inline=\"plain\">各优先级占比</span></p></li></ul></li><li cid=\"n99\" mdtype=\"list_item\" style=\"position: relative;\"><p cid=\"n100\" mdtype=\"paragraph\" style=\"line-height: inherit; orphans: 4; margin-top: 0px; margin-bottom: 0.5rem; white-space: pre-wrap; position: relative;\"><span md-inline=\"plain\">知识管理</span></p><ul cid=\"n101\" mdtype=\"list\" style=\"margin-top: 0px; margin-bottom: 0px; margin-left: 0px; padding-left: 30px; position: relative;\"><li cid=\"n102\" mdtype=\"list_item\" style=\"position: relative;\"><p cid=\"n103\" mdtype=\"paragraph\" style=\"line-height: inherit; orphans: 4; margin-top: 0px; margin-bottom: 0.5rem; white-space: pre-wrap; position: relative;\"><span md-inline=\"plain\">整体查看</span></p><ul cid=\"n104\" mdtype=\"list\" style=\"margin-top: 0px; margin-bottom: 0px; margin-left: 0px; padding-left: 30px; position: relative;\"><li cid=\"n105\" mdtype=\"list_item\" style=\"position: relative;\"><p cid=\"n106\" mdtype=\"paragraph\" style=\"line-height: inherit; orphans: 4; margin-top: 0px; margin-bottom: 0.5rem; white-space: pre-wrap; position: relative;\"><span md-inline=\"plain\">文章数量</span></p></li><li cid=\"n107\" mdtype=\"list_item\" style=\"position: relative;\"><p cid=\"n108\" mdtype=\"paragraph\" style=\"line-height: inherit; orphans: 4; margin-top: 0px; margin-bottom: 0.5rem; white-space: pre-wrap; position: relative;\"><span md-inline=\"plain\">文章分类</span></p></li><li cid=\"n109\" mdtype=\"list_item\" style=\"position: relative;\"><p cid=\"n110\" mdtype=\"paragraph\" style=\"line-height: inherit; orphans: 4; margin-top: 0px; margin-bottom: 0.5rem; white-space: pre-wrap; position: relative;\"><span md-inline=\"plain\">文章标签</span></p></li><li cid=\"n111\" mdtype=\"list_item\" style=\"position: relative;\"><p cid=\"n112\" mdtype=\"paragraph\" style=\"line-height: inherit; orphans: 4; margin-top: 0px; margin-bottom: 0.5rem; white-space: pre-wrap; position: relative;\"><span md-inline=\"plain\">活跃用户</span></p><p cid=\"n113\" mdtype=\"paragraph\" style=\"line-height: inherit; orphans: 4; margin-top: 0.5rem; margin-bottom: 0.5rem; white-space: pre-wrap; position: relative;\"><span md-inline=\"plain\">折线图</span></p><ul cid=\"n114\" mdtype=\"list\" style=\"margin-top: 0px; margin-bottom: 0px; margin-left: 0px; padding-left: 30px; position: relative;\"><li cid=\"n115\" mdtype=\"list_item\" style=\"position: relative;\"><p cid=\"n116\" mdtype=\"paragraph\" style=\"line-height: inherit; orphans: 4; margin-top: 0px; margin-bottom: 0.5rem; white-space: pre-wrap; position: relative;\"><span md-inline=\"plain\">过去一周每天新增的文章数量</span></p></li><li cid=\"n117\" mdtype=\"list_item\" style=\"position: relative;\"><p cid=\"n118\" mdtype=\"paragraph\" style=\"line-height: inherit; orphans: 4; margin-top: 0px; margin-bottom: 0.5rem; white-space: pre-wrap; position: relative;\"><span md-inline=\"plain\">过去一周每天新增的分类数量</span></p></li><li cid=\"n119\" mdtype=\"list_item\" style=\"position: relative;\"><p cid=\"n120\" mdtype=\"paragraph\" style=\"line-height: inherit; orphans: 4; margin-top: 0px; margin-bottom: 0.5rem; white-space: pre-wrap; position: relative;\"><span md-inline=\"plain\">过去一周每天新增的标签数量</span></p></li></ul><p cid=\"n121\" mdtype=\"paragraph\" style=\"line-height: inherit; orphans: 4; margin-top: 0.5rem; margin-bottom: 0.5rem; white-space: pre-wrap; position: relative;\"><span md-inline=\"plain\">圆饼图</span></p><ul cid=\"n122\" mdtype=\"list\" style=\"margin-top: 0px; margin-bottom: 0px; margin-left: 0px; padding-left: 30px; position: relative;\"><li cid=\"n123\" mdtype=\"list_item\" style=\"position: relative;\"><p cid=\"n124\" mdtype=\"paragraph\" style=\"line-height: inherit; orphans: 4; margin-top: 0px; margin-bottom: 0.5rem; white-space: pre-wrap; position: relative;\"><span md-inline=\"plain\">各分类占比</span></p></li><li cid=\"n125\" mdtype=\"list_item\" style=\"position: relative;\"><p cid=\"n126\" mdtype=\"paragraph\" style=\"line-height: inherit; orphans: 4; margin-top: 0px; margin-bottom: 0.5rem; white-space: pre-wrap; position: relative;\"><span md-inline=\"plain\">各标签占比</span></p></li></ul></li></ul></li><li cid=\"n127\" mdtype=\"list_item\" style=\"position: relative;\"><p cid=\"n128\" mdtype=\"paragraph\" style=\"line-height: inherit; orphans: 4; margin-top: 0px; margin-bottom: 0.5rem; white-space: pre-wrap; position: relative;\"><span md-inline=\"plain\">博客管理</span></p><ul cid=\"n129\" mdtype=\"list\" style=\"margin-top: 0px; margin-bottom: 0px; margin-left: 0px; padding-left: 30px; position: relative;\"><li cid=\"n130\" mdtype=\"list_item\" style=\"position: relative;\"><p cid=\"n131\" mdtype=\"paragraph\" style=\"line-height: inherit; orphans: 4; margin-top: 0px; margin-bottom: 0.5rem; white-space: pre-wrap; position: relative;\"><span md-inline=\"plain\">查看所有未审核的博客</span></p></li><li cid=\"n132\" mdtype=\"list_item\" style=\"position: relative;\"><p cid=\"n133\" mdtype=\"paragraph\" style=\"line-height: inherit; orphans: 4; margin-top: 0px; margin-bottom: 0.5rem; white-space: pre-wrap; position: relative;\"><span md-inline=\"plain\">删除博客</span></p></li></ul></li></ul></li><li cid=\"n134\" mdtype=\"list_item\" style=\"position: relative;\"><p cid=\"n135\" mdtype=\"paragraph\" style=\"line-height: inherit; orphans: 4; margin-top: 0px; margin-bottom: 0.5rem; white-space: pre-wrap; position: relative;\"><span md-inline=\"plain\">交流模块</span></p><ul cid=\"n136\" mdtype=\"list\" style=\"margin-top: 0px; margin-bottom: 0px; margin-left: 0px; padding-left: 30px; position: relative;\"><li cid=\"n137\" mdtype=\"list_item\" style=\"position: relative;\"><p cid=\"n138\" mdtype=\"paragraph\" style=\"line-height: inherit; orphans: 4; margin-top: 0px; margin-bottom: 0.5rem; white-space: pre-wrap; position: relative;\"><span md-inline=\"plain\">整体查看</span></p><ul cid=\"n139\" mdtype=\"list\" style=\"margin-top: 0px; margin-bottom: 0px; margin-left: 0px; padding-left: 30px; position: relative;\"><li cid=\"n140\" mdtype=\"list_item\" style=\"position: relative;\"><p cid=\"n141\" mdtype=\"paragraph\" style=\"line-height: inherit; orphans: 4; margin-top: 0px; margin-bottom: 0.5rem; white-space: pre-wrap; position: relative;\"><span md-inline=\"plain\">动态数量</span></p></li><li cid=\"n142\" mdtype=\"list_item\" style=\"position: relative;\"><p cid=\"n143\" mdtype=\"paragraph\" style=\"line-height: inherit; orphans: 4; margin-top: 0px; margin-bottom: 0.5rem; white-space: pre-wrap; position: relative;\"><span md-inline=\"plain\">说说数量</span></p></li><li cid=\"n144\" mdtype=\"list_item\" style=\"position: relative;\"><p cid=\"n145\" mdtype=\"paragraph\" style=\"line-height: inherit; orphans: 4; margin-top: 0px; margin-bottom: 0.5rem; white-space: pre-wrap; position: relative;\"><span md-inline=\"plain\">新闻数量</span></p></li><li cid=\"n146\" mdtype=\"list_item\" style=\"position: relative;\"><p cid=\"n147\" mdtype=\"paragraph\" style=\"line-height: inherit; orphans: 4; margin-top: 0px; margin-bottom: 0.5rem; white-space: pre-wrap; position: relative;\"><span md-inline=\"plain\">评论数量</span></p></li></ul><p cid=\"n148\" mdtype=\"paragraph\" style=\"line-height: inherit; orphans: 4; margin-top: 0.5rem; margin-bottom: 0.5rem; white-space: pre-wrap; position: relative;\"><span md-inline=\"plain\">折线图</span></p><ul cid=\"n149\" mdtype=\"list\" style=\"margin-top: 0px; margin-bottom: 0px; margin-left: 0px; padding-left: 30px; position: relative;\"><li cid=\"n150\" mdtype=\"list_item\" style=\"position: relative;\"><p cid=\"n151\" mdtype=\"paragraph\" style=\"line-height: inherit; orphans: 4; margin-top: 0px; margin-bottom: 0.5rem; white-space: pre-wrap; position: relative;\"><span md-inline=\"plain\">新增动态</span></p></li><li cid=\"n152\" mdtype=\"list_item\" style=\"position: relative;\"><p cid=\"n153\" mdtype=\"paragraph\" style=\"line-height: inherit; orphans: 4; margin-top: 0px; margin-bottom: 0.5rem; white-space: pre-wrap; position: relative;\"><span md-inline=\"plain\">新增说说</span></p></li><li cid=\"n154\" mdtype=\"list_item\" style=\"position: relative;\"><p cid=\"n155\" mdtype=\"paragraph\" style=\"line-height: inherit; orphans: 4; margin-top: 0px; margin-bottom: 0.5rem; white-space: pre-wrap; position: relative;\"><span md-inline=\"plain\">新增评论</span></p></li><li cid=\"n156\" mdtype=\"list_item\" style=\"position: relative;\"><p cid=\"n157\" mdtype=\"paragraph\" style=\"line-height: inherit; orphans: 4; margin-top: 0px; margin-bottom: 0.5rem; white-space: pre-wrap; position: relative;\"><span md-inline=\"plain\">新增点赞</span></p></li></ul></li></ul></li><li cid=\"n158\" mdtype=\"list_item\" style=\"position: relative;\"><p cid=\"n159\" mdtype=\"paragraph\" style=\"line-height: inherit; orphans: 4; margin-top: 0px; margin-bottom: 0.5rem; white-space: pre-wrap; position: relative; color: rgb(51, 51, 51); font-family: &quot;Open Sans&quot;, &quot;Clear Sans&quot;, &quot;Helvetica Neue&quot;, Helvetica, Arial, sans-serif; font-size: 16px;\"><span md-inline=\"plain\">个人分析</span></p><ul cid=\"n160\" mdtype=\"list\" style=\"margin-top: 0px; margin-bottom: 0px; margin-left: 0px; padding-left: 30px; position: relative; color: rgb(51, 51, 51); font-family: &quot;Open Sans&quot;, &quot;Clear Sans&quot;, &quot;Helvetica Neue&quot;, Helvetica, Arial, sans-serif; font-size: 16px;\"><li cid=\"n161\" mdtype=\"list_item\" style=\"position: relative;\"><p cid=\"n162\" mdtype=\"paragraph\" style=\"line-height: inherit; orphans: 4; margin-top: 0px; margin-bottom: 0.5rem; white-space: pre-wrap; position: relative;\"><span md-inline=\"plain\">MBTI</span></p><p cid=\"n163\" mdtype=\"paragraph\" style=\"line-height: inherit; orphans: 4; margin-top: 0.5rem; margin-bottom: 0.5rem; white-space: pre-wrap; position: relative;\"><span md-inline=\"plain\">折线图</span></p><ul cid=\"n164\" mdtype=\"list\" style=\"margin-top: 0px; margin-bottom: 0px; margin-left: 0px; padding-left: 30px; position: relative;\"><li cid=\"n165\" mdtype=\"list_item\" style=\"position: relative;\"><p cid=\"n166\" mdtype=\"paragraph\" style=\"line-height: inherit; orphans: 4; margin-top: 0px; margin-bottom: 0.5rem; white-space: pre-wrap; position: relative;\"><span md-inline=\"plain\">MBTI 16种性格占比</span></p></li><li cid=\"n167\" mdtype=\"list_item\" style=\"position: relative;\"><p cid=\"n168\" mdtype=\"paragraph\" style=\"line-height: inherit; orphans: 4; margin-top: 0px; margin-bottom: 0.5rem; white-space: pre-wrap; position: relative;\"><span md-inline=\"plain\">8大维度占比</span></p></li></ul><p cid=\"n169\" mdtype=\"paragraph\" style=\"line-height: inherit; orphans: 4; margin-top: 0.5rem; margin-bottom: 0.5rem; white-space: pre-wrap; position: relative;\"><span md-inline=\"plain\">问题管理</span></p><ul cid=\"n170\" mdtype=\"list\" style=\"margin-top: 0px; margin-bottom: 0px; margin-left: 0px; padding-left: 30px; position: relative;\"><li cid=\"n171\" mdtype=\"list_item\" style=\"position: relative;\"><p cid=\"n172\" mdtype=\"paragraph\" style=\"line-height: inherit; orphans: 4; margin-top: 0px; margin-bottom: 0.5rem; white-space: pre-wrap; position: relative;\"><span md-inline=\"plain\">问题增删改查</span></p></li></ul></li></ul><br></li></ul>', 1651837310825, 1651837310825, 777, 0, 1, 0, '笔记,java,springboot', 1651837310825, 0, 5, 0);

-- ----------------------------
-- Table structure for ta_mbquestion
-- ----------------------------
DROP TABLE IF EXISTS `ta_mbquestion`;
CREATE TABLE `ta_mbquestion`  (
  `id` int(11) NOT NULL AUTO_INCREMENT,
  `question` varchar(255) CHARACTER SET utf8 COLLATE utf8_general_ci NULL DEFAULT NULL COMMENT 'mbti表中问题题目',
  `option_a` varchar(255) CHARACTER SET utf8 COLLATE utf8_general_ci NULL DEFAULT NULL COMMENT ' 选项A',
  `option_b` varchar(255) CHARACTER SET utf8 COLLATE utf8_general_ci NULL DEFAULT NULL COMMENT ' 选项B',
  `type` int(11) NULL DEFAULT NULL COMMENT '类别 1表示E/I; 2表示S/N; 3表示T/F; 4表示J/P',
  `status` int(11) NULL DEFAULT 0 COMMENT '记录是否可用 0表示可用;1表示不可用',
  `flag` int(11) NULL DEFAULT 0,
  PRIMARY KEY (`id`) USING BTREE
) ENGINE = InnoDB AUTO_INCREMENT = 95 CHARACTER SET = utf8 COLLATE = utf8_general_ci ROW_FORMAT = Compact;

-- ----------------------------
-- Records of ta_mbquestion
-- ----------------------------
INSERT INTO `ta_mbquestion` VALUES (1, '当你要外出一整天，你会', 'A 计划你要做什么和在什么时候做', 'B 说去就去', 4, 0, 0);
INSERT INTO `ta_mbquestion` VALUES (3, '你认为自己是一个                                   ', 'A   较为有条理的人                             ', 'B  较为随兴所至的人                           ', 4, 0, 0);
INSERT INTO `ta_mbquestion` VALUES (4, '假如你是一位老师，你会选教                             ', 'A 以事实为主的课程，                               ', 'B 涉及理论的课程                               ', 2, 0, 0);
INSERT INTO `ta_mbquestion` VALUES (5, '你通常                             ', 'A 与人容易混熟，                               ', 'B 比较沉静或矜持                               ', 1, 0, 0);
INSERT INTO `ta_mbquestion` VALUES (6, '一般来说，你和哪些人比较合得来？                   ', 'A 现实的人                 ', 'B 富于想象力的人', 2, 0, 0);
INSERT INTO `ta_mbquestion` VALUES (7, '你是否经常让', 'A 你的理智主宰你的情感', 'B 你的情感支配你的理智', 3, 0, 0);
INSERT INTO `ta_mbquestion` VALUES (8, '处理许多事情上，你会喜欢', 'A 按照计划行事', 'B 凭兴所至行事', 4, 0, 0);
INSERT INTO `ta_mbquestion` VALUES (9, '你是否', 'A 容易让人了解，或是 ', 'B 难于让人了解', 1, 0, 0);
INSERT INTO `ta_mbquestion` VALUES (10, '按照程序表做事，', 'A 合你心意， ', 'B 令你感到束缚', 4, 0, 0);
INSERT INTO `ta_mbquestion` VALUES (11, '当你有一份特别的任务，你会喜欢', 'A 开始前小心组织计划， ', 'B 边做边找须做什么', 4, 0, 0);
INSERT INTO `ta_mbquestion` VALUES (12, '在大多数情况下，你会选择', 'A 按程序表做事', 'B 顺其自然', 4, 0, 0);
INSERT INTO `ta_mbquestion` VALUES (13, '大多数人会说你是一个', 'A 非常坦率开放的人', 'B 重视自我隐私的人', 1, 0, 0);
INSERT INTO `ta_mbquestion` VALUES (14, '你宁愿被人认为是一个', 'A 实事求是的人，', 'B 机灵的人', 2, 0, 0);
INSERT INTO `ta_mbquestion` VALUES (15, '在一大群人当中，通常是', 'A 你介绍大家认识，', 'B 别人介绍你', 1, 0, 0);
INSERT INTO `ta_mbquestion` VALUES (16, '你会跟哪些人做朋友？', 'A 脚踏实地的', 'B 常提出新创意的', 2, 0, 0);
INSERT INTO `ta_mbquestion` VALUES (17, '你倾向', 'A 重视逻辑多于感情', 'B 重视感情多于逻辑', 3, 0, 0);
INSERT INTO `ta_mbquestion` VALUES (18, '你比较喜欢', 'A 很早就作计划', 'B 坐观事情发展才作计划', 4, 0, 0);
INSERT INTO `ta_mbquestion` VALUES (19, '你喜欢花很多的时间', 'A 合别人在一起', 'B 一个人独处', 1, 0, 0);
INSERT INTO `ta_mbquestion` VALUES (20, '与很多人一起会', 'A 令你活力培增，', 'B 常常令你心力憔悴', 1, 0, 0);
INSERT INTO `ta_mbquestion` VALUES (21, '你比较喜欢', 'A 很早便把', 'B 无拘无束，看当时有什么好玩就做什么', 4, 0, 0);
INSERT INTO `ta_mbquestion` VALUES (22, '计划一个旅程时，你较喜欢', 'A 事先知道大部分的日子会做什么', 'B 大部分的时间都是跟当天的感觉行事', 4, 0, 0);
INSERT INTO `ta_mbquestion` VALUES (23, '在社交聚会中，你', 'A 常常乐在其中', 'B 有时感到郁闷', 1, 0, 0);
INSERT INTO `ta_mbquestion` VALUES (24, '你通常', 'A 和别人容易混熟，', 'B 趋向自处一隅', 1, 0, 0);
INSERT INTO `ta_mbquestion` VALUES (25, '哪些人会更吸引你？', 'A 实事求是，具丰富常识的人', 'B 一个思想敏捷及非常聪颖的人', 2, 0, 0);
INSERT INTO `ta_mbquestion` VALUES (26, '在日常工作中，你会', 'A 通常预先计划，以免要在压力下工作', 'B 颇为喜欢处理迫使你分秒必争的突发工作', 4, 0, 0);
INSERT INTO `ta_mbquestion` VALUES (27, '你认为别人一般', 'A 用很短的时间便认识你', 'B 要花很长时间才认识你', 1, 0, 0);
INSERT INTO `ta_mbquestion` VALUES (28, '在下面两个词语中，哪一个词语更合你心意？', 'A 坦率开放	', 'B 注重隐私', 1, 0, 0);
INSERT INTO `ta_mbquestion` VALUES (29, '在下面两个词语中，哪一个词语更合你心意？', 'A 预先安排的	', 'B 无计划的', 4, 0, 0);
INSERT INTO `ta_mbquestion` VALUES (30, '在下面两个词语中，哪一个词语更合你心意？', 'A 具体	', 'B 抽象', 2, 0, 0);
INSERT INTO `ta_mbquestion` VALUES (31, '在下面两个词语中，哪一个词语更合你心意？', 'A 坚定', 'B 温柔', 3, 0, 0);
INSERT INTO `ta_mbquestion` VALUES (32, '在下面两个词语中，哪一个词语更合你心意？', 'A 思考	', 'B 感受', 3, 0, 0);
INSERT INTO `ta_mbquestion` VALUES (33, '在下面两个词语中，哪一个词语更合你心意？', 'A 事实	', 'B 意念', 2, 0, 0);
INSERT INTO `ta_mbquestion` VALUES (34, '在下面两个词语中，哪一个词语更合你心意？', 'A 决定	', 'B 冲动', 4, 0, 0);
INSERT INTO `ta_mbquestion` VALUES (35, '在下面两个词语中，哪一个词语更合你心意？', 'A 热衷	', 'B 文静', 1, 0, 0);
INSERT INTO `ta_mbquestion` VALUES (36, '在下面两个词语中，哪一个词语更合你心意？', 'A 外向	', 'B 文静', 1, 0, 0);
INSERT INTO `ta_mbquestion` VALUES (37, '在下面两个词语中，哪一个词语更合你心意？', 'A 有系统', 'B 随意', 4, 0, 0);
INSERT INTO `ta_mbquestion` VALUES (38, '在下面两个词语中，哪一个词语更合你心意？', 'A 肯定	', 'B 理论', 2, 0, 0);
INSERT INTO `ta_mbquestion` VALUES (39, '在下面两个词语中，哪一个词语更合你心意？', 'A 公正	', 'B 敏感', 3, 0, 0);
INSERT INTO `ta_mbquestion` VALUES (40, '在下面两个词语中，哪一个词语更合你心意？', 'A 令人信服	', 'B 感人的', 3, 0, 0);
INSERT INTO `ta_mbquestion` VALUES (41, '在下面两个词语中，哪一个词语更合你心意？', 'A 声明	', 'B 概念', 2, 0, 0);
INSERT INTO `ta_mbquestion` VALUES (42, '在下面两个词语中，哪一个词语更合你心意？', 'A 预先安排	', 'B 不受约束', 4, 0, 0);
INSERT INTO `ta_mbquestion` VALUES (43, '在下面两个词语中，哪一个词语更合你心意？', 'A 矜持	', 'B 健谈', 1, 0, 0);
INSERT INTO `ta_mbquestion` VALUES (44, '在下面两个词语中，哪一个词语更合你心意？', 'A 有条不紊	', 'B 不拘小节', 4, 0, 0);
INSERT INTO `ta_mbquestion` VALUES (45, '在下面两个词语中，哪一个词语更合你心意？', 'A 意念	', 'B 实况', 2, 0, 0);
INSERT INTO `ta_mbquestion` VALUES (46, '在下面两个词语中，哪一个词语更合你心意？', 'A 同情怜悯	', 'B 远见', 3, 0, 0);
INSERT INTO `ta_mbquestion` VALUES (47, '在下面两个词语中，哪一个词语更合你心意？', 'A 利益	', 'B 祝福', 3, 0, 0);
INSERT INTO `ta_mbquestion` VALUES (48, '在下面两个词语中，哪一个词语更合你心意？', 'A 务实的	', 'B 理论的', 2, 0, 0);
INSERT INTO `ta_mbquestion` VALUES (49, '在下面两个词语中，哪一个词语更合你心意？', 'A 朋友不多	', 'B 朋友众多', 1, 0, 0);
INSERT INTO `ta_mbquestion` VALUES (50, '在下面两个词语中，哪一个词语更合你心意？', 'A 有系统	', 'B 即兴', 4, 0, 0);
INSERT INTO `ta_mbquestion` VALUES (51, '在下面两个词语中，哪一个词语更合你心意？', 'A 富想象的	', 'B 以事论事', 2, 0, 0);
INSERT INTO `ta_mbquestion` VALUES (52, '在下面两个词语中，哪一个词语更合你心意？', 'A 亲切的	', 'B 客观的', 3, 0, 0);
INSERT INTO `ta_mbquestion` VALUES (53, '在下面两个词语中，哪一个词语更合你心意？', 'A 客观的	', 'B 热情的', 3, 0, 0);
INSERT INTO `ta_mbquestion` VALUES (54, '在下面两个词语中，哪一个词语更合你心意？', 'A 建造	', 'B 发明', 2, 0, 0);
INSERT INTO `ta_mbquestion` VALUES (55, '在下面两个词语中，哪一个词语更合你心意？', 'A 文静	', 'B 爱合群', 1, 0, 0);
INSERT INTO `ta_mbquestion` VALUES (56, '在下面两个词语中，哪一个词语更合你心意？', 'A 理论	', 'B 事实', 2, 0, 0);
INSERT INTO `ta_mbquestion` VALUES (57, '在下面两个词语中，哪一个词语更合你心意？', 'A 富同情', 'B 合逻辑', 3, 0, 0);
INSERT INTO `ta_mbquestion` VALUES (58, '在下面两个词语中，哪一个词语更合你心意？', 'A 具分析力', 'B 多愁善感', 3, 0, 0);
INSERT INTO `ta_mbquestion` VALUES (59, '在下面两个词语中，哪一个词语更合你心意？', 'A 合情合理	', 'B 令人着迷', 2, 0, 0);
INSERT INTO `ta_mbquestion` VALUES (60, '当你要在一个星期内完成一个大项目，你在开始的时候会', 'A.把要做的不同工作依次列出，', 'B.马上动工', 4, 0, 0);
INSERT INTO `ta_mbquestion` VALUES (61, '在社交场合中，你经常会感到', 'A.与某些人很难打开话匣儿和保持对话，或是 ', 'B.很容易和别人交流', 1, 0, 0);
INSERT INTO `ta_mbquestion` VALUES (62, '要做许多人也做的事，你比较喜欢', 'A.按照一般认可的方法去做，', 'B.构想一个自己的想法', 2, 0, 0);
INSERT INTO `ta_mbquestion` VALUES (63, '你刚认识的朋友能否说出你的兴趣？', 'A.马上可以，', 'B.要待他们真正了解你之后才可以', 1, 0, 0);
INSERT INTO `ta_mbquestion` VALUES (64, '你通常较喜欢的科目是', 'A.讲授概念和原则的，', 'B.讲授事实和数据的', 2, 0, 0);
INSERT INTO `ta_mbquestion` VALUES (65, '哪个是较高的赞誉，或称许为？ ', 'A.一贯感性的人，', 'B.一贯理性的人', 3, 0, 0);
INSERT INTO `ta_mbquestion` VALUES (66, '你认为按照程序表做事', 'A.有时是需要的，但一般来说你不大喜欢这样做，或是', 'B.大多数情况下是有帮助而且是你喜欢做的', 4, 0, 0);
INSERT INTO `ta_mbquestion` VALUES (67, '和一群人在一起，你通常会选', 'A.跟你很熟悉的个别人谈话，', 'B.参与大伙的谈话', 1, 0, 0);
INSERT INTO `ta_mbquestion` VALUES (68, '在社交聚会上，你会', 'A.是说话很多的一个，', 'B.让别人多说话', 1, 0, 0);
INSERT INTO `ta_mbquestion` VALUES (69, '把周末期间要完成的事列成清单，这个主意会', 'A.合你意，', 'B.使你提不起劲', 4, 0, 0);
INSERT INTO `ta_mbquestion` VALUES (70, '哪个是较高的赞誉，或行为?', 'A.能干的，', 'B.富有同情心', 3, 0, 0);
INSERT INTO `ta_mbquestion` VALUES (71, '你通常喜欢', 'A.事先安排你的社交约会，', 'B.随兴之所至做事', 4, 0, 0);
INSERT INTO `ta_mbquestion` VALUES (72, '总的说来，要做一个大型作业时，你会选', 'A.边做边想该做什么，', 'B.首先把工作按步细分', 4, 0, 0);
INSERT INTO `ta_mbquestion` VALUES (73, '你能否滔滔不绝地与人聊天', 'A.只限于跟你有共同兴趣的人，', 'B.几乎跟任何人都可以', 1, 0, 0);
INSERT INTO `ta_mbquestion` VALUES (74, '你会', 'A.跟随一些证明有效的方法，或是', 'B.分析还有什么毛病，及针对尚未解决的难题', 2, 0, 0);
INSERT INTO `ta_mbquestion` VALUES (75, '为乐趣而阅读时，你会', 'A.喜欢奇特或创新的表达方式，', 'B.喜欢作者直话直说', 2, 0, 0);
INSERT INTO `ta_mbquestion` VALUES (76, '你宁愿替哪一类上司（或者老师）工作？ ', 'A 天性淳良，但常常前后不一的，', 'B 言词尖锐但永远合乎逻辑的', 3, 0, 0);
INSERT INTO `ta_mbquestion` VALUES (77, '你做事多数是', 'A 按当天心情去做，', 'B 照拟好的程序表去做', 4, 0, 0);
INSERT INTO `ta_mbquestion` VALUES (78, '你是否', 'A 可以和任何人按需求从容地交谈  ', 'B 只是对某些人或在某种情况下才可以畅所欲言', 1, 0, 0);
INSERT INTO `ta_mbquestion` VALUES (79, '要作决定时，你认为比较重要的是', 'A 据事实衡量，', 'B 考虑他人的感受和意见', 3, 0, 0);
INSERT INTO `ta_mbquestion` VALUES (80, '在下列两个词语中，哪一个更符合你的心意？', 'A 想象的 ', 'B 真实的', 2, 0, 0);
INSERT INTO `ta_mbquestion` VALUES (81, '在下列两个词语中，哪一个更符合你的心意？', 'A 仁慈慷慨的 ', 'B 意志坚定的', 3, 0, 0);
INSERT INTO `ta_mbquestion` VALUES (82, '在下列两个词语中，哪一个更符合你的心意？', 'A 公正的 ', 'B 有关怀心', 3, 0, 0);
INSERT INTO `ta_mbquestion` VALUES (83, '在下列两个词语中，哪一个更符合你的心意？', 'A 制作 ', 'B 设计', 2, 0, 0);
INSERT INTO `ta_mbquestion` VALUES (84, '在下列两个词语中，哪一个更符合你的心意？', 'A 可能性', 'B 必然性', 2, 0, 0);
INSERT INTO `ta_mbquestion` VALUES (85, '在下列两个词语中，哪一个更符合你的心意？', 'A 温柔 ', 'B 力量', 3, 0, 0);
INSERT INTO `ta_mbquestion` VALUES (86, '在下列两个词语中，哪一个更符合你的心意？', 'A 实际 ', 'B 多愁善感', 3, 0, 0);
INSERT INTO `ta_mbquestion` VALUES (87, '在下列两个词语中，哪一个更符合你的心意？', 'A 制造 ', 'B 创造', 2, 0, 0);
INSERT INTO `ta_mbquestion` VALUES (88, '在下列两个词语中，哪一个更符合你的心意？', 'A 新颖的', 'B 已知的', 2, 0, 0);
INSERT INTO `ta_mbquestion` VALUES (89, '在下列两个词语中，哪一个更符合你的心意？', 'A 同情 ', 'B 分析', 3, 0, 0);
INSERT INTO `ta_mbquestion` VALUES (90, '在下列两个词语中，哪一个更符合你的心意？', 'A 坚持己见 ', 'B 温柔有爱心', 3, 0, 0);
INSERT INTO `ta_mbquestion` VALUES (91, '在下列两个词语中，哪一个更符合你的心意？', 'A 具体的 ', 'B 抽象的', 2, 0, 0);
INSERT INTO `ta_mbquestion` VALUES (92, '在下列两个词语中，哪一个更符合你的心意？', 'A 全心投入', 'B 有决心的', 3, 0, 0);
INSERT INTO `ta_mbquestion` VALUES (93, '在下列两个词语中，哪一个更符合你的心意？', 'A 能干 ', 'B 仁慈', 3, 0, 0);
INSERT INTO `ta_mbquestion` VALUES (94, '在下列两个词语中，哪一个更符合你的心意？', 'A 实际 ', 'B 创新', 2, 0, 0);

-- ----------------------------
-- Table structure for ta_user_mbtiresult
-- ----------------------------
DROP TABLE IF EXISTS `ta_user_mbtiresult`;
CREATE TABLE `ta_user_mbtiresult`  (
  `id` int(11) NOT NULL AUTO_INCREMENT,
  `user_id` int(11) NULL DEFAULT NULL,
  `question_id` int(11) NULL DEFAULT NULL,
  `answer` varchar(255) CHARACTER SET utf8 COLLATE utf8_general_ci NULL DEFAULT NULL,
  PRIMARY KEY (`id`) USING BTREE
) ENGINE = InnoDB AUTO_INCREMENT = 468 CHARACTER SET = utf8 COLLATE = utf8_general_ci ROW_FORMAT = Compact;

-- ----------------------------
-- Records of ta_user_mbtiresult
-- ----------------------------
INSERT INTO `ta_user_mbtiresult` VALUES (281, 777, 1, 'A');
INSERT INTO `ta_user_mbtiresult` VALUES (282, 777, 3, 'A');
INSERT INTO `ta_user_mbtiresult` VALUES (283, 777, 4, 'B');
INSERT INTO `ta_user_mbtiresult` VALUES (284, 777, 5, 'A');
INSERT INTO `ta_user_mbtiresult` VALUES (285, 777, 6, 'A');
INSERT INTO `ta_user_mbtiresult` VALUES (286, 777, 7, 'A');
INSERT INTO `ta_user_mbtiresult` VALUES (287, 777, 8, 'A');
INSERT INTO `ta_user_mbtiresult` VALUES (288, 777, 9, 'A');
INSERT INTO `ta_user_mbtiresult` VALUES (289, 777, 10, 'A');
INSERT INTO `ta_user_mbtiresult` VALUES (290, 777, 11, 'B');
INSERT INTO `ta_user_mbtiresult` VALUES (291, 777, 12, 'B');
INSERT INTO `ta_user_mbtiresult` VALUES (292, 777, 13, 'B');
INSERT INTO `ta_user_mbtiresult` VALUES (293, 777, 14, 'A');
INSERT INTO `ta_user_mbtiresult` VALUES (294, 777, 15, 'A');
INSERT INTO `ta_user_mbtiresult` VALUES (295, 777, 16, 'A');
INSERT INTO `ta_user_mbtiresult` VALUES (296, 777, 17, 'B');
INSERT INTO `ta_user_mbtiresult` VALUES (297, 777, 18, 'B');
INSERT INTO `ta_user_mbtiresult` VALUES (298, 777, 19, 'A');
INSERT INTO `ta_user_mbtiresult` VALUES (299, 777, 20, 'A');
INSERT INTO `ta_user_mbtiresult` VALUES (300, 777, 21, 'B');
INSERT INTO `ta_user_mbtiresult` VALUES (301, 777, 22, 'B');
INSERT INTO `ta_user_mbtiresult` VALUES (302, 777, 23, 'A');
INSERT INTO `ta_user_mbtiresult` VALUES (303, 777, 24, 'B');
INSERT INTO `ta_user_mbtiresult` VALUES (304, 777, 25, 'A');
INSERT INTO `ta_user_mbtiresult` VALUES (305, 777, 26, 'B');
INSERT INTO `ta_user_mbtiresult` VALUES (306, 777, 27, 'A');
INSERT INTO `ta_user_mbtiresult` VALUES (307, 777, 28, 'B');
INSERT INTO `ta_user_mbtiresult` VALUES (308, 777, 29, 'A');
INSERT INTO `ta_user_mbtiresult` VALUES (309, 777, 30, 'B');
INSERT INTO `ta_user_mbtiresult` VALUES (310, 777, 31, 'A');
INSERT INTO `ta_user_mbtiresult` VALUES (311, 777, 32, 'B');
INSERT INTO `ta_user_mbtiresult` VALUES (312, 777, 33, 'A');
INSERT INTO `ta_user_mbtiresult` VALUES (313, 777, 34, 'B');
INSERT INTO `ta_user_mbtiresult` VALUES (314, 777, 35, 'A');
INSERT INTO `ta_user_mbtiresult` VALUES (315, 777, 36, 'B');
INSERT INTO `ta_user_mbtiresult` VALUES (316, 777, 37, 'B');
INSERT INTO `ta_user_mbtiresult` VALUES (317, 777, 38, 'A');
INSERT INTO `ta_user_mbtiresult` VALUES (318, 777, 39, 'A');
INSERT INTO `ta_user_mbtiresult` VALUES (319, 777, 40, 'B');
INSERT INTO `ta_user_mbtiresult` VALUES (320, 777, 41, 'B');
INSERT INTO `ta_user_mbtiresult` VALUES (321, 777, 42, 'B');
INSERT INTO `ta_user_mbtiresult` VALUES (322, 777, 43, 'A');
INSERT INTO `ta_user_mbtiresult` VALUES (323, 777, 44, 'A');
INSERT INTO `ta_user_mbtiresult` VALUES (324, 777, 45, 'A');
INSERT INTO `ta_user_mbtiresult` VALUES (325, 777, 46, 'B');
INSERT INTO `ta_user_mbtiresult` VALUES (326, 777, 47, 'B');
INSERT INTO `ta_user_mbtiresult` VALUES (327, 777, 48, 'A');
INSERT INTO `ta_user_mbtiresult` VALUES (328, 777, 49, 'B');
INSERT INTO `ta_user_mbtiresult` VALUES (329, 777, 50, 'B');
INSERT INTO `ta_user_mbtiresult` VALUES (330, 777, 51, 'B');
INSERT INTO `ta_user_mbtiresult` VALUES (331, 777, 52, 'A');
INSERT INTO `ta_user_mbtiresult` VALUES (332, 777, 53, 'A');
INSERT INTO `ta_user_mbtiresult` VALUES (333, 777, 54, 'A');
INSERT INTO `ta_user_mbtiresult` VALUES (334, 777, 55, 'B');
INSERT INTO `ta_user_mbtiresult` VALUES (335, 777, 56, 'B');
INSERT INTO `ta_user_mbtiresult` VALUES (336, 777, 57, 'B');
INSERT INTO `ta_user_mbtiresult` VALUES (337, 777, 58, 'A');
INSERT INTO `ta_user_mbtiresult` VALUES (338, 777, 59, 'A');
INSERT INTO `ta_user_mbtiresult` VALUES (339, 777, 60, 'B');
INSERT INTO `ta_user_mbtiresult` VALUES (340, 777, 61, 'B');
INSERT INTO `ta_user_mbtiresult` VALUES (341, 777, 62, 'A');
INSERT INTO `ta_user_mbtiresult` VALUES (342, 777, 63, 'A');
INSERT INTO `ta_user_mbtiresult` VALUES (343, 777, 64, 'B');
INSERT INTO `ta_user_mbtiresult` VALUES (344, 777, 65, 'B');
INSERT INTO `ta_user_mbtiresult` VALUES (345, 777, 66, 'A');
INSERT INTO `ta_user_mbtiresult` VALUES (346, 777, 67, 'A');
INSERT INTO `ta_user_mbtiresult` VALUES (347, 777, 68, 'B');
INSERT INTO `ta_user_mbtiresult` VALUES (348, 777, 69, 'B');
INSERT INTO `ta_user_mbtiresult` VALUES (349, 777, 70, 'A');
INSERT INTO `ta_user_mbtiresult` VALUES (350, 777, 71, 'A');
INSERT INTO `ta_user_mbtiresult` VALUES (351, 777, 72, 'B');
INSERT INTO `ta_user_mbtiresult` VALUES (352, 777, 73, 'B');
INSERT INTO `ta_user_mbtiresult` VALUES (353, 777, 74, 'A');
INSERT INTO `ta_user_mbtiresult` VALUES (354, 777, 75, 'A');
INSERT INTO `ta_user_mbtiresult` VALUES (355, 777, 76, 'B');
INSERT INTO `ta_user_mbtiresult` VALUES (356, 777, 77, 'B');
INSERT INTO `ta_user_mbtiresult` VALUES (357, 777, 78, 'A');
INSERT INTO `ta_user_mbtiresult` VALUES (358, 777, 79, 'A');
INSERT INTO `ta_user_mbtiresult` VALUES (359, 777, 80, 'B');
INSERT INTO `ta_user_mbtiresult` VALUES (360, 777, 81, 'B');
INSERT INTO `ta_user_mbtiresult` VALUES (361, 777, 82, 'B');
INSERT INTO `ta_user_mbtiresult` VALUES (362, 777, 83, 'B');
INSERT INTO `ta_user_mbtiresult` VALUES (363, 777, 84, 'B');
INSERT INTO `ta_user_mbtiresult` VALUES (364, 777, 85, 'B');
INSERT INTO `ta_user_mbtiresult` VALUES (365, 777, 86, 'A');
INSERT INTO `ta_user_mbtiresult` VALUES (366, 777, 87, 'B');
INSERT INTO `ta_user_mbtiresult` VALUES (367, 777, 88, 'A');
INSERT INTO `ta_user_mbtiresult` VALUES (368, 777, 89, 'A');
INSERT INTO `ta_user_mbtiresult` VALUES (369, 777, 90, 'A');
INSERT INTO `ta_user_mbtiresult` VALUES (370, 777, 91, 'A');
INSERT INTO `ta_user_mbtiresult` VALUES (371, 777, 92, 'A');
INSERT INTO `ta_user_mbtiresult` VALUES (372, 777, 93, 'A');
INSERT INTO `ta_user_mbtiresult` VALUES (373, 777, 94, 'B');
INSERT INTO `ta_user_mbtiresult` VALUES (374, 776, 1, 'A');
INSERT INTO `ta_user_mbtiresult` VALUES (375, 775, 1, 'A');
INSERT INTO `ta_user_mbtiresult` VALUES (376, 775, 3, 'B');
INSERT INTO `ta_user_mbtiresult` VALUES (377, 775, 4, 'B');
INSERT INTO `ta_user_mbtiresult` VALUES (378, 775, 5, 'A');
INSERT INTO `ta_user_mbtiresult` VALUES (379, 775, 6, 'A');
INSERT INTO `ta_user_mbtiresult` VALUES (380, 775, 7, 'B');
INSERT INTO `ta_user_mbtiresult` VALUES (381, 775, 8, 'B');
INSERT INTO `ta_user_mbtiresult` VALUES (382, 775, 9, 'B');
INSERT INTO `ta_user_mbtiresult` VALUES (383, 775, 10, 'B');
INSERT INTO `ta_user_mbtiresult` VALUES (384, 775, 11, 'B');
INSERT INTO `ta_user_mbtiresult` VALUES (385, 775, 12, 'B');
INSERT INTO `ta_user_mbtiresult` VALUES (386, 775, 13, 'B');
INSERT INTO `ta_user_mbtiresult` VALUES (387, 775, 14, 'B');
INSERT INTO `ta_user_mbtiresult` VALUES (388, 775, 15, 'A');
INSERT INTO `ta_user_mbtiresult` VALUES (389, 775, 16, 'A');
INSERT INTO `ta_user_mbtiresult` VALUES (390, 775, 17, 'A');
INSERT INTO `ta_user_mbtiresult` VALUES (391, 775, 18, 'A');
INSERT INTO `ta_user_mbtiresult` VALUES (392, 775, 19, 'A');
INSERT INTO `ta_user_mbtiresult` VALUES (393, 775, 20, 'A');
INSERT INTO `ta_user_mbtiresult` VALUES (394, 775, 21, 'B');
INSERT INTO `ta_user_mbtiresult` VALUES (395, 775, 22, 'B');
INSERT INTO `ta_user_mbtiresult` VALUES (396, 775, 23, 'B');
INSERT INTO `ta_user_mbtiresult` VALUES (397, 775, 24, 'B');
INSERT INTO `ta_user_mbtiresult` VALUES (398, 775, 25, 'A');
INSERT INTO `ta_user_mbtiresult` VALUES (399, 775, 26, 'A');
INSERT INTO `ta_user_mbtiresult` VALUES (400, 775, 27, 'A');
INSERT INTO `ta_user_mbtiresult` VALUES (401, 775, 28, 'A');
INSERT INTO `ta_user_mbtiresult` VALUES (402, 775, 29, 'B');
INSERT INTO `ta_user_mbtiresult` VALUES (403, 775, 30, 'B');
INSERT INTO `ta_user_mbtiresult` VALUES (404, 775, 31, 'B');
INSERT INTO `ta_user_mbtiresult` VALUES (405, 775, 32, 'B');
INSERT INTO `ta_user_mbtiresult` VALUES (406, 775, 33, 'A');
INSERT INTO `ta_user_mbtiresult` VALUES (407, 775, 34, 'A');
INSERT INTO `ta_user_mbtiresult` VALUES (408, 775, 35, 'A');
INSERT INTO `ta_user_mbtiresult` VALUES (409, 775, 36, 'A');
INSERT INTO `ta_user_mbtiresult` VALUES (410, 775, 37, 'A');
INSERT INTO `ta_user_mbtiresult` VALUES (411, 775, 38, 'B');
INSERT INTO `ta_user_mbtiresult` VALUES (412, 775, 39, 'B');
INSERT INTO `ta_user_mbtiresult` VALUES (413, 775, 40, 'B');
INSERT INTO `ta_user_mbtiresult` VALUES (414, 775, 41, 'B');
INSERT INTO `ta_user_mbtiresult` VALUES (415, 775, 42, 'A');
INSERT INTO `ta_user_mbtiresult` VALUES (416, 775, 43, 'A');
INSERT INTO `ta_user_mbtiresult` VALUES (417, 775, 44, 'A');
INSERT INTO `ta_user_mbtiresult` VALUES (418, 775, 45, 'A');
INSERT INTO `ta_user_mbtiresult` VALUES (419, 775, 46, 'B');
INSERT INTO `ta_user_mbtiresult` VALUES (420, 775, 47, 'B');
INSERT INTO `ta_user_mbtiresult` VALUES (421, 775, 48, 'B');
INSERT INTO `ta_user_mbtiresult` VALUES (422, 775, 49, 'A');
INSERT INTO `ta_user_mbtiresult` VALUES (423, 775, 50, 'A');
INSERT INTO `ta_user_mbtiresult` VALUES (424, 775, 51, 'A');
INSERT INTO `ta_user_mbtiresult` VALUES (425, 775, 52, 'B');
INSERT INTO `ta_user_mbtiresult` VALUES (426, 775, 53, 'B');
INSERT INTO `ta_user_mbtiresult` VALUES (427, 775, 54, 'B');
INSERT INTO `ta_user_mbtiresult` VALUES (428, 775, 55, 'B');
INSERT INTO `ta_user_mbtiresult` VALUES (429, 775, 56, 'B');
INSERT INTO `ta_user_mbtiresult` VALUES (430, 775, 57, 'A');
INSERT INTO `ta_user_mbtiresult` VALUES (431, 775, 58, 'A');
INSERT INTO `ta_user_mbtiresult` VALUES (432, 775, 59, 'A');
INSERT INTO `ta_user_mbtiresult` VALUES (433, 775, 60, 'A');
INSERT INTO `ta_user_mbtiresult` VALUES (434, 775, 61, 'B');
INSERT INTO `ta_user_mbtiresult` VALUES (435, 775, 62, 'B');
INSERT INTO `ta_user_mbtiresult` VALUES (436, 775, 63, 'B');
INSERT INTO `ta_user_mbtiresult` VALUES (437, 775, 64, 'A');
INSERT INTO `ta_user_mbtiresult` VALUES (438, 775, 65, 'A');
INSERT INTO `ta_user_mbtiresult` VALUES (439, 775, 66, 'B');
INSERT INTO `ta_user_mbtiresult` VALUES (440, 775, 67, 'B');
INSERT INTO `ta_user_mbtiresult` VALUES (441, 775, 68, 'A');
INSERT INTO `ta_user_mbtiresult` VALUES (442, 775, 69, 'A');
INSERT INTO `ta_user_mbtiresult` VALUES (443, 775, 70, 'B');
INSERT INTO `ta_user_mbtiresult` VALUES (444, 775, 71, 'B');
INSERT INTO `ta_user_mbtiresult` VALUES (445, 775, 72, 'A');
INSERT INTO `ta_user_mbtiresult` VALUES (446, 775, 73, 'A');
INSERT INTO `ta_user_mbtiresult` VALUES (447, 775, 74, 'A');
INSERT INTO `ta_user_mbtiresult` VALUES (448, 775, 75, 'A');
INSERT INTO `ta_user_mbtiresult` VALUES (449, 775, 76, 'A');
INSERT INTO `ta_user_mbtiresult` VALUES (450, 775, 77, 'A');
INSERT INTO `ta_user_mbtiresult` VALUES (451, 775, 78, 'B');
INSERT INTO `ta_user_mbtiresult` VALUES (452, 775, 79, 'B');
INSERT INTO `ta_user_mbtiresult` VALUES (453, 775, 80, 'B');
INSERT INTO `ta_user_mbtiresult` VALUES (454, 775, 81, 'B');
INSERT INTO `ta_user_mbtiresult` VALUES (455, 775, 82, 'A');
INSERT INTO `ta_user_mbtiresult` VALUES (456, 775, 83, 'A');
INSERT INTO `ta_user_mbtiresult` VALUES (457, 775, 84, 'A');
INSERT INTO `ta_user_mbtiresult` VALUES (458, 775, 85, 'B');
INSERT INTO `ta_user_mbtiresult` VALUES (459, 775, 86, 'B');
INSERT INTO `ta_user_mbtiresult` VALUES (460, 775, 87, 'A');
INSERT INTO `ta_user_mbtiresult` VALUES (461, 775, 88, 'A');
INSERT INTO `ta_user_mbtiresult` VALUES (462, 775, 89, 'B');
INSERT INTO `ta_user_mbtiresult` VALUES (463, 775, 90, 'B');
INSERT INTO `ta_user_mbtiresult` VALUES (464, 775, 91, 'A');
INSERT INTO `ta_user_mbtiresult` VALUES (465, 775, 92, 'A');
INSERT INTO `ta_user_mbtiresult` VALUES (466, 775, 93, 'B');
INSERT INTO `ta_user_mbtiresult` VALUES (467, 775, 94, 'B');

-- ----------------------------
-- Table structure for talk
-- ----------------------------
DROP TABLE IF EXISTS `talk`;
CREATE TABLE `talk`  (
  `id` bigint(20) NOT NULL AUTO_INCREMENT COMMENT '主键id',
  `title` varchar(128) CHARACTER SET utf8mb4 COLLATE utf8mb4_general_ci NULL DEFAULT NULL COMMENT '标题',
  `description` varchar(1024) CHARACTER SET utf8mb4 COLLATE utf8mb4_general_ci NOT NULL COMMENT '描述',
  `tag` varchar(128) CHARACTER SET utf8 COLLATE utf8_general_ci NULL DEFAULT NULL COMMENT '标签',
  `images` varchar(2048) CHARACTER SET utf8 COLLATE utf8_general_ci NULL DEFAULT NULL COMMENT '图片地址',
  `video` varchar(128) CHARACTER SET utf8 COLLATE utf8_general_ci NULL DEFAULT NULL COMMENT '视频地址',
  `type` int(1) NOT NULL DEFAULT 1 COMMENT '类型',
  `status` int(11) NOT NULL DEFAULT 0 COMMENT '状态',
  `permission` int(11) NOT NULL DEFAULT 0 COMMENT '权限',
  `creator` bigint(20) NOT NULL COMMENT '发布者',
  `view_count` int(11) NOT NULL DEFAULT 0 COMMENT '浏览数',
  `comment_count` int(11) NOT NULL DEFAULT 0 COMMENT '评论数',
  `like_count` int(11) NOT NULL DEFAULT 0 COMMENT '点赞数',
  `gmt_latest_comment` bigint(20) NOT NULL COMMENT '最后评论时间',
  `gmt_create` bigint(20) NOT NULL COMMENT '创建时间',
  `gmt_modified` bigint(20) NOT NULL COMMENT '修改时间',
  PRIMARY KEY (`id`) USING BTREE
) ENGINE = InnoDB AUTO_INCREMENT = 6 CHARACTER SET = utf8 COLLATE = utf8_general_ci ROW_FORMAT = Compact;

-- ----------------------------
-- Records of talk
-- ----------------------------
INSERT INTO `talk` VALUES (1, '111', '11111', '讨论', NULL, NULL, 1, 0, 0, 774, 0, 2, 2, 1651806041996, 1649425841875, 1649425841875);
INSERT INTO `talk` VALUES (2, NULL, '111', NULL, '', '', 1, 0, 0, 776, 0, 1, 1, 1649676910938, 1649676881125, 1649676881125);
INSERT INTO `talk` VALUES (3, NULL, '222', NULL, '', '', 1, 0, 0, 777, 0, 0, 0, 1651631756470, 1651631756470, 1651631756470);
INSERT INTO `talk` VALUES (4, NULL, '333', NULL, '', '', 1, 0, 0, 777, 0, 0, 0, 1651760432468, 1651760432468, 1651760432468);
INSERT INTO `talk` VALUES (5, NULL, '新的说说', NULL, '', '', 1, 0, 0, 777, 0, 0, 0, 1651842904867, 1651842904867, 1651842904867);

-- ----------------------------
-- Table structure for tb_blog
-- ----------------------------
DROP TABLE IF EXISTS `tb_blog`;
CREATE TABLE `tb_blog`  (
  `id` bigint(20) NOT NULL AUTO_INCREMENT,
  `title` varchar(255) CHARACTER SET utf8 COLLATE utf8_general_ci NULL DEFAULT NULL,
  `content` text CHARACTER SET utf8 COLLATE utf8_general_ci NULL,
  `first_picture` varchar(255) CHARACTER SET utf8 COLLATE utf8_general_ci NULL DEFAULT NULL,
  `flag` varchar(255) CHARACTER SET utf8 COLLATE utf8_general_ci NULL DEFAULT NULL,
  `views` int(11) NULL DEFAULT NULL,
  `appreciation` int(11) NOT NULL DEFAULT 0,
  `share_statement` int(11) NOT NULL DEFAULT 0,
  `commentabled` int(11) NOT NULL DEFAULT 0,
  `published` int(11) NOT NULL DEFAULT 0,
  `recommend` int(11) NOT NULL DEFAULT 0,
  `create_time` datetime NULL DEFAULT NULL,
  `update_time` datetime NULL DEFAULT NULL,
  `type_id` bigint(20) NULL DEFAULT NULL,
  `user_id` bigint(20) NULL DEFAULT NULL,
  `description` text CHARACTER SET utf8 COLLATE utf8_general_ci NULL,
  `tag_ids` varchar(100) CHARACTER SET utf8 COLLATE utf8_general_ci NULL DEFAULT NULL,
  PRIMARY KEY (`id`) USING BTREE
) ENGINE = InnoDB AUTO_INCREMENT = 15 CHARACTER SET = utf8 COLLATE = utf8_general_ci ROW_FORMAT = Compact;

-- ----------------------------
-- Records of tb_blog
-- ----------------------------
INSERT INTO `tb_blog` VALUES (1, 'maven中静态资源的过滤', '# maven中静态资源的过滤\r\n\r\npom.xml文件中加入下面配置\r\n\r\n### 可以过滤java和resources文件夹里面所有的的.properties和.xml文件\r\n**directory：指定资源所在的目录，目录的路径是相对于pom.xml文件的\r\nincludes：指定要包含哪些文件**\r\n**filtering标签中：false表示不过滤，true表示过滤**\r\n\r\n```java\r\n    <build>\r\n        <resources>\r\n            <resource>\r\n                <directory>src/main/java</directory>\r\n                <includes>\r\n                    <include>**/*.properties</include>\r\n                    <include>**/*.xml</include>\r\n                </includes>\r\n                <filtering>false</filtering>\r\n            </resource>\r\n            <resource>\r\n                <directory>src/main/resources</directory>\r\n                <includes>\r\n                    <include>**/*.properties</include>\r\n                    <include>**/*.xml</include>\r\n                </includes>\r\n                <filtering>false</filtering>\r\n            </resource>\r\n        </resources>\r\n    </build>\r\n```\r\n', 'https://timgsa.baidu.com/timg?image&quality=80&size=b9999_10000&sec=1584367888190&di=7855ff350e759b4b3de8c614978673b4&imgtype=0&src=http%3A%2F%2Fb-ssl.duitang.com%2Fuploads%2Fitem%2F201612%2F07%2F20161207154722_Cmce5.thumb.400_0.gif', '原创', 0, 1, 1, 1, 1, 1, '2020-03-12 08:25:47', '2020-03-13 11:56:19', 3, 777, 'pom.xml文件中加入下面配置\r\n可以过滤java和resources文件夹里面所有的的.properties和.xml文件', '4');
INSERT INTO `tb_blog` VALUES (2, '使用System.out.format()格式化输出', '#### JDK5.0允许java像C语言那样直接用printf()方法来格式化输出\r\n####  System.out.format()功能与printf()一样，可以使用%d,%f等参数。\r\n使用System.out.format()完成**左对齐，补0，千位分隔符，小数点位数，本地化表达**\r\n```java\r\npublic class TestNumber {\r\n   \r\n    public static void main(String[] args) {\r\n        int year = 2020;\r\n        //左对齐，补0，千位分隔符，小数点位数，本地化表达\r\n        \r\n      //直接打印数字\r\n        System.out.println(year);\r\n          \r\n        //直接打印数字\r\n        System.out.format(\"%d%n\",year);\r\n        //总长度是8,默认右对齐\r\n        System.out.format(\"%8d%n\",year);\r\n        //总长度是8,左对齐\r\n        System.out.format(\"%-8d%n\",year);\r\n        //总长度是8,不够补0\r\n        System.out.format(\"%08d%n\",year);\r\n        //千位分隔符\r\n        System.out.format(\"%,8d%n\",year*10000);\r\n  \r\n        //保留5位小数\r\n        System.out.format(\"%.5f%n\",Math.PI);\r\n          \r\n        //不同国家的千位分隔符\r\n        System.out.format(Locale.FRANCE,\"%,.2f%n\",Math.PI*10000);\r\n        System.out.format(Locale.US,\"%,.2f%n\",Math.PI*10000);\r\n        System.out.format(Locale.UK,\"%,.2f%n\",Math.PI*10000);\r\n          \r\n    }\r\n}\r\n```\r\n输出结果：\r\n\r\n```java\r\n2020\r\n2020\r\n    2020\r\n2020    \r\n00002020\r\n20,200,000\r\n3.14159\r\n31?415,93\r\n31,415.93\r\n31,415.93\r\n```\r\n', 'https://timgsa.baidu.com/timg?image&quality=80&size=b9999_10000&sec=1584368822685&di=19855856bbd158b52926a49b51e876c0&imgtype=0&src=http%3A%2F%2Fwx2.sinaimg.cnhttps://pic.imgdb.cn/item/62563aae239250f7c5ac18dc.jpg', '原创', 0, 1, 1, 1, 1, 1, '2019-03-12 13:42:14', '2019-03-13 12:00:08', 6, 777, 'JDK5.0允许java像C语言那样直接用printf()方法来格式化输出\r\nSystem.out.format()功能与printf()一样，可以使用%d,%f等参数。\r\n\r\n使用System.out.format()完成左对齐，补0，千位分隔符，小数点位数，本地化表达', '7');
INSERT INTO `tb_blog` VALUES (3, 'Springboot中PageHelper 分页查询使用方法', '### 一：导入依赖\r\n\r\n```java\r\n<dependency>\r\n	<groupId>com.github.pagehelper</groupId>\r\n	<artifactId>pagehelper-spring-boot-starter</artifactId>\r\n	<version>1.2.13</version>\r\n</dependency>\r\n```\r\n### 二：配置yml文件中PageHelper的属性\r\n\r\n```java\r\npagehelper:                #分页插件\r\n  helper-dialect: mysql\r\n  reasonable: true\r\n  support-methods-arguments: true\r\n  params:\r\n```\r\n### 三：在controller类中使用，\r\n##### 1.在查询方法上调用PageHelper.startPage()方法，设置分页的页数和每页信息数，\r\n##### 2.将查询出来的结果集用PageInfo的构造函数初始化为一个分页结果对象\r\n##### 3.将分页结果对象存入model，返回前端页面\r\n```java\r\n@GetMapping(\"/types\")\r\npublic String types(@RequestParam(required = false,defaultValue = \"1\",value = \"pagenum\")int pagenum, Model model){\r\n\r\n    PageHelper.startPage(pagenum, 5);  //pagenum：页数，pagesize:每页的信息数\r\n    \r\n    List<Type> allType = typeService.getAllType(); //调用业务层查询方法\r\n    \r\n    PageInfo<Type> pageInfo = new PageInfo<>(allType); //得到分页结果对象\r\n    \r\n    model.addAttribute(\"pageInfo\", pageInfo);  //携带分页结果信息\r\n    \r\n    return \"admin/types\";  //回到前端展示页面\r\n}\r\n```\r\n### 四：前端展示分页（thymeleaf+semantic-ui）,这里ui用自己的就行，比如bootstrap或layui，主要是thymeleaf的使用。\r\n\r\n```java\r\n<table  class=\"ui compact celled teal table\">\r\n  <thead>\r\n  <tr>\r\n    <th></th>\r\n    <th>名称</th>\r\n    <th>操作</th>\r\n  </tr>\r\n  </thead>\r\n  <tbody>\r\n  <tr th:each=\"type, iterStat : ${pageInfo.list}\">\r\n    <td th:text=\"${iterStat.count}\">1</td>\r\n    <td th:text=\"${type.name}\">摸鱼方法</td>\r\n    <td>\r\n      <a href=\"#\" th:href=\"@{/admin/types/{id}/input(id=${type.id})}\" class=\"ui mini teal basic button\">编辑</a>\r\n      <a href=\"#\" th:href=\"@{/admin/types/{id}/delete(id=${type.id})}\" class=\"ui mini red basic button\">删除</a>\r\n    </td>\r\n  </tr>\r\n  </tbody>\r\n  <tfoot>\r\n  <tr>\r\n    <th colspan=\"7\">\r\n      <div class=\"ui mini pagination menu\"  >\r\n        <div class=\"item\"><a th:href=\"@{/admin/types}\">首页</a></div>\r\n        <div class=\"item\"><a th:href=\"@{/admin/types(pagenum=${pageInfo.hasPreviousPage}?${pageInfo.prePage}:1)}\">上一页</a></div>\r\n        <div class=\"item\"><a th:href=\"@{/admin/types(pagenum=${pageInfo.hasNextPage}?${pageInfo.nextPage}:${pageInfo.pages})}\">下一页</a></div>\r\n        <div class=\"item\"><a th:href=\"@{/admin/types(pagenum=${pageInfo.pages})}\">尾页</a></div>\r\n      </div>\r\n      <a href=\"#\" th:href=\"@{/admin/types/input}\" class=\"ui mini right floated teal basic button\">新增</a>\r\n    </th>\r\n  </tr>\r\n  </tfoot>\r\n</table>\r\n\r\n<div class=\"ui segment m-inline-block\">\r\n  <p >当前第<span th:text=\"${pageInfo.pageNum}\"></span>页，总<span th:text=\"${pageInfo.pages}\"></span>页，共<span th:text=\"${pageInfo.total}\"></span>条记录</p>\r\n</div>\r\n```\r\n### 五：效果展示（pagesize设置为5的效果）\r\n![在这里插入图片描述](https://img-blog.csdnimg.cn/20200310105006168.png?x-oss-process=image/watermark,type_ZmFuZ3poZW5naGVpdGk,shadow_10,text_aHR0cHM6Ly9ibG9nLmNzZG4ubmV0L3FxXzQyODA0NzM2,size_16,color_FFFFFF,t_70)\r\n', 'https://timgsa.baidu.com/timg?image&quality=80&size=b9999_10000&sec=1584368536828&di=460fea188bd56a9f691d87e56622b891&imgtype=0&src=http%3A%2F%2Ftc.sinaimg.cn%2Fmaxwidth.800%2Ftc.service.weibo.com%2Fp3_pstatp_com%2F5ffc4f5b05b15c5642dd59cc7341cc71.jpg', '原创', 0, 1, 0, 1, 1, 1, '2019-03-14 17:05:58', '2020-03-21 11:45:10', 1, 777, '1.在查询方法上调用PageHelper.startPage()方法，设置分页的页数和每页信息数，\r\n2.将查询出来的结果集用PageInfo的构造函数初始化为一个分页结果对象\r\n3.将分页结果对象存入model，返回前端页面', '5,4');
INSERT INTO `tb_blog` VALUES (4, '完全背包问题', '### 2. 完全背包问题\r\n\r\n**题目链接：** [https://www.acwing.com/problem/content/description/3/](https://www.acwing.com/problem/content/description/3/)\r\n\r\n**题目描述**\r\n\r\n有 $N$ 种物品和一个容量是 $V$ 的背包，每种物品都有无限件可用。\r\n\r\n第 $i$ 种物品的体积是 $v_i$，价值是 $w_i$。\r\n\r\n求解将哪些物品装入背包，可使这些物品的总体积不超过背包容量，且总价值最大。\r\n输出最大价值。\r\n\r\n**输入格式**\r\n第一行两个整数，$N，V$，用空格隔开，分别表示物品种数和背包容积。\r\n\r\n接下来有 $N$ 行，每行两个整数 $v_i,w_i$，用空格隔开，分别表示第 $i$ 种物品的体积和价值。\r\n\r\n**输出格式**\r\n输出一个整数，表示最大价值。\r\n\r\n**数据范围**\r\n$0<N,V≤1000$\r\n$0<v_i,w_i≤1000$\r\n\r\n\r\n**样例**\r\n\r\n**输入样例**\r\n\r\n```\r\n4 5\r\n1 2\r\n2 4\r\n3 4\r\n4 5\r\n```\r\n**输出样例：**\r\n\r\n```\r\n10\r\n```\r\n\r\n----------\r\n\r\n**算法**\r\n\r\n动态规划\r\n\r\n**参考文献**\r\n\r\n![](https://pic.imgdb.cn/item/61f0f5f02ab3f51d916cfc37.jpg)\r\n\r\n**时间复杂度**\r\n\r\n **$O(nm^2)$** \r\n\r\n**C++ 代码**\r\n\r\n```cpp\r\n#include <iostream>\r\n#include <algorithm>\r\n\r\nusing namespace std;\r\n\r\nconst int N = 1010;\r\n\r\nint n, m;\r\n\r\nint v[N], w[N];\r\nint f[N][N];\r\n\r\nint main()\r\n{\r\n    cin >> n>>m;\r\n    for (int i=1; i<=n; i++) cin>>v[i]>>w[i];\r\n    \r\n    for (int i=1; i<=n; i++)\r\n        for (int j=0; j<=m; j++)\r\n            for (int k=0; k*v[i] <= j; k++)\r\n                f[i][j] = max(f[i][j], f[i-1][j-v[i]*k] + w[i]*k);\r\n                \r\n    cout << f[n][m] <<endl;\r\n    \r\n    return 0;\r\n                \r\n}\r\n```\r\n\r\n**第一次优化**\r\n\r\n![](https://pic.imgdb.cn/item/61f0f8852ab3f51d916f7397.jpg)\r\n\r\n变成二维，时间复杂度 **$O(nm)$** \r\n\r\n```cpp\r\n#include <iostream>\r\n#include <algorithm>\r\n\r\nusing namespace std;\r\n\r\nconst int N = 1010;\r\n\r\nint n, m;\r\n\r\nint v[N], w[N];\r\nint f[N][N];\r\n\r\nint main()\r\n{\r\n    cin >> n>>m;\r\n    for (int i=1; i<=n; i++) cin>>v[i]>>w[i];\r\n    \r\n    for (int i=1; i<=n; i++)\r\n        for (int j=0; j<=m; j++)\r\n        {\r\n            f[i][j] = f[i-1][j];\r\n            if (j >= v[i]) f[i][j] = max(f[i][j], f[i][j-v[i]]+w[i]);\r\n                \r\n        }\r\n    cout << f[n][m] <<endl;\r\n    \r\n    return 0;\r\n                \r\n}\r\n```\r\n\r\n**第二次优化**\r\n\r\n```cpp\r\n#include <iostream>\r\n#include <algorithm>\r\n\r\nusing namespace std;\r\n\r\nconst int N = 1010;\r\n\r\nint n, m;\r\n\r\nint v[N], w[N];\r\nint f[N];\r\n\r\nint main()\r\n{\r\n    cin >> n>>m;\r\n    for (int i=1; i<=n; i++) cin>>v[i]>>w[i];\r\n    \r\n    for (int i=1; i<=n; i++)\r\n        for (int j=v[i]; j<=m; j++)\r\n            f[j] = max(f[j], f[j-v[i]]+w[i]);\r\n                \r\n       \r\n    cout << f[m] <<endl;\r\n    \r\n    return 0;\r\n                \r\n}\r\n```', 'http://n.sinaimg.cn/sinacn20111/600/w1920h1080/20190331/0f41-huxwryw5226043.jpg', '原创', 0, 1, 1, 1, 1, 1, '2020-03-14 17:01:31', '2022-05-06 17:16:14', 1, 777, '简介：动态规划（Dynamic Programming，DP）是运筹学的一个分支，是求解决策过程最优化的过程。20世纪50年代初，美国数学家贝尔曼（R.Bellman）等人在研究多阶段决策过程的优化问题时，提出了著名的最优化原理，从而创立了动态规划', '6,4,5');
INSERT INTO `tb_blog` VALUES (5, '利用Set集合去重', '### Set集合特点:\r\n#### ①     一次只存一个元素,\r\n\r\n#### ②     不能存储重复的元素\r\n\r\n#### ③     存储顺序和取出来的顺序不一定一致不能存储重复的元素\r\n\r\n可以利用②这一特点，完成去重的功能。\r\n#### 一：Set集合去掉List集合中重复元素\r\n\r\n```java\r\npublic static void main(String[] args) {\r\n	\r\n	//利用set集合 去除ArrayList集合中的重复元素\r\n	ArrayList<String> list = new ArrayList<>();\r\n	list.add(\"1\");\r\n    list.add(\"1\");\r\n    list.add(\"2\");\r\n    list.add(\"2\");\r\n    list.add(\"3\");\r\n    list.add(\"3\");\r\n    list.add(\"4\");\r\n    list.add(\"4\");\r\n    System.out.println(\"去重前的List集合：\"+list);\r\n    \r\n	Set<String> set = new HashSet<>();\r\n	set.addAll(list);\r\n	System.out.println(\"Set集合：\"+set);\r\n	\r\n	list.clear();            // 清空原有元素 放入被list去重后的元素\r\n	list.addAll(set);\r\n	System.out.println(\"去重后的List集合：\"+list);\r\n}\r\n```\r\n运行结果：\r\n\r\n```java\r\n去重前的List集合：[1, 1, 2, 2, 3, 3, 4, 4]\r\nSet集合：[1, 2, 3, 4]\r\n去重后的List集合：[1, 2, 3, 4]\r\n```\r\n\r\n#### 二：Set集合去掉字符串中重复子串\r\n\r\n```java\r\npublic static void main(String[] args) {\r\n	String str = \"aaab\";\r\n	System.out.println(\"字符串aaab 有非空子串a, b, aa, ab, aaa, aab, aaab，一共 7 个\");\r\n	\r\n	Set<String> set = new HashSet<String>();\r\n	for (int step = 0; step <= str.length() - 1; step++) {\r\n		//扫描全部子串\r\n		for (int begin = 0, end = 1 + step; end <= str.length(); begin++, end++) {     \r\n			String kid = str.substring(begin, end);   //截取字符串子串\r\n			set.add(kid);			//将子串放入set集合，完成去重\r\n		}\r\n	}\r\n	System.out.println(\"去除重复子串后的全部子串有：\"+set.size()+\"个\");\r\n	System.out.println(\"分别是：\" + set);\r\n}\r\n```\r\n运行结果：\r\n```java\r\n字符串aaab 有非空子串a, b, aa, ab, aaa, aab, aaab，一共 7 个\r\n去除重复子串后的全部子串有：7个\r\n分别是：[aa, aaa, a, ab, b, aab, aaab]\r\n```\r\n\r\n', 'https://timgsa.baidu.com/timg?image&quality=80&size=b9999_10000&sec=1584366026862&di=62fd65c3b51d4c6b8052f954ef561268&imgtype=0&src=http%3A%2F%2Fimg.article.pchome.net%2F00%2F38%2F63%2F92%2Fpic_lib%2Fs960x639%2F08s960x639.jpg', '原创', 0, 1, 1, 1, 1, 1, '2020-03-13 11:21:46', '2020-03-14 16:19:35', 1, 777, 'Set集合特点:\r\n① 一次只存一个元素,\r\n② 不能存储重复的元素\r\n③ 存储顺序和取出来的顺序不一定一致不能存储重复的元素', '6');
INSERT INTO `tb_blog` VALUES (6, 'mybatis根据日期查询、查询日期并返回', '### 方法：\r\n\r\n#### 1.查询日期，返回日期字符串\r\n```handlebars\r\n//查询所有博客对应的年份，返回一个集合\r\nList<String> findGroupYear();  \r\n```\r\n#### 2.根据日期查询\r\n```handlebars\r\n//根据年份查询博客信息\r\nList<Blog> findByYear(@Param(\"year\") String year);  \r\n```\r\n\r\n\r\n### mybatis映射:\r\n\r\n\r\n```java\r\n<select id=\"findGroupYear\" resultType=\"String\">\r\n    select DATE_FORMAT(b.update_time, \'%Y\') from t_blog b\r\n</select>\r\n\r\n\r\n<select id=\"findByYear\" resultType=\"Blog\">\r\n    select b.title, b.update_time, b.id, b.flag\r\n    from t_blog b\r\n    where DATE_FORMAT(b.update_time, \'%Y\') = #{year}\r\n</select>\r\n```\r\n\r\n## 总结：\r\n**DATE_FORMAT(date,format)：date表示日期，format表示显示的格式。**\r\n**该方法可以把date类型转换为String类型的字符串**\r\n', 'http://p.qpic.cn/dnfbbspic/0/dnfbbs_dnfbbs_dnf_gamebbs_qq_com_forum_202002_04_082156ifotspmtuzcffycn.jpg/0', '原创', 0, 1, 1, 1, 1, 1, '2020-03-21 11:54:41', '2020-03-21 15:33:02', 5, 777, 'mybatis根据日期查询、查询日期并返回\r\n方法：\r\n1.查询日期，返回日期字符串', '4');
INSERT INTO `tb_blog` VALUES (10, '多重背包问题', '### 3. 多重背包问题\r\n\r\n**题目链接:** [https://www.acwing.com/problem/content/description/4/](https://www.acwing.com/problem/content/description/4/)\r\n\r\n**题目描述**\r\n\r\n有 $N$ 种物品和一个容量是 $V$ 的背包。\r\n\r\n第 $i$ 种物品最多有 $s_i$ 件，每件体积是 $v_i$，价值是 $w_i$。\r\n\r\n求解将哪些物品装入背包，可使物品体积总和不超过背包容量，且价值总和最大。\r\n输出最大价值。\r\n\r\n**输入格式**\r\n第一行两个整数，$N，V$，用空格隔开，分别表示物品种数和背包容积。\r\n\r\n接下来有 $N$ 行，每行三个整数 $v_i,w_i,s_i$，用空格隔开，分别表示第 $i$ 种物品的体积、价值和数量。\r\n\r\n**输出格式**\r\n输出一个整数，表示最大价值。\r\n\r\n**数据范围**\r\n$0<N,V≤100$\r\n$0<v_i,w_i,s_i≤100$\r\n\r\n\r\n**样例**\r\n\r\n**输入样例**\r\n```\r\n4 5\r\n1 2 3\r\n2 4 1\r\n3 4 3\r\n4 5 2\r\n```\r\n**输出样例：**\r\n```\r\n10\r\n```\r\n\r\n----------\r\n\r\n**算法**\r\n\r\n动态规划\r\n\r\n**时间复杂度**\r\n\r\n **$O(nm^2)$** \r\n\r\n**参考文献**\r\n\r\n![](https://pic.imgdb.cn/item/61f1080f2ab3f51d917c9a51.png)\r\n\r\n**C++ 代码**\r\n\r\n暴力写法\r\n\r\n```cpp\r\n#include <iostream>\r\n#include <algorithm>\r\n\r\nusing namespace std;\r\n\r\nconst int N = 110;\r\n\r\nint n, m;\r\n\r\nint v[N], w[N], s[N];\r\n\r\nint f[N][N];\r\n\r\nint main()\r\n{\r\n    cin >> n >> m;\r\n    for (int i=1; i<=n; i++) cin >> v[i] >> w[i] >> s[i];\r\n    \r\n    for (int i=1; i<=n; i++)\r\n        for (int j=0; j<=m; j++)\r\n            for (int k=0; k<=s[i] && k*v[i] <= j; k++)\r\n                f[i][j] = max(f[i][j], f[i-1][j- k * v[i]] + k * w[i]);\r\n    \r\n    cout << f[n][m] <<endl;\r\n    return 0;\r\n}\r\n```\r\n\r\n\r\n\r\n### 3.2 多重背包问题2\r\n\r\n**题目链接:** [https://www.acwing.com/problem/content/description/5/](https://www.acwing.com/problem/content/description/5/)\r\n\r\n**题目描述**\r\n\r\n有 $N$ 种物品和一个容量是 $V$ 的背包。\r\n\r\n第 $i$ 种物品最多有 $s_i$ 件，每件体积是 $v_i$，价值是 $w_i$。\r\n\r\n求解将哪些物品装入背包，可使物品体积总和不超过背包容量，且价值总和最大。\r\n输出最大价值。\r\n\r\n**输入格式**\r\n第一行两个整数，$N，V$，用空格隔开，分别表示物品种数和背包容积。\r\n\r\n接下来有 $N$ 行，每行三个整数 $v_i,w_i,s_i$，用空格隔开，分别表示第 $i$ 种物品的体积、价值和数量。\r\n\r\n**输出格式**\r\n输出一个整数，表示最大价值。\r\n\r\n**数据范围**\r\n$0<N≤1000,$ \r\n$0<V≤2000,$\r\n$0<v_i,w_i,s_i≤2000$\r\n\r\n**提示：**\r\n本题考查多重背包的二进制优化方法。\r\n\r\n\r\n**样例**\r\n\r\n**输入样例**\r\n```\r\n4 5\r\n1 2 3\r\n2 4 1\r\n3 4 3\r\n4 5 2\r\n```\r\n**输出样例：**\r\n```\r\n10\r\n```\r\n\r\n----------\r\n\r\n**算法**\r\n\r\n**动态规划**\r\n\r\n**时间复杂度**\r\n\r\n **$O(NVlogS)$** \r\n\r\n**参考文献**\r\n\r\n![](https://pic.imgdb.cn/item/61f10fd62ab3f51d91861ee9.png)\r\n\r\n**多重背包问题2：**\r\n\r\n显然多重背包问题不能使用完全背包问题的方式优化\r\n\r\n**优化方式：二进制优化**\r\n\r\n> 如果需要枚举 0~s\r\n>\r\n> 如果 s=1023\r\n>\r\n> 其实并不需要从0一直枚举到1023\r\n>\r\n> 可以按照二进制，将s分组\r\n>\r\n> 1, 2, 4, 8 ..., 512 （分成了10组）\r\n>\r\n> 第一组枚举了 0-1\r\n>\r\n> 前两组枚举 0-3\r\n>\r\n> 前三组枚举 0-7\r\n>\r\n> ...\r\n>\r\n> 前10组枚举 0-1023\r\n>\r\n> ----\r\n>\r\n> 如果 s=200\r\n>\r\n> 可以将s分组:\r\n>\r\n> 1, 2, 4, 8, ..., 128\r\n>\r\n> 如果这样分组会枚举到 127+128=255>200\r\n>\r\n> 因此应分组为\r\n>\r\n> 1, 2, 4, 8, ..., 64, 73\r\n>\r\n> 正好可以枚举为 200\r\n>\r\n> ----\r\n>\r\n> 从一般找规律: s分组为\r\n>\r\n> $1, 2, 4, 8, ..., 2^k, c$\r\n>\r\n> $c < 2^{k+1}$\r\n>\r\n> $\\lfloor 2^{k+1}-1 \\rfloor$\r\n>\r\n> $\\lfloor c \\sim s \\rfloor$\r\n>\r\n> 因此按照此种方式分组可以枚举到 $0\\sim s$ 的任意一个值\r\n\r\n\r\n\r\n因此第 $i$ 个物品有 $s$ 个， 可以分成 $log_2s$ 组，相当于 $log_2s$ 个新的物品，每个物品(每组)可以选一个（01背包问题）\r\n\r\n因此我们可以将每个物品都进行拆分分组，如果第 $i$ 个物品有 $s_i$ 个, 则可以拆分为 $logs_i$ 组, 拆完之后**对所有新的物品** 做01背包问题求解\r\n\r\n朴素做法时间复杂度 **$O(NVS)$**, 优化后时间复杂度 **$O(NVlog_2S)$**\r\n\r\n\r\n**C++ 代码**\r\n```cpp\r\n#include <iostream>\r\n#include <algorithm>\r\n\r\nusing namespace std;\r\n\r\n// 物品个数, N*logS = 1000 * (log2000 上取整) = 1000 * 12 = 24000\r\nconst int N = 25000;\r\n// 体积\r\nconst int M = 2010;\r\n\r\nint n, m;\r\nint v[N], w[N];\r\n\r\n// 因为01背包问题可以优化成一维\r\nint f[N];\r\n\r\nint main()\r\n{\r\n    cin >> n >>m;\r\n    \r\n    // cnt 存储新的物品的编号\r\n    int cnt = 0;\r\n    for (int i=1; i<=n; i++)\r\n    {\r\n        // a 物品体积\r\n        // b 物品价值\r\n        // s 物品数量\r\n        int a, b, s;\r\n        cin >> a>> b >> s;\r\n        \r\n        // 将当前物品进行分组\r\n        int k=1; // 从1开始分\r\n        while(k <= s)\r\n        {\r\n            cnt ++;\r\n            \r\n            // 把k个当前物品打包到一起\r\n            v[cnt] = k * a;\r\n            w[cnt] = k * b;\r\n            \r\n            s -= k;\r\n            k *= 2;\r\n            \r\n        }\r\n        \r\n        if (s > 0)  // 相当于需要补上c, 此时s就相当于c\r\n        {\r\n            cnt ++;\r\n            v[cnt] = s * a;\r\n            w[cnt] = s * b;\r\n        }\r\n    }\r\n    \r\n    // 此时cnt为新的物品的数量(总的分组的组数, 将每一组看成是一个新的物品)\r\n    n = cnt;\r\n    // 进行01背包求解\r\n    for (int i=1; i<= n; i++)\r\n        for (int j=m; j>=v[i]; j--)\r\n            f[j] = max(f[j], f[j-v[i]]+w[i]);\r\n    \r\n    cout<<f[m]<<endl;\r\n    return 0;\r\n}\r\n```\r\n', 'https://pic.imgdb.cn/item/62563aae239250f7c5ac18dc.jpg', '原创', 0, 1, 1, 1, 1, 1, '2020-03-21 16:19:41', '2022-05-06 17:18:16', 1, 777, '背包问题(Knapsack problem)是一种组合优化的NP完全问题。问题可以描述为：给定一组物品，每种物品都有自己的重量和价格，在限定的总重量内，我们如何选择，才能使得物品的总价格最高。问题的名称来源于如何选择最合适的物品放置于给定背包中。相似问题经常出现在商业、组合数学、计算复杂性理论、密码学和应用数学等领域中。也可以将背包问题描述为决定性问题，即在总重量不超过W的前提下，总价值是否能达到V', '4,6,3');
INSERT INTO `tb_blog` VALUES (11, '安东尼经典语录', '我怕你说话，我怕你沉默。 \r\n我怕你来到，我怕你离开。 \r\n我怕抓紧你，我怕放走你。 \r\n我怕你看到我，我怕你无视我。 \r\n我怕你想念我，我怕你忘记我。 \r\n我怕你过于依赖我，我怕你不再需要我。 \r\n我怕你爱我，我怕你不爱我。 \r\n我怕你太爱我，我怕你不够爱我。\r\n\r\n不管昨夜经历了怎样的泣不成声 早晨醒来这个城市依然车水马龙\r\n\r\n不要让那个喜欢你的人 撕心裂肺地为你哭那么一次 因为 你能把他伤害到那个样子的机会 只有一次 那一次以后 你就从不可或缺的人变成可有可无的人了 即使他还爱你 可是 总有一些东西真的改变了\r\n\r\n应该趁着年轻 和喜欢的人一起 制造些比夏天还要温暖的事\r\n\r\n风不懂云的漂泊。天不懂雨的落魄。眼不懂泪的懦弱。所以你不懂我的选择。也可以不懂我的难过。不是每一个人都一定要快乐。不是每一种痛都一定要诉说\r\n\r\n后来，我终于能接受，我们不会再在一起这个实事。我想我唯一能做的就是，继承那些，你拥有的让我着迷的品质，好好地生活下去。\r\n\r\n如果你喜欢的人不喜欢你，那么就算全世界的人都喜欢你，还是会觉得孤独吧。If the person you like doesn\'t like you ,wouldn\'t it still be lonely even if the whole world loves you.\r\n\r\n那些 我们一直惴惴不安 又充满好奇的未来 会在心里隐隐约约地觉得它们是明亮的\r\n\r\n人生，总会有不期而遇的温暖，和生生不息的希望。\r\n\r\n其实我一直相信 等你出现的时候我就知道是你\r\n\r\n我谈过最长的恋爱，就是自恋，我爱自己，没有情敌。\r\n\r\n不知道如何爱你，看着你，是我唯一的方式。I don\'t know how to love you ,looking at you is the only way i know\r\n\r\n我所知道的关于你的事情 就只有天气预报了\r\n\r\n我觉得 我们俩之间就像喝酒 我干杯 你随意\r\n\r\n玫瑰当然爱小王子 \r\n不过当你真的喜欢一个人的时候 就会想很多 会很容易办蠢事 说傻话 \r\n更别说 那个人像小王子那么可爱 \r\n玫瑰很温柔 其实她只是不知所措罢了 \r\n至于小王子 他还太小了 不明白玫瑰的温柔 \r\n他的离开也许并不是坏事\r\n\r\n最喜欢早上，好像什么都可以重新开始，中午的时候就开始觉得忧伤，晚上最难度过。\r\n\r\nI know that one day I will forgot you. \r\nI don\'t have anticipation. \r\nI don\'t feel sad. \r\nI just know, that\'s all.\r\n\r\n长大了 总有那么一两次机会 你会为了喜欢的人 跑那么一跑 因为 如果是对的人的话 走路真的来不及\r\n\r\n很久以后，那些好极了和糟透了的时刻我们都会忘记，唯一真实和难忘的是，我们抬头挺胸走过的人生。\r\n\r\n不论是我的世界车水马龙繁华盛世 还是它们都瞬间消失化为须臾 我都会坚定地走向你 不慌张 不犹豫', 'https://timgsa.baidu.com/timg?image&quality=80&size=b9999_10000&sec=1584886233933&di=984c5adffbeee9133453b53cdfaa912f&imgtype=0&src=http%3A%2F%2Fd.hiphotos.baidu.com%2Fzhidao%2Fpic%2Fitem%2F4ec2d5628535e5dd24d1534b74c6a7efcf1b62a1.jpg', '原创', 0, 1, 1, 1, 1, 1, '2020-03-22 19:36:45', '2020-03-22 19:36:45', 3, 776, '不论是我的世界车水马龙繁华盛世\r\n 还是它们都瞬间消失化为须臾 \r\n我都会坚定地走向你 不慌张 不犹豫', '8');
INSERT INTO `tb_blog` VALUES (12, '1111111111', '1111111111', 'https://pic.imgdb.cn/item/62563aae239250f7c5ac18dc.jpg', '', 0, 0, 0, 0, 1, 0, '2022-04-23 09:27:33', '2022-04-23 09:27:33', 1, 2, '1111111111', '4,5');
INSERT INTO `tb_blog` VALUES (13, '22222222', '## 22\r\n\r\n2222222222', 'https://pic.imgdb.cn/item/62563aae239250f7c5ac18dc.jpg', '', 0, 0, 0, 0, 1, 0, '2022-04-23 09:28:03', '2022-04-23 09:28:03', 1, 2, '22222222222', '4,5');
INSERT INTO `tb_blog` VALUES (14, '333333', '## 33333\r\n\r\n## 333333\r\n\r\n33333', 'https://pic.imgdb.cn/item/62563aae239250f7c5ac18dc.jpg', '', 0, 1, 1, 1, 1, 1, '2022-04-26 11:03:23', '2022-04-26 11:03:44', 1, 1, '333333', '4,5');

-- ----------------------------
-- Table structure for tb_blog_tag
-- ----------------------------
DROP TABLE IF EXISTS `tb_blog_tag`;
CREATE TABLE `tb_blog_tag`  (
  `id` bigint(20) NOT NULL AUTO_INCREMENT,
  `tag_id` bigint(20) NULL DEFAULT NULL,
  `blog_id` bigint(20) NULL DEFAULT NULL,
  PRIMARY KEY (`id`) USING BTREE
) ENGINE = InnoDB AUTO_INCREMENT = 98 CHARACTER SET = utf8 COLLATE = utf8_general_ci ROW_FORMAT = Compact;

-- ----------------------------
-- Records of tb_blog_tag
-- ----------------------------
INSERT INTO `tb_blog_tag` VALUES (1, 3, 4);
INSERT INTO `tb_blog_tag` VALUES (2, 4, 1);
INSERT INTO `tb_blog_tag` VALUES (3, 4, 3);
INSERT INTO `tb_blog_tag` VALUES (4, 5, 3);
INSERT INTO `tb_blog_tag` VALUES (5, 5, 4);
INSERT INTO `tb_blog_tag` VALUES (6, 7, 2);
INSERT INTO `tb_blog_tag` VALUES (7, 6, 5);
INSERT INTO `tb_blog_tag` VALUES (64, 5, 3);
INSERT INTO `tb_blog_tag` VALUES (65, 4, 3);
INSERT INTO `tb_blog_tag` VALUES (66, 4, 6);
INSERT INTO `tb_blog_tag` VALUES (74, 7, 10);
INSERT INTO `tb_blog_tag` VALUES (75, 8, 11);
INSERT INTO `tb_blog_tag` VALUES (76, 8, 12);
INSERT INTO `tb_blog_tag` VALUES (77, 8, 13);
INSERT INTO `tb_blog_tag` VALUES (78, 4, 12);
INSERT INTO `tb_blog_tag` VALUES (79, 5, 12);
INSERT INTO `tb_blog_tag` VALUES (80, 4, 13);
INSERT INTO `tb_blog_tag` VALUES (81, 5, 13);
INSERT INTO `tb_blog_tag` VALUES (82, 11, 11);
INSERT INTO `tb_blog_tag` VALUES (83, 11, 11);
INSERT INTO `tb_blog_tag` VALUES (84, 11, 11);
INSERT INTO `tb_blog_tag` VALUES (85, 4, 14);
INSERT INTO `tb_blog_tag` VALUES (86, 5, 14);
INSERT INTO `tb_blog_tag` VALUES (87, 4, 14);
INSERT INTO `tb_blog_tag` VALUES (88, 5, 14);
INSERT INTO `tb_blog_tag` VALUES (89, 6, 4);
INSERT INTO `tb_blog_tag` VALUES (90, 4, 4);
INSERT INTO `tb_blog_tag` VALUES (91, 5, 4);
INSERT INTO `tb_blog_tag` VALUES (92, 6, 4);
INSERT INTO `tb_blog_tag` VALUES (93, 4, 4);
INSERT INTO `tb_blog_tag` VALUES (94, 5, 4);
INSERT INTO `tb_blog_tag` VALUES (95, 4, 10);
INSERT INTO `tb_blog_tag` VALUES (96, 6, 10);
INSERT INTO `tb_blog_tag` VALUES (97, 3, 10);

-- ----------------------------
-- Table structure for tb_tag
-- ----------------------------
DROP TABLE IF EXISTS `tb_tag`;
CREATE TABLE `tb_tag`  (
  `id` bigint(20) NOT NULL AUTO_INCREMENT,
  `name` varchar(255) CHARACTER SET utf8 COLLATE utf8_general_ci NULL DEFAULT NULL,
  PRIMARY KEY (`id`) USING BTREE
) ENGINE = InnoDB AUTO_INCREMENT = 9 CHARACTER SET = utf8 COLLATE = utf8_general_ci ROW_FORMAT = Compact;

-- ----------------------------
-- Records of tb_tag
-- ----------------------------
INSERT INTO `tb_tag` VALUES (3, '前端');
INSERT INTO `tb_tag` VALUES (4, '后端');
INSERT INTO `tb_tag` VALUES (5, 'springboot');
INSERT INTO `tb_tag` VALUES (6, 'java');
INSERT INTO `tb_tag` VALUES (7, 'javase');
INSERT INTO `tb_tag` VALUES (8, '杂谈');

-- ----------------------------
-- Table structure for tb_type
-- ----------------------------
DROP TABLE IF EXISTS `tb_type`;
CREATE TABLE `tb_type`  (
  `id` bigint(20) NOT NULL AUTO_INCREMENT,
  `name` varchar(255) CHARACTER SET utf8 COLLATE utf8_general_ci NULL DEFAULT NULL,
  PRIMARY KEY (`id`) USING BTREE
) ENGINE = InnoDB AUTO_INCREMENT = 9 CHARACTER SET = utf8 COLLATE = utf8_general_ci ROW_FORMAT = Compact;

-- ----------------------------
-- Records of tb_type
-- ----------------------------
INSERT INTO `tb_type` VALUES (1, '学习方法');
INSERT INTO `tb_type` VALUES (3, '娱乐方法');
INSERT INTO `tb_type` VALUES (4, '钓鱼方法');
INSERT INTO `tb_type` VALUES (5, '哈哈方法');
INSERT INTO `tb_type` VALUES (6, '动漫方法');
INSERT INTO `tb_type` VALUES (8, '222');

-- ----------------------------
-- Table structure for tb_user_blog
-- ----------------------------
DROP TABLE IF EXISTS `tb_user_blog`;
CREATE TABLE `tb_user_blog`  (
  `user_id` bigint(20) NULL DEFAULT NULL,
  `blog_id` bigint(20) NULL DEFAULT NULL
) ENGINE = InnoDB CHARACTER SET = utf8 COLLATE = utf8_general_ci ROW_FORMAT = Compact;

-- ----------------------------
-- Records of tb_user_blog
-- ----------------------------
INSERT INTO `tb_user_blog` VALUES (1, 1);
INSERT INTO `tb_user_blog` VALUES (1, 2);
INSERT INTO `tb_user_blog` VALUES (1, 3);
INSERT INTO `tb_user_blog` VALUES (1, 4);
INSERT INTO `tb_user_blog` VALUES (1, 5);

-- ----------------------------
-- Table structure for tb_user_tag
-- ----------------------------
DROP TABLE IF EXISTS `tb_user_tag`;
CREATE TABLE `tb_user_tag`  (
  `user_id` bigint(20) NULL DEFAULT NULL,
  `tag_id` bigint(20) NULL DEFAULT NULL
) ENGINE = InnoDB CHARACTER SET = utf8 COLLATE = utf8_general_ci ROW_FORMAT = Compact;

-- ----------------------------
-- Records of tb_user_tag
-- ----------------------------
INSERT INTO `tb_user_tag` VALUES (777, 3);
INSERT INTO `tb_user_tag` VALUES (777, 4);
INSERT INTO `tb_user_tag` VALUES (777, 5);
INSERT INTO `tb_user_tag` VALUES (777, 6);
INSERT INTO `tb_user_tag` VALUES (777, 7);
INSERT INTO `tb_user_tag` VALUES (776, 3);
INSERT INTO `tb_user_tag` VALUES (776, 5);
INSERT INTO `tb_user_tag` VALUES (776, 4);

-- ----------------------------
-- Table structure for tb_user_type
-- ----------------------------
DROP TABLE IF EXISTS `tb_user_type`;
CREATE TABLE `tb_user_type`  (
  `user_id` bigint(11) NULL DEFAULT NULL,
  `type_id` bigint(11) NULL DEFAULT NULL
) ENGINE = InnoDB CHARACTER SET = utf8 COLLATE = utf8_general_ci ROW_FORMAT = Compact;

-- ----------------------------
-- Records of tb_user_type
-- ----------------------------
INSERT INTO `tb_user_type` VALUES (777, 1);
INSERT INTO `tb_user_type` VALUES (777, 2);
INSERT INTO `tb_user_type` VALUES (777, 3);
INSERT INTO `tb_user_type` VALUES (777, 4);
INSERT INTO `tb_user_type` VALUES (777, 5);
INSERT INTO `tb_user_type` VALUES (776, 1);
INSERT INTO `tb_user_type` VALUES (776, 2);
INSERT INTO `tb_user_type` VALUES (776, 6);
INSERT INTO `tb_user_type` VALUES (1, 8);

-- ----------------------------
-- Table structure for thumb
-- ----------------------------
DROP TABLE IF EXISTS `thumb`;
CREATE TABLE `thumb`  (
  `id` bigint(20) NOT NULL AUTO_INCREMENT,
  `target_id` bigint(20) NOT NULL COMMENT '点赞目标 问题/回复/说说id',
  `type` int(11) NOT NULL COMMENT '目标类型',
  `liker` bigint(20) NOT NULL COMMENT '点赞者',
  `gmt_create` bigint(20) NOT NULL,
  `gmt_modified` bigint(20) NOT NULL,
  PRIMARY KEY (`id`) USING BTREE
) ENGINE = InnoDB AUTO_INCREMENT = 12 CHARACTER SET = utf8 COLLATE = utf8_general_ci ROW_FORMAT = Compact;

-- ----------------------------
-- Records of thumb
-- ----------------------------
INSERT INTO `thumb` VALUES (1, 2, 11, 776, 1649676931225, 1649676931225);
INSERT INTO `thumb` VALUES (2, 2, 1, 777, 1649682064495, 1649682064495);
INSERT INTO `thumb` VALUES (6, 2, 2, 776, 1649683657909, 1649683657909);
INSERT INTO `thumb` VALUES (7, 1, 11, 776, 1649683725618, 1649683725618);
INSERT INTO `thumb` VALUES (8, 8, 1, 777, 1651758757819, 1651758757819);
INSERT INTO `thumb` VALUES (9, 1, 11, 777, 1651760813722, 1651760813722);
INSERT INTO `thumb` VALUES (10, 6, 1, 777, 1651838603925, 1651838603925);
INSERT INTO `thumb` VALUES (11, 5, 2, 777, 1651841994712, 1651841994712);

-- ----------------------------
-- Table structure for time_label
-- ----------------------------
DROP TABLE IF EXISTS `time_label`;
CREATE TABLE `time_label`  (
  `label_id` int(11) NOT NULL AUTO_INCREMENT,
  `label_name` varchar(255) CHARACTER SET utf8 COLLATE utf8_general_ci NULL DEFAULT NULL,
  `label_color` varchar(255) CHARACTER SET utf8 COLLATE utf8_general_ci NULL DEFAULT NULL,
  `parent_id` int(11) NULL DEFAULT 0,
  `flag` int(11) NOT NULL DEFAULT 0,
  `create_time` datetime NULL DEFAULT NULL,
  `update_time` datetime NULL DEFAULT NULL,
  PRIMARY KEY (`label_id`) USING BTREE
) ENGINE = InnoDB AUTO_INCREMENT = 11 CHARACTER SET = utf8 COLLATE = utf8_general_ci ROW_FORMAT = Compact;

-- ----------------------------
-- Records of time_label
-- ----------------------------
INSERT INTO `time_label` VALUES (1, '学习', '#e74133', 0, 0, '2022-03-29 22:29:26', '2022-04-29 16:51:02');
INSERT INTO `time_label` VALUES (2, '工作', '#00a4ef', 0, 0, '2022-04-29 22:29:34', '2022-04-29 22:57:52');
INSERT INTO `time_label` VALUES (3, '生活', '#eb7416', 0, 0, '2022-04-30 22:29:39', '2022-04-30 22:58:03');
INSERT INTO `time_label` VALUES (4, '运动', '#e74133', 0, 0, '2022-03-30 22:29:45', '2022-04-30 22:58:14');
INSERT INTO `time_label` VALUES (6, '阅读', '#e74133', 1, 0, '2022-04-29 22:29:52', '2022-04-29 22:58:19');
INSERT INTO `time_label` VALUES (7, '阅读', '#e74133', 1, 0, '2022-04-18 10:26:35', '2022-04-18 10:26:35');
INSERT INTO `time_label` VALUES (8, '1112', '#e74133', 0, 0, '2022-04-18 10:56:49', '2022-04-18 10:57:01');
INSERT INTO `time_label` VALUES (9, '222', '#e74133', 8, 0, '2022-04-18 10:56:58', '2022-04-18 10:56:58');
INSERT INTO `time_label` VALUES (10, '学习数学', NULL, 1, 0, '2022-05-06 16:44:06', '2022-05-06 16:44:06');

-- ----------------------------
-- Table structure for time_task
-- ----------------------------
DROP TABLE IF EXISTS `time_task`;
CREATE TABLE `time_task`  (
  `task_id` int(11) NOT NULL AUTO_INCREMENT,
  `priority` int(11) NULL DEFAULT NULL COMMENT '0 重要紧急  1重要不紧急  2紧急不重要  3不重要不紧急',
  `start_time` datetime NULL DEFAULT NULL COMMENT '任务开始时间',
  `end_time` datetime NULL DEFAULT NULL COMMENT '任务结束时间',
  `task_content` varchar(255) CHARACTER SET utf8 COLLATE utf8_general_ci NULL DEFAULT NULL,
  `time_period` varchar(255) CHARACTER SET utf8 COLLATE utf8_general_ci NULL DEFAULT NULL COMMENT '时间段 如08:00-09:00',
  `finished` tinyint(1) NULL DEFAULT 0 COMMENT '标记是否完成,0未完成',
  `label_id` int(11) NULL DEFAULT NULL COMMENT '标签外键',
  `create_time` datetime NULL DEFAULT NULL,
  `update_time` datetime NULL DEFAULT NULL,
  `explan` varchar(255) CHARACTER SET utf8 COLLATE utf8_general_ci NULL DEFAULT NULL COMMENT '任务说明',
  `parent_id` int(11) NULL DEFAULT 0 COMMENT '判断是否为父任务 0为父任务',
  `duration` int(11) NULL DEFAULT NULL COMMENT '任务持续时间endTime-startTime',
  `child_Task` varchar(255) CHARACTER SET utf8 COLLATE utf8_general_ci NULL DEFAULT NULL,
  `flag` int(11) NOT NULL DEFAULT 0,
  PRIMARY KEY (`task_id`) USING BTREE
) ENGINE = InnoDB AUTO_INCREMENT = 26 CHARACTER SET = utf8 COLLATE = utf8_general_ci ROW_FORMAT = Compact;

-- ----------------------------
-- Records of time_task
-- ----------------------------
INSERT INTO `time_task` VALUES (1, 0, NULL, NULL, '111', '05:02 - 23:53', 0, 2, '2022-04-16 20:06:53', '2022-04-16 20:06:53', '111', 0, 1131, NULL, 0);
INSERT INTO `time_task` VALUES (2, 1, NULL, NULL, '222', '05:00 - 18:55', 0, 1, '2022-04-16 20:06:53', '2022-04-16 20:06:53', NULL, 0, 835, NULL, 1);
INSERT INTO `time_task` VALUES (3, 0, NULL, NULL, '111', '05:02 - 23:53', 0, 2, '2022-04-16 20:06:53', '2022-04-16 20:06:53', NULL, 0, 1131, NULL, 0);
INSERT INTO `time_task` VALUES (4, 0, NULL, NULL, '123', '05:00 - 23:55', 0, 1, '2022-04-16 20:06:53', '2022-04-16 20:06:53', NULL, 0, NULL, NULL, 1);
INSERT INTO `time_task` VALUES (5, 0, NULL, NULL, '111', '05:00 - 18:55', 0, 1, '2022-04-16 20:06:53', '2022-04-16 20:06:53', NULL, 0, NULL, NULL, 0);
INSERT INTO `time_task` VALUES (6, 0, NULL, NULL, '11', '05:00 - 23:55', 0, 1, '2022-04-16 20:06:53', '2022-04-16 16:48:35', NULL, 0, NULL, NULL, 0);
INSERT INTO `time_task` VALUES (7, 0, NULL, NULL, '333', '05:00 - 23:55', 0, 1, '2022-04-01 16:48:00', '2022-04-01 16:48:09', NULL, 0, NULL, NULL, 0);
INSERT INTO `time_task` VALUES (8, 1, NULL, NULL, '333', '05:00 - 23:55', 0, 2, '2022-04-15 16:48:13', '2022-04-15 16:48:22', NULL, 0, NULL, NULL, 0);
INSERT INTO `time_task` VALUES (9, 1, NULL, NULL, '111', '05:03 - 07:04', 0, 1, '2022-04-13 16:48:26', '2022-04-13 16:48:31', NULL, 0, 121, '11111,22222', 0);
INSERT INTO `time_task` VALUES (10, 1, NULL, NULL, '111', '05:03 - 07:04', 0, 1, '2022-04-28 10:27:33', '2022-04-28 10:27:39', NULL, 0, 121, '11111,22222', 0);
INSERT INTO `time_task` VALUES (11, 0, NULL, NULL, '11111111', '06:03 - 07:04', 0, 1, '2022-04-17 16:44:42', '2022-04-17 16:44:42', NULL, 0, 61, '22,333', 0);
INSERT INTO `time_task` VALUES (12, 1, NULL, NULL, '2222', '07:03 - 08:04', 0, 3, '2022-04-17 17:55:19', '2022-04-17 17:55:19', NULL, 0, 61, '222,333', 0);
INSERT INTO `time_task` VALUES (13, 0, NULL, NULL, '333', '05:03 - 07:14', 1, 1, '2022-04-17 18:14:58', '2022-04-17 23:33:22', '6666', 0, 11, '333,444', 0);
INSERT INTO `time_task` VALUES (14, 0, NULL, NULL, '1111', '05:00 - 22:00', 0, 2, '2022-04-29 16:50:51', '2022-04-29 16:50:51', '111111111', 0, 1020, '11,22', 0);
INSERT INTO `time_task` VALUES (15, 0, NULL, NULL, '2222', '05:00 - 07:00', 1, 3, '2022-04-29 21:16:55', '2022-04-29 21:16:55', '44444444', 0, 120, '33,44', 0);
INSERT INTO `time_task` VALUES (16, 0, NULL, NULL, '1111', '05:03 - 06:03', 0, 1, '2022-04-30 11:27:30', '2022-04-30 11:27:30', '11111111111', 0, 60, '11,11', 0);
INSERT INTO `time_task` VALUES (17, 1, NULL, NULL, '222', '07:00 - 08:00', 1, 2, '2022-04-30 11:28:11', '2022-04-30 11:28:11', '2222222', 0, 60, '22,22', 0);
INSERT INTO `time_task` VALUES (18, 0, NULL, NULL, '111', '05:00 - 13:00', 1, 1, '2022-05-03 15:49:19', '2022-05-03 15:50:28', '11111111', 0, 480, '11,22', 0);
INSERT INTO `time_task` VALUES (19, 1, NULL, NULL, '222', '14:00 - 16:00', 0, 2, '2022-05-03 15:50:16', '2022-05-03 15:50:16', '3333', 0, 120, '22,33', 0);
INSERT INTO `time_task` VALUES (20, 0, NULL, NULL, '111', '05:00 - 08:00', 0, 1, '2022-05-04 10:34:26', '2022-05-04 10:34:26', '2222', 0, 180, '22,22', 0);
INSERT INTO `time_task` VALUES (21, 1, NULL, NULL, '333', '07:00 - 08:00', 0, 2, '2022-05-04 10:41:00', '2022-05-04 10:41:00', '33333', 0, 60, '33,33', 0);
INSERT INTO `time_task` VALUES (22, 0, NULL, NULL, '背单词', '06:00 - 07:00', 0, 1, '2022-05-06 16:21:07', '2022-05-06 16:21:07', '今天早上背50个单词', 0, 60, '背六级单词,背常用短语', 0);
INSERT INTO `time_task` VALUES (23, 0, NULL, NULL, '写毕业论文', '08:00 - 11:30', 0, 2, '2022-05-06 16:25:51', '2022-05-06 16:25:51', '今天将毕业论文基本完结', 0, 210, '完成系统设计,完成系统实现', 0);
INSERT INTO `time_task` VALUES (24, 1, NULL, NULL, '吃饭', '12:00 - 13:00', 1, 3, '2022-05-06 16:27:13', '2022-05-06 16:48:00', '中午出去吃饭', 0, 60, '吃午饭,饭后休闲', 0);
INSERT INTO `time_task` VALUES (25, 2, NULL, NULL, '跑步', '21:00 - 22:00', 0, 4, '2022-05-06 16:49:15', '2022-05-06 16:49:15', '坚持锻炼', 0, 60, '跑20分钟,散步10分钟', 0);

-- ----------------------------
-- Table structure for time_user_label
-- ----------------------------
DROP TABLE IF EXISTS `time_user_label`;
CREATE TABLE `time_user_label`  (
  `user_id` int(11) NOT NULL,
  `label_id` int(11) NOT NULL
) ENGINE = InnoDB CHARACTER SET = utf8 COLLATE = utf8_general_ci ROW_FORMAT = Compact;

-- ----------------------------
-- Records of time_user_label
-- ----------------------------
INSERT INTO `time_user_label` VALUES (777, 1);
INSERT INTO `time_user_label` VALUES (777, 2);
INSERT INTO `time_user_label` VALUES (777, 3);
INSERT INTO `time_user_label` VALUES (777, 4);
INSERT INTO `time_user_label` VALUES (776, 1);
INSERT INTO `time_user_label` VALUES (776, 2);
INSERT INTO `time_user_label` VALUES (776, 3);
INSERT INTO `time_user_label` VALUES (776, 4);
INSERT INTO `time_user_label` VALUES (776, 5);
INSERT INTO `time_user_label` VALUES (777, 5);
INSERT INTO `time_user_label` VALUES (774, 8);
INSERT INTO `time_user_label` VALUES (777, 10);

-- ----------------------------
-- Table structure for time_user_task
-- ----------------------------
DROP TABLE IF EXISTS `time_user_task`;
CREATE TABLE `time_user_task`  (
  `user_id` int(11) NOT NULL,
  `task_id` int(11) NOT NULL,
  `create_time` datetime NULL DEFAULT NULL,
  `update_time` datetime NULL DEFAULT NULL
) ENGINE = InnoDB CHARACTER SET = utf8 COLLATE = utf8_general_ci ROW_FORMAT = Compact;

-- ----------------------------
-- Records of time_user_task
-- ----------------------------
INSERT INTO `time_user_task` VALUES (777, 2, '2022-04-25 22:08:18', NULL);
INSERT INTO `time_user_task` VALUES (777, 4, '2022-04-26 22:08:27', NULL);
INSERT INTO `time_user_task` VALUES (777, 6, '2022-04-27 22:08:36', NULL);
INSERT INTO `time_user_task` VALUES (777, 7, '2022-04-28 22:08:43', NULL);
INSERT INTO `time_user_task` VALUES (777, 8, '2022-04-29 22:08:47', NULL);
INSERT INTO `time_user_task` VALUES (777, 11, '2022-04-30 22:08:54', NULL);
INSERT INTO `time_user_task` VALUES (777, 12, '2022-05-01 22:08:59', NULL);
INSERT INTO `time_user_task` VALUES (777, 13, '2022-05-02 22:09:05', NULL);
INSERT INTO `time_user_task` VALUES (777, 14, '2022-05-03 22:09:10', NULL);
INSERT INTO `time_user_task` VALUES (777, 15, '2022-05-03 22:09:19', NULL);
INSERT INTO `time_user_task` VALUES (776, 10, '2022-05-02 22:09:27', NULL);
INSERT INTO `time_user_task` VALUES (776, 11, '2022-05-03 22:09:40', NULL);
INSERT INTO `time_user_task` VALUES (776, 13, '2022-05-03 22:09:34', NULL);
INSERT INTO `time_user_task` VALUES (776, 14, NULL, NULL);
INSERT INTO `time_user_task` VALUES (776, 15, NULL, NULL);
INSERT INTO `time_user_task` VALUES (777, 16, NULL, NULL);
INSERT INTO `time_user_task` VALUES (777, 17, NULL, NULL);
INSERT INTO `time_user_task` VALUES (776, 16, NULL, NULL);
INSERT INTO `time_user_task` VALUES (777, 18, NULL, NULL);
INSERT INTO `time_user_task` VALUES (777, 19, NULL, NULL);
INSERT INTO `time_user_task` VALUES (777, 20, '2022-05-04 10:34:26', '2022-05-04 10:34:26');
INSERT INTO `time_user_task` VALUES (777, 21, '2022-05-04 10:41:00', '2022-05-04 10:41:00');
INSERT INTO `time_user_task` VALUES (777, 22, '2022-05-06 16:21:08', '2022-05-06 16:21:08');
INSERT INTO `time_user_task` VALUES (777, 23, '2022-05-06 16:25:52', '2022-05-06 16:25:52');
INSERT INTO `time_user_task` VALUES (777, 24, '2022-05-06 16:27:13', '2022-05-06 16:27:13');
INSERT INTO `time_user_task` VALUES (777, 25, '2022-05-06 16:49:15', '2022-05-06 16:49:15');

-- ----------------------------
-- Table structure for user
-- ----------------------------
DROP TABLE IF EXISTS `user`;
CREATE TABLE `user`  (
  `id` bigint(20) NOT NULL AUTO_INCREMENT,
  `account_id` varchar(100) CHARACTER SET utf8 COLLATE utf8_general_ci NULL DEFAULT NULL,
  `qq_account_id` varchar(64) CHARACTER SET utf8 COLLATE utf8_general_ci NULL DEFAULT NULL,
  `baidu_account_id` varchar(100) CHARACTER SET utf8 COLLATE utf8_general_ci NULL DEFAULT NULL,
  `weibo_account_id` varchar(100) CHARACTER SET utf8 COLLATE utf8_general_ci NULL DEFAULT NULL,
  `name` varchar(16) CHARACTER SET utf8mb4 COLLATE utf8mb4_general_ci NULL DEFAULT NULL,
  `token` char(36) CHARACTER SET utf8 COLLATE utf8_general_ci NULL DEFAULT NULL,
  `gmt_create` bigint(20) NULL DEFAULT NULL,
  `gmt_modified` bigint(20) NULL DEFAULT NULL,
  `avatar_url` varchar(255) CHARACTER SET utf8 COLLATE utf8_general_ci NULL DEFAULT '/images/default-avatar.png',
  `email` varchar(32) CHARACTER SET utf8 COLLATE utf8_general_ci NULL DEFAULT NULL,
  `phone` varchar(16) CHARACTER SET utf8 COLLATE utf8_general_ci NULL DEFAULT NULL,
  `password` varchar(64) CHARACTER SET utf8 COLLATE utf8_general_ci NULL DEFAULT NULL,
  `create_time` datetime NULL DEFAULT NULL,
  `update_time` datetime NULL DEFAULT NULL,
  PRIMARY KEY (`id`) USING BTREE,
  UNIQUE INDEX `phone`(`phone`) USING BTREE,
  UNIQUE INDEX `email`(`email`) USING BTREE
) ENGINE = InnoDB AUTO_INCREMENT = 778 CHARACTER SET = utf8 COLLATE = utf8_general_ci ROW_FORMAT = Compact;

-- ----------------------------
-- Records of user
-- ----------------------------
INSERT INTO `user` VALUES (1, NULL, NULL, NULL, NULL, 'bot', NULL, 1606641726000, 1606641726000, '/images/default-avatar.png', NULL, NULL, NULL, '2022-04-29 20:28:47', NULL);
INSERT INTO `user` VALUES (2, '2222', '2222222', '222222222', '22222222', '111', '22222', 2222222, 22222222222, 'https://selfmanage-1302777603.cos.ap-chengdu.myqcloud.com/upload/user/774/avatar/20220408165626_8j.jpeg', '111@163.com', '18736418826', '4f2f75f07b44f233b72a2ff8f3abeb78515e763b9132456842ab5ad0116e9b2d', NULL, NULL);
INSERT INTO `user` VALUES (774, NULL, NULL, 'ojqPzuqDSsXewUkRLJHDF-cgmm-PeDk', NULL, '明***巢', '86944877-3059-44a3-8181-d39f182a1f83', 1649304120134, 1650250649671, 'https://selfmanage-1302777603.cos.ap-chengdu.myqcloud.com/upload/user/774/avatar/20220408165626_8j.jpeg', NULL, NULL, NULL, '2022-04-30 20:29:20', NULL);
INSERT INTO `user` VALUES (775, NULL, NULL, NULL, NULL, '邮箱用户_zuwr2', NULL, 1649569855537, 1651202726342, 'https://selfmanage-1302777603.cos.ap-chengdu.myqcloud.com/upload/user/775/avatar/20220429111904_uf.png', '3148524372@qq.com', NULL, '16515d3033bd3f0e05803b3521b5834170f3a43501be29037dbdff3449f691f5', '2022-05-01 20:29:28', NULL);
INSERT INTO `user` VALUES (776, NULL, NULL, NULL, NULL, '邮箱用户_iz49t', NULL, 1649570150606, 1649818979069, 'https://selfmanage-1302777603.cos.ap-chengdu.myqcloud.com/upload/user/776/avatar/20220413104853_bk.png', '15729355390@163.com', NULL, '16515d3033bd3f0e05803b3521b5834170f3a43501be29037dbdff3449f691f5', '2022-05-02 20:29:33', NULL);
INSERT INTO `user` VALUES (777, NULL, NULL, NULL, NULL, '云之痕', NULL, 1649573528362, 1651849058824, 'https://selfmanage-1302777603.cos.ap-chengdu.myqcloud.com/upload/user/777/avatar/20220506153459_il.jpeg', '15729355390@139.com', NULL, '16515d3033bd3f0e05803b3521b5834170f3a43501be29037dbdff3449f691f5', '2022-05-02 20:29:37', NULL);

-- ----------------------------
-- Table structure for user_account
-- ----------------------------
DROP TABLE IF EXISTS `user_account`;
CREATE TABLE `user_account`  (
  `id` bigint(20) NOT NULL AUTO_INCREMENT,
  `user_id` bigint(20) NOT NULL,
  `group_id` int(3) NULL DEFAULT 1 COMMENT '用户组id',
  `vip_rank` int(1) NULL DEFAULT 0 COMMENT 'vip等级',
  `score` int(11) NULL DEFAULT 0 COMMENT '总积分',
  `score1` int(11) NULL DEFAULT 0,
  `score2` int(11) NULL DEFAULT 0,
  `score3` int(11) NULL DEFAULT 0,
  `create_time` datetime NULL DEFAULT NULL,
  `update_time` datetime NULL DEFAULT NULL,
  PRIMARY KEY (`id`) USING BTREE,
  UNIQUE INDEX `user_id`(`user_id`) USING BTREE
) ENGINE = InnoDB AUTO_INCREMENT = 704 CHARACTER SET = utf8mb4 COLLATE = utf8mb4_general_ci ROW_FORMAT = Compact;

-- ----------------------------
-- Records of user_account
-- ----------------------------
INSERT INTO `user_account` VALUES (1, 1, 1, 0, 26, 11, 3, 1, '2022-04-29 20:29:48', NULL);
INSERT INTO `user_account` VALUES (2, 2, 19, 3, 3, 3, 3, 3, NULL, NULL);
INSERT INTO `user_account` VALUES (700, 774, 2, 0, 114, 39, 15, 3, '2022-04-30 20:59:34', NULL);
INSERT INTO `user_account` VALUES (701, 775, 18, 0, 0, 0, 0, 0, '2022-05-01 20:59:38', NULL);
INSERT INTO `user_account` VALUES (702, 776, 20, 0, 52, 22, 6, 2, '2022-05-02 20:59:45', NULL);
INSERT INTO `user_account` VALUES (703, 777, 21, 0, 72, 32, 8, 3, '2022-05-02 20:59:50', NULL);

-- ----------------------------
-- Table structure for user_info
-- ----------------------------
DROP TABLE IF EXISTS `user_info`;
CREATE TABLE `user_info`  (
  `id` bigint(20) NOT NULL AUTO_INCREMENT,
  `user_id` bigint(20) NOT NULL,
  `realname` varchar(50) CHARACTER SET utf8mb4 COLLATE utf8mb4_general_ci NULL DEFAULT NULL COMMENT '真名',
  `userdetail` varchar(128) CHARACTER SET utf8mb4 COLLATE utf8mb4_general_ci NULL DEFAULT NULL COMMENT '个人简介',
  `birthday` varchar(20) CHARACTER SET utf8mb4 COLLATE utf8mb4_general_ci NULL DEFAULT NULL COMMENT '生日',
  `marriage` varchar(5) CHARACTER SET utf8mb4 COLLATE utf8mb4_general_ci NULL DEFAULT NULL COMMENT '婚姻',
  `sex` varchar(5) CHARACTER SET utf8mb4 COLLATE utf8mb4_general_ci NULL DEFAULT '男' COMMENT '性别',
  `blood` varchar(5) CHARACTER SET utf8mb4 COLLATE utf8mb4_general_ci NULL DEFAULT NULL COMMENT '血型',
  `figure` varchar(5) CHARACTER SET utf8mb4 COLLATE utf8mb4_general_ci NULL DEFAULT NULL COMMENT '体型',
  `constellation` varchar(20) CHARACTER SET utf8mb4 COLLATE utf8mb4_general_ci NULL DEFAULT NULL COMMENT '星座',
  `education` varchar(20) CHARACTER SET utf8mb4 COLLATE utf8mb4_general_ci NULL DEFAULT NULL COMMENT '教育程度',
  `trade` varchar(50) CHARACTER SET utf8mb4 COLLATE utf8mb4_general_ci NULL DEFAULT NULL,
  `job` varchar(50) CHARACTER SET utf8mb4 COLLATE utf8mb4_general_ci NULL DEFAULT NULL COMMENT '工作',
  `location` varchar(30) CHARACTER SET utf8mb4 COLLATE utf8mb4_general_ci NULL DEFAULT '北京-北京-东城区' COMMENT '位置',
  PRIMARY KEY (`id`) USING BTREE
) ENGINE = InnoDB AUTO_INCREMENT = 3 CHARACTER SET = utf8mb4 COLLATE = utf8mb4_general_ci ROW_FORMAT = Compact;

-- ----------------------------
-- Records of user_info
-- ----------------------------
INSERT INTO `user_info` VALUES (1, 777, NULL, '一个从事计算机行业的理工男，但时不时会偏爱一些文学书籍。', '2000-01-25', '未婚', '男', 'A型', NULL, '水瓶座', '本科', NULL, NULL, '北京-北京-东城区');
INSERT INTO `user_info` VALUES (2, 776, NULL, NULL, NULL, NULL, '男', NULL, NULL, NULL, NULL, NULL, NULL, '北京-北京-东城区');

SET FOREIGN_KEY_CHECKS = 1;
