/*
 Navicat Premium Data Transfer

 Source Server         : first
 Source Server Type    : MySQL
 Source Server Version : 50540
 Source Host           : localhost:3306
 Source Schema         : community

 Target Server Type    : MySQL
 Target Server Version : 50540
 File Encoding         : 65001

 Date: 06/05/2022 10:41:19
*/

SET NAMES utf8mb4;
SET FOREIGN_KEY_CHECKS = 0;

-- ----------------------------
-- Table structure for ad
-- ----------------------------
DROP TABLE IF EXISTS `ad`;
CREATE TABLE `ad`  (
  `id` int(11) NOT NULL AUTO_INCREMENT,
  `title` varchar(256) CHARACTER SET utf8mb4 COLLATE utf8mb4_general_ci NULL DEFAULT NULL,
  `url` varchar(512) CHARACTER SET utf8mb4 COLLATE utf8mb4_general_ci NULL DEFAULT NULL,
  `image` varchar(256) CHARACTER SET utf8mb4 COLLATE utf8mb4_general_ci NULL DEFAULT NULL,
  `gmt_start` bigint(20) NULL DEFAULT NULL,
  `gmt_end` bigint(20) NULL DEFAULT NULL,
  `gmt_create` bigint(20) NULL DEFAULT NULL,
  `gmt_modified` bigint(20) NULL DEFAULT NULL,
  `status` int(11) NULL DEFAULT NULL,
  `pos` varchar(10) CHARACTER SET utf8mb4 COLLATE utf8mb4_general_ci NULL DEFAULT NULL,
  PRIMARY KEY (`id`) USING BTREE
) ENGINE = InnoDB AUTO_INCREMENT = 3 CHARACTER SET = utf8mb4 COLLATE = utf8mb4_general_ci ROW_FORMAT = Compact;

-- ----------------------------
-- Records of ad
-- ----------------------------
INSERT INTO `ad` VALUES (1, '1111', NULL, NULL, NULL, NULL, NULL, NULL, NULL, NULL);
INSERT INTO `ad` VALUES (2, '222', NULL, NULL, NULL, NULL, NULL, NULL, NULL, NULL);

-- ----------------------------
-- Table structure for admin_announce
-- ----------------------------
DROP TABLE IF EXISTS `admin_announce`;
CREATE TABLE `admin_announce`  (
  `id` int(11) NOT NULL AUTO_INCREMENT,
  `title` varchar(255) CHARACTER SET utf8 COLLATE utf8_general_ci NULL DEFAULT NULL,
  `create_time` datetime NULL DEFAULT NULL,
  `update_time` datetime NULL DEFAULT NULL,
  `content` varchar(255) CHARACTER SET utf8 COLLATE utf8_general_ci NULL DEFAULT NULL,
  PRIMARY KEY (`id`) USING BTREE
) ENGINE = InnoDB AUTO_INCREMENT = 5 CHARACTER SET = utf8 COLLATE = utf8_general_ci ROW_FORMAT = Compact;

-- ----------------------------
-- Records of admin_announce
-- ----------------------------
INSERT INTO `admin_announce` VALUES (1, '111', '2022-05-03 10:28:43', '2022-05-03 10:28:45', '111111111111111111111');
INSERT INTO `admin_announce` VALUES (2, '222', '2022-05-02 10:28:55', '2022-05-02 10:29:00', '111111111111111');
INSERT INTO `admin_announce` VALUES (3, '001', '2022-05-01 10:29:09', '2022-05-01 10:29:13', '111111111111111');
INSERT INTO `admin_announce` VALUES (4, '222222222', '2022-05-03 11:24:44', '2022-05-03 11:24:54', '3333333');

-- ----------------------------
-- Table structure for admin_group_menu
-- ----------------------------
DROP TABLE IF EXISTS `admin_group_menu`;
CREATE TABLE `admin_group_menu`  (
  `group_id` int(11) NULL DEFAULT NULL,
  `menu_id` int(11) NULL DEFAULT NULL
) ENGINE = InnoDB CHARACTER SET = utf8 COLLATE = utf8_general_ci ROW_FORMAT = Compact;

-- ----------------------------
-- Records of admin_group_menu
-- ----------------------------
INSERT INTO `admin_group_menu` VALUES (21, 1);
INSERT INTO `admin_group_menu` VALUES (21, 2);
INSERT INTO `admin_group_menu` VALUES (21, 3);
INSERT INTO `admin_group_menu` VALUES (21, 4);
INSERT INTO `admin_group_menu` VALUES (21, 5);
INSERT INTO `admin_group_menu` VALUES (21, 6);
INSERT INTO `admin_group_menu` VALUES (21, 7);
INSERT INTO `admin_group_menu` VALUES (21, 8);
INSERT INTO `admin_group_menu` VALUES (21, 9);
INSERT INTO `admin_group_menu` VALUES (21, 10);
INSERT INTO `admin_group_menu` VALUES (21, 11);
INSERT INTO `admin_group_menu` VALUES (21, 12);
INSERT INTO `admin_group_menu` VALUES (21, 13);
INSERT INTO `admin_group_menu` VALUES (20, 1);
INSERT INTO `admin_group_menu` VALUES (20, 2);
INSERT INTO `admin_group_menu` VALUES (20, 3);
INSERT INTO `admin_group_menu` VALUES (21, 14);

-- ----------------------------
-- Table structure for admin_menu
-- ----------------------------
DROP TABLE IF EXISTS `admin_menu`;
CREATE TABLE `admin_menu`  (
  `menu_id` int(11) NOT NULL AUTO_INCREMENT COMMENT '菜单ID',
  `menu_name` varchar(50) CHARACTER SET utf8 COLLATE utf8_general_ci NOT NULL COMMENT '菜单名称',
  `parent_id` int(11) NULL DEFAULT 0 COMMENT '父菜单ID',
  `order_num` int(11) NULL DEFAULT 0 COMMENT '显示顺序',
  `url` varchar(200) CHARACTER SET utf8 COLLATE utf8_general_ci NULL DEFAULT '#' COMMENT '请求地址',
  `menu_type` char(1) CHARACTER SET utf8 COLLATE utf8_general_ci NULL DEFAULT '' COMMENT '菜单类型（M目录 C菜单 F按钮）',
  `visible` char(1) CHARACTER SET utf8 COLLATE utf8_general_ci NULL DEFAULT '0' COMMENT '菜单状态（0显示 1隐藏）',
  `perms` varchar(100) CHARACTER SET utf8 COLLATE utf8_general_ci NULL DEFAULT '' COMMENT '权限标识',
  `icon` varchar(100) CHARACTER SET utf8 COLLATE utf8_general_ci NULL DEFAULT '#' COMMENT '菜单图标',
  `create_by` varchar(64) CHARACTER SET utf8 COLLATE utf8_general_ci NULL DEFAULT '' COMMENT '创建者',
  `create_time` datetime NULL DEFAULT NULL COMMENT '创建时间',
  `update_by` varchar(64) CHARACTER SET utf8 COLLATE utf8_general_ci NULL DEFAULT '' COMMENT '更新者',
  `update_time` datetime NULL DEFAULT NULL COMMENT '更新时间',
  `remark` varchar(500) CHARACTER SET utf8 COLLATE utf8_general_ci NULL DEFAULT '' COMMENT '备注',
  PRIMARY KEY (`menu_id`) USING BTREE
) ENGINE = InnoDB AUTO_INCREMENT = 15 CHARACTER SET = utf8 COLLATE = utf8_general_ci COMMENT = '菜单权限表' ROW_FORMAT = Compact;

-- ----------------------------
-- Records of admin_menu
-- ----------------------------
INSERT INTO `admin_menu` VALUES (1, '系统管理', 0, 1, '#', '', '0', '1', '#', '', NULL, '', NULL, '');
INSERT INTO `admin_menu` VALUES (2, '整体分析', 1, 1, '/admin/system/overAllAnalysis', '', '0', '2', '#', '', NULL, '', NULL, '');
INSERT INTO `admin_menu` VALUES (3, '用户管理', 1, 0, '/admin/system/toAdminUserManage', '', '0', '', '#', '', NULL, '', NULL, '');
INSERT INTO `admin_menu` VALUES (4, '时间管理', 0, 0, '#', '', '0', '', '#', '', NULL, '', NULL, '');
INSERT INTO `admin_menu` VALUES (5, '知识管理', 0, 0, '#', '', '0', '5', '#', '', NULL, '', NULL, '');
INSERT INTO `admin_menu` VALUES (6, '整体查看', 5, 0, '#', '', '0', '', '#', '', NULL, '', NULL, '');
INSERT INTO `admin_menu` VALUES (7, '博客管理', 5, 0, '#', '', '0', '', '#', '', NULL, '', NULL, '');
INSERT INTO `admin_menu` VALUES (8, '交流模块', 0, 0, '#', '', '0', '', '#', '', NULL, '', NULL, '');
INSERT INTO `admin_menu` VALUES (9, '个人分析', 0, 0, '#', '', '0', '', '#', '', NULL, '', NULL, '');
INSERT INTO `admin_menu` VALUES (10, 'MBTI分析', 9, 0, '#', '', '0', '', '#', '', NULL, '', NULL, '');
INSERT INTO `admin_menu` VALUES (11, 'MBTI题目管理', 9, 0, '/admin/analysis/toMbtiQuestionManage', '', '0', '', '#', '', NULL, '', NULL, '');
INSERT INTO `admin_menu` VALUES (12, '整体分析', 8, 0, '#', '', '0', '', '#', '', NULL, '', NULL, '');
INSERT INTO `admin_menu` VALUES (13, '整体分析', 4, 0, '/admin/task/toTaskManage', '', '0', '', '#', '', NULL, '', NULL, '');
INSERT INTO `admin_menu` VALUES (14, '公告管理', 1, 0, '/admin/system/toAdminAnnounceManage', '', '0', '', '#', '', NULL, '', NULL, '');

-- ----------------------------
-- Table structure for comment
-- ----------------------------
DROP TABLE IF EXISTS `comment`;
CREATE TABLE `comment`  (
  `id` bigint(20) NOT NULL AUTO_INCREMENT,
  `parent_id` bigint(20) NOT NULL COMMENT '父类id',
  `type` int(11) NOT NULL COMMENT '父类类型',
  `commentator` bigint(20) NOT NULL COMMENT '评论人id',
  `gmt_create` bigint(20) NOT NULL COMMENT '创建时间',
  `gmt_modified` bigint(20) NOT NULL COMMENT '更新时间',
  `like_count` bigint(20) NOT NULL DEFAULT 0 COMMENT '点赞数',
  `content` varchar(1024) CHARACTER SET utf8mb4 COLLATE utf8mb4_general_ci NOT NULL,
  `comment_count` int(11) NOT NULL DEFAULT 0,
  PRIMARY KEY (`id`) USING BTREE
) ENGINE = InnoDB AUTO_INCREMENT = 14 CHARACTER SET = utf8mb4 COLLATE = utf8mb4_general_ci ROW_FORMAT = Compact;

-- ----------------------------
-- Records of comment
-- ----------------------------
INSERT INTO `comment` VALUES (1, 1, 1, 774, 1649430828287, 1649430828287, 0, '111', 0);
INSERT INTO `comment` VALUES (2, 2, 1, 777, 1649644330801, 1649644330801, 1, '111', 0);
INSERT INTO `comment` VALUES (3, 2, 1, 777, 1649644341872, 1649644341872, 0, '222', 0);
INSERT INTO `comment` VALUES (4, 2, 1, 777, 1649644439138, 1649644439138, 0, '333', 0);
INSERT INTO `comment` VALUES (5, 4, 1, 776, 1649649310778, 1649649310778, 0, '111', 1);
INSERT INTO `comment` VALUES (6, 5, 2, 776, 1649649787043, 1649649787043, 0, '222', 0);
INSERT INTO `comment` VALUES (7, 2, 11, 776, 1649676910938, 1649676910938, 0, '222', 0);
INSERT INTO `comment` VALUES (8, 3, 1, 774, 1650250406204, 1650250406204, 0, '111', 1);
INSERT INTO `comment` VALUES (9, 8, 2, 775, 1651218631175, 1651218631175, 0, '444', 0);
INSERT INTO `comment` VALUES (10, 3, 1, 775, 1651218654195, 1651218654195, 0, '333', 0);
INSERT INTO `comment` VALUES (11, 7, 1, 777, 1651631785445, 1651631785445, 0, '333', 1);
INSERT INTO `comment` VALUES (12, 11, 2, 777, 1651631794993, 1651631794993, 0, '33', 0);
INSERT INTO `comment` VALUES (13, 1, 11, 777, 1651760802002, 1651760802002, 0, '333', 0);

-- ----------------------------
-- Table structure for news
-- ----------------------------
DROP TABLE IF EXISTS `news`;
CREATE TABLE `news`  (
  `news_id` bigint(20) NOT NULL AUTO_INCREMENT COMMENT '主键',
  `id` varchar(40) CHARACTER SET utf8 COLLATE utf8_general_ci NULL DEFAULT NULL,
  `title` varchar(128) CHARACTER SET utf8mb4 COLLATE utf8mb4_general_ci NOT NULL,
  `description` text CHARACTER SET utf8mb4 COLLATE utf8mb4_general_ci NOT NULL,
  `html` text CHARACTER SET utf8mb4 COLLATE utf8mb4_general_ci NOT NULL,
  `source` varchar(16) CHARACTER SET utf8 COLLATE utf8_general_ci NOT NULL,
  `link` varchar(64) CHARACTER SET utf8 COLLATE utf8_general_ci NOT NULL,
  `pub_date` varchar(24) CHARACTER SET utf8 COLLATE utf8_general_ci NOT NULL,
  `imageurl1` varchar(256) CHARACTER SET utf8 COLLATE utf8_general_ci NULL DEFAULT NULL,
  `imageurl2` varchar(256) CHARACTER SET utf8 COLLATE utf8_general_ci NULL DEFAULT NULL,
  `imageurl3` varchar(256) CHARACTER SET utf8 COLLATE utf8_general_ci NULL DEFAULT NULL,
  `tag` varchar(128) CHARACTER SET utf8 COLLATE utf8_general_ci NULL DEFAULT NULL,
  `view_count` int(11) NOT NULL DEFAULT 0,
  `comment_count` int(11) NOT NULL DEFAULT 0,
  `like_count` int(11) NOT NULL DEFAULT 0,
  `gmt_latest_comment` bigint(20) NOT NULL,
  `status` int(2) NOT NULL DEFAULT 1,
  `column2` int(2) NOT NULL DEFAULT 0,
  `gmt_create` bigint(20) NOT NULL,
  `gmt_modified` bigint(20) NOT NULL,
  PRIMARY KEY (`news_id`) USING BTREE,
  UNIQUE INDEX `id`(`id`) USING BTREE
) ENGINE = InnoDB AUTO_INCREMENT = 15794 CHARACTER SET = utf8 COLLATE = utf8_general_ci ROW_FORMAT = Compact;

-- ----------------------------
-- Records of news
-- ----------------------------
INSERT INTO `news` VALUES (15758, '5c91f67d3b13178069161e9f22c7e838', '海底1万米，你好！――“奋斗者”号标注中国载人深潜新坐标', '28日8时30分许，一阵汽笛声响，创造了10909米中国载人深潜新纪录的“奋斗者”号，完成第二阶段海试，胜利返航。1个多月时间，累计完成13次下潜，其中8次突破万米。10909米的纪录，让人类在大深度载人深潜领域有了新坐标。海底1万米的世界，有多大魅力？中国的深潜勇士们，经历了怎...', '<p><img src=\'http://news.youth.cn/gn/202011/./W020201129588223548982.jpg\' /></p><p>28日8时30分许，一阵汽笛声响，创造了10909米中国载人深潜新纪录的“奋斗者”号，完成第二阶段海试，胜利返航。</p><p>1个多月时间，累计完成13次下潜，其中8次突破万米。10909米的纪录，让人类在大深度载人深潜领域有了新坐标。</p><p>海底1万米的世界，有多大魅力？中国的深潜勇士们，经历了怎样的艰险？载人深潜精神又将如何助力中国勇攀深海科技高峰？</p><p>里程碑！中国跻身深潜世界“排行榜”前列</p><p>大洋之底，马里亚纳海沟，迎来“奋斗者”号的无声问候。我国从此具有了进入世界海洋最深处开展科学探索和研究的能力。</p><p>认识海洋，才能更好地开发、保护海洋。</p><p>马里亚纳海沟被称为“地球第四极”，水压高、完全黑暗，是地球上环境最恶劣的区域之一，其最深处约11000米，相当于珠穆朗玛峰叠加华山的海拔高度。</p><p><img src=\'http://news.youth.cn/gn/202011/./W020201129588223579414.jpg\' /></p><p>10月10日，“奋斗者”号全海深载人潜水器与“探索一号”科考船在三亚市南山港启程开展万米级海试。新华社记者 赵颖全 摄</p><p>11月10日清晨，载有3名潜航员的“奋斗者”号从“探索一号”母船机库缓缓推出，被稳稳起吊布放入水，近4小时后，“奋斗者”号成功坐底，下潜深度达10909米，创造了中国载人深潜新纪录，达到世界领先水平。</p><p><img src=\'http://news.youth.cn/gn/202011/./W020201129588223591867.jpg\' /></p><p>这是“奋斗者”号（资料照片）。新华社发（中国船舶集团供图）</p><p>从全球范围看，大深度载人深潜是一道很难逾越的关口。</p><p>中国起步晚，却迎头赶上。</p><p>2012年，7000米级“蛟龙”号载人潜水器问世，创造当时同类作业型载人潜水器下潜深度7062米的世界纪录；2017年，4500米级“深海勇士”号载人潜水器获得突破，实现“关键技术自主化、关键设备国产化”。</p><p>攻关不停步，海洋科技必须自主自强。</p><p>作为科技部重点研发计划的一个核心研制项目，“奋斗者”号实现了跨系统、跨单位、跨部门的大团队合作。</p><p>“十三五”以来，科技部会同中国科学院、中国船舶集团，组织近百家科研院所、高校、企业近千名科研人员，经过艰苦攻关，成功完成“奋斗者”号的研制工作。自2020年7月起，“奋斗者”号先后赴南海、西太平洋马里亚纳海沟海域分阶段进行了海试验证，累计完成30次下潜，其中8次突破万米。</p><p><img src=\'http://news.youth.cn/gn/202011/./W020201129588223612699.jpg\' /></p><p>科考人员返航时合影（资料照片）。新华社发（杨宁军 摄）</p><p>中国船舶集团董事长雷凡培说，中国船舶集团作为全海深载人潜水器装备研制项目牵头单位，充分吸取“蛟龙”号、“深海勇士”号研制的成功经验，在“奋斗者”号研制中，突破了一系列关键核心技术，已经具备全海深技术能力，为后续深海探测、深海开发打下了坚实基础。</p><p>万米深海从此不再对中国人紧闭大门。从进入、认知深海，再到探查、开发深海，建设海洋强国的前景如画卷徐徐展开。</p><p>中国科学院党组书记侯建国说，未来将进一步加强基础研究和国际合作，结合“奋斗者”号等深海装备集群的应用，发起由我国主导的国际深渊深潜科学研究计划，打造支撑深海科技可持续发展的队伍，推动深海科技再创高峰。</p><p><img src=\'http://news.youth.cn/gn/202011/./W020201129588223632907.jpg\' /></p><p>这是“奋斗者”号（资料照片）。新华社发（中国船舶集团供图）</p><p>不容易！关键技术“护航”万米深潜</p><p>海底1万米的世界，只有跨过核心技术的门槛，才能得其门而入。</p><p>“奋斗者”号的特殊本领，可以用五个关键词来概括。</p><p>“奋斗者”号下潜到万米深海，还要携带3名潜航员长时间稳定作业，设计难度可想而知。</p><p>设计人员针对超高压复杂环境，采用多系统融合集成设计，使“奋斗者”号潜浮速度、舱内空间使用率等指标大幅提升，同时通过载人舱实时监测和评估策略，实现潜水器优良的机动性能和安全性能，体现“以人为本”的设计理念。</p><p>在万米深海，水压超过110兆帕，约合1千个标准大气压，相当于2000头非洲象踩在一个人的背上。</p><p>这种极端压力条件下，按照载人舱的目标尺寸和厚度要求，以往深潜器使用的材料已经不能满足要求，需要找到一种高强度、高韧性、可焊接的钛合金。</p><p>科研团队历时数年，自主发明了特殊钛合金材料，又通过攻克高强度、高韧性钛合金焊接技术，成功解决了载人舱球壳的建造难题。</p><p><img src=\'http://news.youth.cn/gn/202011/./W020201129588223651510.jpg\' /></p><p>这是“奋斗者”号（资料照片）。新华社发（中国船舶集团供图）</p><p>潜水器去到万米深渊，可不只是“到此一游”，还要完成岩石、生物抓取，以及沉积物取样等精准科考作业。这需要灵活的机械手、智能化控制系统和电动观测云台。</p><p>贴海底自动匹配地形巡航、悬停定位、液压机械手持重能力超过60公斤……针对深渊复杂环境，“奋斗者”号实现了高精度航行控制、全景科学观测、高精准作业取样等功能。</p><p>“亲爱的观众们，万米的海底妙不可言，希望我们能够通过‘奋斗者’号的画面向大家展示万米的海底。”成功坐底马里亚纳海沟后，3位潜航员第一时间通过水声通信系统分享了他们的心情。</p><p>水声通信是“奋斗者”号与母船“探索一号”之间沟通的唯一桥梁，实现了潜水器从万米海底至海面的文字、语音及图像的实时传输。</p><p>相较“蛟龙”号与“深海勇士”号载人潜水器，“奋斗者”号的声学系统实现了完全国产化，技术指标更高。</p><p>载人潜水器“下得去”，还得“回得来”。这里面的关键是固体浮力材料。这种材料既要密度低，又要耐高水压，制备技术难度大，世界范围内仅有少数几个国家掌握。</p><p><img src=\'http://news.youth.cn/gn/202011/./W020201129588223685258.jpg\' /></p><p>“探索一号”科考船回收“奋斗者”号全海深载人潜水器（资料照片）。新华社发（杨宁军 摄）</p>', '新华社', 'http://news.youth.cn/gn/202011/t20201129_12596889.htm', '2020-11-29 16:20:00', 'http://news.youth.cn/gn/202011/./W020201129588223548982.jpg', 'http://news.youth.cn/gn/202011/./W020201129588223579414.jpg', 'http://news.youth.cn/gn/202011/./W020201129588223591867.jpg', '号,潜水器,深海', 11, 0, 0, 1606638000000, 1, 8, 1606644121389, 1606644121389);
INSERT INTO `news` VALUES (15759, '771b6dcf10d4eb46a461c5fc98029c2a', '伊朗遭暗杀核科学家法克里扎德葬礼仪式举行 将于30日下葬', '据伊朗塔斯尼姆通讯社报道，伊朗在马什哈德、库姆、德黑兰三个城市为此前遭暗杀身亡的伊朗核科学家穆赫辛・法克里扎德举行葬礼仪式，其下葬仪式将于本月30日举行。受到新冠疫情的影响，为防止聚集事件发生，官方并未透露具体的下葬地点，报道称伊朗高级军官将会参加该仪式。当地时间27日，伊朗高级...', '<p><img src=\'http://news.youth.cn/jsxw/202011/./W020201129547946801719.jpg\' /></p><p>据伊朗塔斯尼姆通讯社报道，伊朗在马什哈德、库姆、德黑兰三个城市为此前遭暗杀身亡的伊朗核科学家穆赫辛・法克里扎德举行葬礼仪式，其下葬仪式将于本月30日举行。受到新冠疫情的影响，为防止聚集事件发生，官方并未透露具体的下葬地点，报道称伊朗高级军官将会参加该仪式。</p><p><img src=\'http://news.youth.cn/jsxw/202011/./W020201129547946857474.jpg\' /></p><p>当地时间27日，伊朗高级核物理学家法克里扎德在首都德黑兰附近遭遇“武装恐怖分子”袭击身亡。伊朗方面认为以色列与此次事件有关 ，并称这是一次恐怖主义行动。当天，伊朗首都德黑兰爆发抗议，无数人聚集到总统府前高喊“没有妥协，没有投降，与美国作战！”的口号。28日，部分官员以及法克里扎德亲属进行遗体告别，画面中，其亲属面露痛苦神色，抚摸法克里扎德遗体面颊，久久不忍分别。</p><p>△视频：法克里扎德遗体被送至马什哈德途中</p>', '央视新闻客户端', 'http://news.youth.cn/jsxw/202011/t20201129_12596834.htm', '2020-11-29 15:13:00', 'http://news.youth.cn/jsxw/202011/./W020201129547946801719.jpg', 'http://news.youth.cn/jsxw/202011/./W020201129547946857474.jpg', NULL, '伊朗,德黑兰,法克里扎德,仪式,事件', 0, 0, 0, 1606633980000, 1, 8, 1606644121545, 1606644121545);
INSERT INTO `news` VALUES (15760, '12a7d2fa1b0158fe368a4b6ff46bc7ca', '现场！巨大火球突降日本：夜空瞬间被照亮 多地民众目睹', '海外网11月29日电 据日媒NHK报道，当地时间29日凌晨1点34分，日本西部多个地区观测到一颗流星坠落。现场视频显示，一个巨大的火球从天而降，突然发出强光照亮天空，随即消失。这一幕被多地民众目睹，引发热议。报道说，NHK设置在三重县和爱知县的摄像头，拍下了事发一幕：火球从南部天...', '<p><img src=\'http://news.youth.cn/jsxw/202011/./W020201129544010135790.gif\' /></p><p>海外网11月29日电 据日媒NHK报道，当地时间29日凌晨1点34分，日本西部多个地区观测到一颗流星坠落。现场视频显示，一个巨大的火球从天而降，突然发出强光照亮天空，随即消失。这一幕被多地民众目睹，引发热议。</p><p><img src=\'http://news.youth.cn/jsxw/202011/./W020201129544010287965.gif\' /></p><p>报道说，NHK设置在三重县和爱知县的摄像头，拍下了事发一幕：火球从南部天空出现，坠落数秒后，突然发出强光照亮夜空，随即消失。许多民众也目睹并拍到了当时的场景。</p><p><img src=\'http://news.youth.cn/jsxw/202011/./W020201129544010439738.gif\' /></p><p>爱媛县一名NHK的员工说，自己当时在屋子里，隔着窗帘都看到了发光的火球。</p><p><img src=\'http://news.youth.cn/jsxw/202011/./W020201129544010514963.png\' /></p><p><img src=\'http://news.youth.cn/jsxw/202011/./W020201129544010563058.png\' /></p><p>日本夜空变白昼（NHK）</p><p>今年7月，日本关东地区曾有巨大陨石降落，伴有强光。十几天后，该陨石的碎片在千叶市被发现。（海外网 刘强）</p>', '海外网', 'http://news.youth.cn/jsxw/202011/t20201129_12596830.htm', '2020-11-29 15:06:00', 'http://news.youth.cn/jsxw/202011/./W020201129544010135790.gif', 'http://news.youth.cn/jsxw/202011/./W020201129544010287965.gif', 'http://news.youth.cn/jsxw/202011/./W020201129544010439738.gif', '强光,火球,日本,NHK,夜空', 0, 0, 0, 1606633560000, 1, 8, 1606644121686, 1606644121686);
INSERT INTO `news` VALUES (15761, '91c4966cd810d762861e574d7c063287', '买婚、家暴与冥婚：农村残障女性的生死挣扎', '买婚和冥婚等旧俗不仅是历史遗物，更是人口失衡条件下，父权制借新自由主义的借尸还魂。作为不平等社会中的底层，农村残障低智妇女是全社会的牺牲品。近期几则关于农村低智女性遭遇性侵、被虐待的新闻屡见报端。其中最令舆论震惊的一条，是山东一位智力障碍的女性方洋洋被丈夫一家残忍虐待至死，死后尸...', '<p>（原标题：买婚、家暴与冥婚：农村残障女性的生死挣扎）</p><p>买婚和冥婚等旧俗不仅是历史遗物，更是人口失衡条件下，父权制借新自由主义的借尸还魂。作为不平等社会中的底层，农村残障低智妇女是全社会的牺牲品。</p><p>近期几则关于农村低智女性遭遇性侵、被虐待的新闻屡见报端。其中最令舆论震惊的一条，是山东一位智力障碍的女性方洋洋被丈夫一家残忍虐待至死，死后尸体被安排冥婚。几乎就在同时，河北魏县精神康复医院的一名女性患者因医院男护工性侵被查出怀孕。今年3月，一名昭通市15岁右手残疾的少女被人持刀胁迫卖淫，不愿顺从，后从五楼跳下受伤。2019年，广东茂名信宜市一12岁残障少女被性侵，且一年内两度被发现怀孕。警方调查发现多名男子对这位残障女童性侵，其中包括一位82岁的老年男性。2016年，甘肃两名精神残疾的妇女被谋杀，杀害者的目的是为了出售她们的尸体用于配冥婚。</p><p>这些触目惊心的新闻，可以帮助我们大致拼凑出一个底层低智残障妇女的生活经历：困囿于自身的身体缺陷，出生于贫困凋敝的地区，她们失去了全方位的身心自由和发展权利。有些女孩来不及长大便沦为发泄欲望的工具。另一些少女无力反抗家庭的安排，以彩礼的名义被出售，为生育而存在。她们活着的时候无法言说、难以反抗，往往直到怀孕才会被发现遭遇性侵。另一些人直到死亡才被发现遭受长期的殴打和饥饿。她们生前备受嫌弃，很多人活不到正常死亡的年龄。在死后一</p><p><img src=\'https://nimg.ws.126.net/?url=http%3A%2F%2Fcms-bucket.ws.126.net%2F2020%2F1129%2Fed377bf9j00qkjn71000sc000dw00fcc.jpg&amp;thumbnail=660x2147483647&amp;quality=80&amp;type=jpg\' /></p><p>些女孩的身体却又成为抢手的陪葬商品。</p><p>方某洋童年照片。1997年出生的女孩方某洋因不能怀孕，被丈夫、公婆虐待，最终惨死的案件，轰动全国。</p><p>施暴者和加害者的行为不伦且违法。但这不仅是人心不古，世风日下的简单道德问题。亲人和农村社会的联手合谋，拐卖和黑中介等现象，也不仅是人性的丧失和社会的偶然；这些事件本质是极具典型性和系统性的现代社会问题：性别筛选和计划生育深刻地改写了人口结构，造成男多女少的性别失衡。同时，城乡二元和不断拉大的贫富差距中，农村最底层的男性在层级梯队序列中被排挤出婚姻市场。新自由主义市场经济的商品逻辑延伸到明码标价的婚恋，极致地工具化女性，甚至榨干了她们尸体的“剩余价值”。父权制的政治经济文化与阴魂不散的迷信习俗就此诞下了一个畸形而失序的农村婚恋社会。恐怕，这些故事中唯一的无辜者，就是底层低智残障女性。</p><p>根据公众号“水瓶纪元”的报道，那名在精神病院被男护工性侵后怀孕的女性刘雨晴（化名）生活在河北魏县。这里，适婚男女性别比高达159：100，男人比女人多出一万一千余人。上文提到的众多受害者背后，都有一个或多个因找不到妻子而困扰的底层中国男性。全国第五次人口普查数据推测，“到2020年我国将出现3000万光棍大军，且尤以农村最为严重”。在2020年的现在，人口失衡的后果全面显现。</p><p>刘雨晴的丈夫杨刚，只是这三千万大军的一员。根据记者的描述，侵害者郭某，即医院护工，甚至主动拦下侵犯刘雨晴的责任，因其与受害人的丈夫“惺惺相惜”，面临相同的婚姻困境：“两个男人，老家相隔二十里地，某种程度上却是同病相怜：郭某31岁还打着光棍，杨刚22岁还没要上小孩，在农村是同等的‘耻辱’。”</p><p>关于人口与婚配的许多研究在二十年前就预料到了郭某和杨刚所面临的光棍问题。除了男女绝对数量上的失衡，婚姻也受到“男高女低”择偶标准等社会观念的调节。简言之，女性希望通过婚姻实现经济和社会地位的上迁，只愿意选择经济和社会条件更好的男性。相较之下，男性通过婚姻上迁的普遍性较小。尤其随着中国农村人口进城务工带来的高流动性，婚姻流通的范围在全国内扩大。虽然只有极少部分的女性真正实现了婚姻上迁，但相比男性，女性更可能通过婚姻的方式从农村流动到城市。城乡二元的落差和贫富差距的拉大，客观上加强了经济在择偶标准中的权重，进一步加剧农村贫困地区适婚男性过剩的情况。这种失衡让底层男性处在愈发严重的婚姻挤压中。</p><p>不少文献和资料也指出，男多女少的失衡结构和由此而来的婚配困难，会造成许多社会后果。其中之一是非主流的婚姻模式会成为这些无法跨越婚姻门槛的单身男性解决问题的替代性方法。许多田野调查和研究已经发现了普遍存在的入赘、招赘婚姻、买婚以及收继婚（弟收兄妻的转婚）现象。男性婚姻挤压的另一个后果是女性的人身安全受到威胁。女性面对的失踪、拐卖和暴力的风险上升。巫山童养媳马泮艳是为人熟知的典型案例。刘雨晴的生活也是如此。她的母亲就是被拐卖到魏县，然后逃走。刘雨晴从小就被卖掉。她两次结婚，又因低智和对性生活的抵触而受到丈夫家庭的质疑，最终被送入精神病院，遭到性侵并怀孕。</p><p>另一个普遍存在的替代性方案是跨国买婚。管成云等利用数据库搜索了2010年到2016年间的越南新娘的报道。在322份去重筛选后的报道中，中国22个省出现了越南新娘的新闻。根据统计结果，94.3%娶越南新娘的男性是农民，他们的年龄普遍在30岁以上，与越南妻子的年龄差距约为10-20岁，由此形成了“老夫少妻”的婚姻组合。一些光棍聚集的贫困地区甚至形成了现象级的“越南媳妇村”。</p><p>但形式各样的非常态婚姻手段不是解决光棍难题的终极答案，它们甚至埋下了危险的种子。婚配危机不仅仅发生在“找对象难”的准入门槛上，婚后生活也危机重重。丈夫往往为了留住新娘不择手段。2015年“被拐女生成山村女教师事件”刺激着舆论的神经，要一个女性留在这样的家庭中，殴打强暴和生儿育女是不足够的，甚至要动员全村人的力量。贫困的生活和生育的矛盾依然威胁着家庭的稳定，并可能最终导致解体。丈夫成婚困难的经历和担心失去婚姻的威胁显著了增加了其婚后施暴的概率。</p><p>非常规婚姻让男女双方都付出了高昂的代价。上文关于越南新娘的研究表明，有40.4%在婚后不久逃婚并携财产失踪。其中不少越南新娘与婚姻中介相互串通，以结婚名义骗婚逃跑。只有17.1%的越南新娘最终稳定生活。2013年，根据海峡都市报的报道，一位男子怀疑自己的越南妻子是骗婚，结婚不到百日便用水泥砖和水果刀杀死了妻子。</p><p>而以彩礼之名被出售的残障女性更无从保障、无处可逃。2013年的《残障妇女社会参与和家庭地位调查分析》覆盖了黑龙江地区的残障妇女样本。调查发现在婚姻关系存续期间，19.1%的残障妇女遭受过家庭暴力，其中农村残障妇女遭受家庭暴力的比例高达20.7%，城镇残障妇女遭受家庭暴力的比例为18.3%。残障妇女遭受的家庭暴力形式依次是：较长时间冷落(13.7%)、侮辱或谩骂(9.4%)、殴打(6.5%)、经济控制(5.4%)、限制人身自由(4.3%)和强迫过性生活(1.1%)。</p><p>方洋洋一生的经历集合了这些统计数据指标中所有的不幸。</p><p>父权制和新自由主义催生的现代冥婚</p><p><img src=\'https://nimg.ws.126.net/?url=http%3A%2F%2Fcms-bucket.ws.126.net%2F2020%2F1129%2F7eeaa856j00qkjn7100d6c000m800f1c.jpg&amp;thumbnail=660x2147483647&amp;quality=80&amp;type=jpg\' /></p><p>方洋洋“死于虐待，葬于冥婚”的新闻已经足够致郁，但令人窒息的是，因为冥婚市场的存在，另一些残障低智女性如猎物一样被扑杀。根据《检查风云》2016年《“阴婚”利益链》的报道，河南林州市原康镇的苗某为其侄儿配了一个阴妻。在下葬的时候棺材里有拍击声，打开后发现棺材中的女子并没有死去。公安机关就此揭露了一个专门拐卖智障女性的团伙。他们骗智障女性的家人，称为其安排婆家。在这个案例中，犯罪团伙带走智障女性后将其药物昏迷，作为尸体卖给苗某。警方发现，这些犯罪团伙家中还囚禁着另外三名智障女性，而此前已经有两名智障女性被从湖南拐卖到河南。</p><p>在2020年的中国，冥婚习俗或许会使自诩开放和现代的都市人错愕，但它在农村等地区并未完全消失。根据《中国新闻周刊》2016年发布的《中国冥婚现象调查》，冥婚流行的地区，一部分年轻人也见怪不怪，甚至支持冥婚。为什么现代社会对冥婚有着惊人的包容度？原因恐怕不仅仅是一部分落后的农民依然愚昧迷信。主流的传统文化甚至都不能完全为冥婚现象背书——孔子及此后的许多儒家学者都明确反对冥婚。</p><p>对此，人类学学者邓国基提出一个观点：中国正在经历“历史的压缩”。在国家曾强迫社会世俗化后，改革又为大众宗教的复兴打开了市场，鬼魂再次进入日常生活。“而在不断加剧的新自由主义之下，冥婚这种交易正好印证了社会经济思潮核心中最大化人类资本以获得物质利润的规则。新自由主义的市场逻辑发展到极致的时候，就会忽略神圣性，不把尸体当作一坨无感觉的血肉，而把它当作充满潜在资本与利润的有价值的资产。”</p><p>这里要补充的是，在农村冥婚市场这样本土的微观环境里，新自由主义和市场提供的只是工具性的中介和产业。“有钱能使鬼推磨”这样强势的商品逻辑，解释了被击溃的道德底线。但根据有限的几个田野案例，女方家长愿意参与冥婚的动机不一定只是为了收钱以改善经济情况。而男性投入巨额金钱购买一具尸体也只是一笔纯粹的“文化消费”——冥婚的投入当然不会构成真正的家庭再生产。</p><p>冥婚真正的动机仍然深埋于父权制中。没有深入骨髓的不平等的性别文化，婚姻挤压就难以延伸到农村社会文化想象中的“阴间”。尤其是冥婚市场中的黑中介、偷尸、抢尸、有偿守坟等行为，在底层群体之间形成相互消耗、甚至倾轧互害的情况。在这种仪式性的操演中，冥婚帮助失落的底层实现了其家庭成员未能实现的婚姻梦想，这看似是在迎合“发展”的心愿，但更是来自父权的要求。</p><p>“男高女低”的婚姻配对规则也适用于尸体：冥婚的男性更年长，教育程度高、收入和社会地位更高。上述《中国冥婚现象调查》也指出，购买冥婚女尸的开销，与彩礼有着相似的价格规律和博弈性质：女方家长愿意与家庭条件好的攀亲戚，因此家里越是有钱，配冥婚出的钱反而越少。家里越是条件差、没有钱，越是会大出血。结合因高额彩礼或冥婚支出而致贫返贫的情况，这实际上是一笔投入巨大而几乎没有回报的家庭再生产支出。</p><p>对于男性而言，底层未婚的男性活着是辜负家庭期待的光棍，死后也不能解脱这种残缺的身份。对于女性而言，活着的时候遭到社会经济资源和家庭分配制度的排斥，无法继承土地，无法婚姻自决。死后女性的尸体不能进祖坟，还不如配冥婚以免尸体被偷走。不论男女，底层群体都面临着性别结构问题带来的严重剥夺。</p><p>这些冥婚无一例外操演着中国底层婚姻的现代意义：在一种强制异性恋的系统下，父权和家长制决定着的婚姻操办，当事人的意愿（某种意义上，生死）都是无足轻重的。它的重点在于，完成传宗接代，保护家庭资本、维系社会地位的合约。这是新自由主义与父权制的合谋，民间恶习只是它最肤浅的面孔。</p><p>底层残障女性的命也是命</p><p>低智、残障女性是贫困社区中的最底层。她们的命运代表着我们社会的底线。因为智力和身体的缺陷，这些女性不但受到人格上的轻视、经济活动的排斥，也是道德和法律观念中的盲点。她们的缺陷甚至成为罪犯在违法时试图脱罪的理由。2006年，河北邯郸的宋氏农民杀害了6名妇女，被害人为精神病患者或坐台小姐。2016年，一名甘肃的女性精神病患者被骗杀害，尸体以4.02万元的价格卖给了他人做“鬼媳妇”。底层的社会失序，不意味着占有经济优势的中上层没有责任。这些惨剧标记着你我所处的全社会的失败。</p><p>中国在1980年签署了联合国《消除对妇女一切形式歧视公约》。在2007年3月签署了《残疾人权利公约》。消除对残障妇女的歧视，保护其基本权利，是政府不可推卸的责任。事实上，政府相关机构和许多公益组织长期在就业和经济能力等方面帮助低智残障人士，但无法覆盖所有凋敝偏远的农村。城乡二元户籍等制度性的鸿沟更是一道清晰的界限，把底层人群划到了现代文明之外。</p><p>这也导致残障群体内部出现明显的城乡差距。2013年《中国残障妇女发展困境、利益需求与对策研究》一文指出，当城镇残障女性开始要求就业保障，希望更多地融入、参与社会活动和决策的时候，农村残障女性还在温饱和健康问题上挣扎，希望获得免费的辅助器械。不得不承认，在一些残障女性争取性和生育自决自主的同时，另一些底层残障女性的生命和安全保障都岌岌可危。</p><p>残疾本身也无法作为一个单一治理因素，同贫困的经济、厌女的文化等问题撇清关系。必须改善农村和贫困社区歧视的社会氛围，才能向这些弱势群体提供人身安全等基本保障。在很多时候，残疾常常是厌女文化和性别歧视的结果，而非原因。一些原本健康的女性，是在进入婚姻后遭受家暴，受伤致残、致郁、致精神失常。另外，有些伤害几乎毫无缘由。2013年广东梅州，一名酒后男性杀害了仅仅是在路边坐着的患有精神病的同村女性。该男子行凶手段极其残忍，将被害人赶到荒山上，又实施烧、打、用啤酒瓶插、芦苇秆刺等手段。这是不涉及任何经济利益或其他纠纷的纯粹的杀害。</p><p>是时候终止对底层残障女性的迫害和谋杀了。只有当活着的低智残障女性能够在健康、教育、经济、社会参与、性与婚姻家庭等方面得到充分的保障和发展，我们才能告慰已经死去的方洋洋们的亡灵。只有充分保障了底层残障女性的生命和生活尊严，我们的社会才有文明可言。</p><p>韦艳,张力.农村大龄未婚男性的婚姻困境:基于性别不平等视角的认识[J].人口研究,2011,35(05):58-70.</p><p>李成华.城乡流动背景下婚姻挤压对中国农村婚姻暴力的影响研究[D].西安交通大学,2017.</p><p>管成云,冯强.商品化婚姻与中国农村光棍游猎式相亲的婚姻风险——基于“越南新娘”报道(2010-2016)的内容分析[J].现代传播(中国传媒大学学报),2017,39(11):60-66.</p><p>辛湲.残障妇女社会参与和家庭地位调查分析[J].残疾人研究,2013(02):35-39.</p><p>邓国基,王昕,陈莎莎.阴婚为何还有市场——来自社会人类学的考察[J].原生态民族文化学刊,2019,11(05):51-59.</p><p>刘伯红,郭砾,辛湲,赵云,郝蕊.中国残障妇女发展困境、利益需求与对策研究[J].残疾人研究,2013(02):13-19.</p>', '网易新闻', 'https://news.163.com/20/1129/13/FSJTL2NM00019B3E.html', '2020-11-29 13:58:00', 'https://nimg.ws.126.net/?url=http%3A%2F%2Fcms-bucket.ws.126.net%2F2020%2F1129%2Fed377bf9j00qkjn71000sc000dw00fcc.jpg&thumbnail=660x2147483647&quality=80&type=jpg', 'https://nimg.ws.126.net/?url=http%3A%2F%2Fcms-bucket.ws.126.net%2F2020%2F1129%2F7eeaa856j00qkjn7100d6c000m800f1c.jpg&thumbnail=660x2147483647&quality=80&type=jpg', NULL, '女性,婚姻,社会,残障,农村', 0, 0, 0, 1606629480000, 1, 8, 1606644122014, 1606644122014);
INSERT INTO `news` VALUES (15762, '4a9d1be45411daf2c48cad43313fae96', '从“打工人”到“尾款人”：年轻人的购物狂欢到底在买什么', '“不要睡了，打起精神啊！一年仅此一次的超低折扣！不买再等一年！”10月20日晚，无数“打工人”在李佳琦一声声打了鸡血的“不要睡”中，昏昏沉沉地付了定金，变成了“尾款人”。“定金一时爽，尾款哭断肠。”一觉醒来，再次打开购物软件的“尾款人”，看到显示“待付款”的大笔金额悔恨不已。这大...', '<p>“不要睡了，打起精神啊！一年仅此一次的超低折扣！不买再等一年！”10月20日晚，无数“打工人”在李佳琦一声声打了鸡血的“不要睡”中，昏昏沉沉地付了定金，变成了“尾款人”。</p><p>“定金一时爽，尾款哭断肠。”一觉醒来，再次打开购物软件的“尾款人”，看到显示“待付款”的大笔金额悔恨不已。这大约是被市场经济深深雕刻的年轻一代的群像。不管是真需要还是凑热闹，在“双十一”抢购浪潮中，他们似乎找到了压力与欢愉的平衡，以及共陷“水深火热”的群体认同。</p><p>东西我不缺，热闹必须凑</p><p>“哇！怎么会有这么便宜的东西？”这是刘希在今年“双十一”期间说得最多的一句话。今年各大电商平台不仅延长了活动期限，价格还更加诱人，刘希辗转各大直播间，付了好几笔定金。“实际上我也不缺什么，但就是看主播说东西挺好就买了。”她说。</p><p>22岁的刘希今年刚大学毕业，入职一家互联网企业不到半年，网购成了她繁忙工作之余唯一的消遣。她是个“耳根子软”的人，在购物时心动等于行动，经济独立后的第一个“双十一”她几乎创下了两倍于月薪的购物战绩，超前消费和分期付款让她“负债累累”。</p><p>同样的事情还发生在大学生薛子谦身上，原本他并不打算买东西，但促销信息铺天盖地，为了“凑热闹”就点开了购物软件，偶然看到自热小火锅预付定金可享优惠20元，于是他头脑一热付了定金，收到了一大箱自热火锅。</p><p>在少量定金的诱惑下，化妆棉囤了8盒，家庭装洗衣液囤了4瓶，自热火锅囤了一箱……现在的年轻人真真切切地把一个人活成了一支队伍。</p><p>“尾款人”的懊悔和无奈引起了共鸣，共鸣的背后是商家设下的“心理圈套”。</p><p>健身器材划船机在刚参加工作的黄家豪的“购物车”里躺了半年，直到今年“双十一”，看到定金加尾款比原价便宜了400多块，他光速付了50元定金。</p><p>当看到“待付尾款1150元”时，他心里一怔，面对难得一见的降价400元，黄家豪很纠结：“今天不下手，可能就要失去这次优惠，再等一年。”这种在消费决策时会出现的心理，被经济学家称之为“损失厌恶”心理，人们面对同样数量的收益和损失时，认为损失更加令他们难以忍受。</p><p><img src=\'http://news.youth.cn/sh/202011/./W020201129454800991604.jpg\' /></p><p>11月11日，快递员在一大学门口联络取件人取件 任超 摄</p><p>最后黄家豪还是付了尾款，毕竟定金不退。这笔已经付出且不可收回的钱，在经济学领域被称为“沉没成本”，在定金不能退还时，“损失厌恶”心理又会迫使消费者放弃挣扎，只得支付尾款。</p><p>陷入被动的“尾款人”也许认为退款可以及时止损，然而退款通道从凌晨2点开启。因此，消费者需要在零点支付尾款之后，继续熬夜两小时申请退款，毕竟睡一觉起来，快递也许已经到了家门口。</p><p>商家对特殊日期的炒作将传统节日和新造节日通通指向了消费，“双十一”期间更是充斥着“消费即正义”的气氛，“不买点什么感觉和时代脱节了”。心理学家认为，这种节日气氛的烘托结合高强度的情景宣传，会对消费者带来强烈的情景刺激。</p><p>“尾款人”之类的称呼，本质上是一种文化符号，体现的是年轻人所需要的群体认同。在疏离的网络社会中，这种群体认同营造了共鸣，凸显了个体的存在感，为天南海北奋斗在不同领域的年轻人，提供了一种对抗现实压力的勇气和无形的陪伴。</p><p>一句“冲啊！尾款人!”，直击“打工人”心中压抑已久的情绪点，让他们觉得不再是一个人在孤独地打工，而是一群人神采奕奕地熬夜付尾款。羊群效应将群体情绪转换为购买欲望，人们往往在一觉醒来后，才会清醒地认识到个体经济实力的差异。</p><p>对此，专家认为，无论怎样，理性消费才是以不变应万变的法则，尤其是在校学生和刚步入社会的年轻人，他们消费需求旺盛但没有稳定收入，购物时切忌盲目超前消费。</p>', '半月谈', 'http://news.youth.cn/sh/202011/t20201129_12596703.htm', '2020-11-29 12:38:00', 'http://news.youth.cn/sh/202011/./W020201129454800991604.jpg', NULL, NULL, '尾款人,尾款,定金,年轻人,消费', 0, 0, 0, 1606624680000, 1, 8, 1606644122202, 1606644122202);
INSERT INTO `news` VALUES (15763, '891b48e611bbfbaf834eb3eab4f3f360', '兰州出台中小学生作业“十条严规”：教师须亲自批改作业', '中国青年报客户端讯为进一步规范中小学教育教学行为，减轻中小学生过重课业负担，兰州市教育局11月27日发布《兰州市义务教育阶段学生作业管理十项规定》，明确教师须亲自批改作业，提倡作业面批面改，以便充分掌握学情，不得只布置不批改，不得应付性批改，不得要求家长代批作业。兰州市教育局要求...', '<p>中国青年报客户端讯（中青报・中青网记者马富春）为进一步规范中小学教育教学行为，减轻中小学生过重课业负担，兰州市教育局11月27日发布《兰州市义务教育阶段学生作业管理十项规定》，明确教师须亲自批改作业，提倡作业面批面改，以便充分掌握学情，不得只布置不批改，不得应付性批改，不得要求家长代批作业。</p><p><img src=\'http://news.youth.cn/gn/202011/./W020201129447307910949.jpg\' /></p><p>兰州市教育局要求，各区县、各学校要充分认识加强义务教育阶段学生作业管理对促进学生全面健康发展，以及义务教育高质量发展的重要意义，做到教师全员知晓，严格执行。</p><p>该《规定明确》，学校作业管理情况将纳入学校绩效考核范围，各区县、各学校要结合实际，对教师作业管理情况进行科学评价，将其纳入教师工作量、绩效工资、评优选先、师德师风评价等评价体系中。各区县、各学校要加强对作业管理的指导和检查，各级教育督导部门要将此项工作作为对各地教育工作督导检查的重要内容。</p><p><img src=\'http://news.youth.cn/gn/202011/./W020201129447307967848.jpg\' /></p><p>《规定》要求各区县、各学校设立监督举报电话、举报邮箱等，对人民群众反映强烈的中小学生作业负担过重问题及时回应，认真查处。对情况属实的，按照相关规定严肃问责。情节严重的，取消相关学校当年绩效评价评优资格。</p><p>附：兰州市义务教育阶段学生作业管理十项规定</p><p>一、优化作业设计。区县、学校要组织作业设计专项培训，分学段、分学科指导教师从学与教的视角思考作业内涵、研制作业内容、规范作业布置、合理作业评价。强化实践性作业和分层弹性作业，严禁布置机械性、重复性、惩罚性、随意性等低效作业。</p><p>二、严把作业难度。严格执行国家课程标准和课程方案，科学制定并认真落实教学计划，不随意增减课程难度，不随意加快教学进度，不得布置难度水平超过课标要求的作业。</p><p>三、统筹作业布置。学校要制定作业管理实施方案，学校教务部门、教研组长、年级组长、班主任分别统筹协调学校、学科、年级、班级教师科学合理布置作业，审核把关作业内容、形式和总量。</p><p>四、控制作业时间。小学一、二年级不布置书面家庭作业，小学其他年级家庭作业不超过60分钟，初中学生家庭作业不超过90分钟。学校要规范课程设置，明确规定合理充足的学生自习课时间，严禁无故挪用、挤占。</p><p>五、落实一科一辅。严格落实教辅资料“一科一辅”规定，作业布置不依赖于辅导资料，严禁强制或变相强制学生另行购买教辅材料，不得强制要求或变相强制要求家长打印作业。</p><p>六、严格作业批改。教师须亲自批改作业，提倡作业面批面改，以便充分掌握学情，不得只布置不批改，不得应付性批改，不得要求家长代批作业。</p><p>七、规范布置途径。注重培养学生自主学习的意识和能力，教师必须面对面给学生布置作业，并要求学生完整记录。原则上不得统一使用QQ、微信、钉钉等方式通过家长布置作业，或强制使用校讯通、作业APP等布置作业。</p><p>八、加强考试管理。严控考试次数，严格按照国家课程标准和教学基本要求确定考试内容，不出偏、怪考题，考试难度适当。考试成绩实行等级评价，严禁以任何方式公布学生成绩和排名，不单一以考试成绩评价学生。</p><p>九、减轻教师负担。区县、学校要严格控制各类社会事务“进校园”，统筹控制各种校内活动。不得安排教师参与与教育教学无关的各种专项工作，切实减轻教师负担，保障教师批改作业时间。</p><p>十、突出家校合作。家长要积极配合学校工作，注重学生在家学习期间良好习惯养成，督促学生主动独立完成家庭作业，并及时将完成情况反馈给教师。家长要注重促进学生身心健康，不额外给学生增加课业负担。</p>', '中国青年报客户端', 'http://news.youth.cn/gn/202011/t20201129_12596690.htm', '2020-11-29 12:25:00', 'http://news.youth.cn/gn/202011/./W020201129447307910949.jpg', 'http://news.youth.cn/gn/202011/./W020201129447307967848.jpg', NULL, '作业,学校,教师,学生,区县', 0, 0, 0, 1606623900000, 1, 8, 1606644122374, 1606644122374);
INSERT INTO `news` VALUES (15764, '4100224d59fb7450828f063bc76694dc', '万米载人深潜背后“钛战甲”中国造', '中国青年报客户端北京11月29日电11月28日，“奋斗者”号全海深载人潜水器成功完成万米海试胜利返航。记者今天从中国科学院金属研究所获悉，该所钛合金团队采用自主发明的“钛战甲”――Ti62A钛合金新材料，为“奋斗者”号建造了世界最大、搭载人数最多的潜水器载人舱球壳。此前海试现场图...', '<p>中国青年报客户端北京11月29日电（中青报・中青网记者 邱晨辉）11月28日，“奋斗者”号全海深载人潜水器成功完成万米海试胜利返航。记者今天从中国科学院金属研究所获悉，该所钛合金团队采用自主发明的“钛战甲”――Ti62A钛合金新材料，为“奋斗者”号建造了世界最大、搭载人数最多的潜水器载人舱球壳。</p><p><img src=\'http://news.youth.cn/gn/202011/./W020201129420256670139.jpg\' /></p><p><img src=\'http://news.youth.cn/gn/202011/./W020201129420256716095.jpg\' /></p><p><img src=\'http://news.youth.cn/gn/202011/./W020201129420256747949.png\' /></p><p>此前海试现场图。中科院供图</p><p>“奋斗者”号载人潜水器要走向深海，首当其冲的就是海水带来的高压，以及高腐蚀带来的极端环境。</p><p>有这样一个比喻：马里亚纳海沟最深处，水压超过110兆帕，相当于2000头非洲象踩在一个人的背上。</p><p>“奋斗者”号全海深载人潜水器载人舱项目负责人、中国科学院金属研究所研究员杨锐告诉记者，如此高压，意味着“奋斗者”号的抗压材料、结构设计等都面临严峻挑战。</p><p>载人舱是全海深载人潜水器的核心部件，是人类进入万米深海的硬件保障和安全屏障。此前，世界上最先进的全海深潜水器，是美国2019年5月完成万米下潜的“极限因子”，其载人舱可搭载2人。</p><p>这一次，我国要尝试的是万米深海，而且搭载3人，原有的材料已显得非常“吃力”。杨锐说，在万米海深的极端压力条件下，按照载人舱的目标尺寸和厚度要求，原有的材料在强度、韧性等指标上都已不能达标。</p><p><img src=\'http://news.youth.cn/gn/202011/./W020201129420256772513.jpg\' /></p><p>“奋斗者”号载人舱完成电子束焊接。中国科学院金属研究所供图</p><p>2014年起，我国开始在载人舱方面的论证和预先研究。</p><p>据杨锐介绍，中科院金属所科研团队第一次提出一种新型的合金设计方案，并据此设计实现了一种全新的钛合金显微结构，在此基础上发明了一种具有良好热加工成形和焊接成形性能的钛合金。</p><p>“我们当时遇到一个问题：如果要搭载3人，载人舱钛合金的厚度一下从52毫米变成了130毫米，材料强度也要大幅度提高，但强度和韧性往往是互相矛盾的。”杨锐说。</p><p>比如，陶瓷的强度非常高，但韧性差；塑料的韧性高，但强度又太低；比钛合金强度高的材料有很多，但无法进行焊接。</p><p>“从一篇文献中我们受到启发――可以去除材料里的有害相啊！”杨锐说，“那是一种豁然开朗的感觉！”</p><p>兴奋之余，整个研制团队没能顾上休息，又花费2年多的时间，拿下这一项目，成功建造世界最大、可搭载3人的全海深载人舱。</p><p>今天，“奋斗者”成功凯旋，意味着国产新型钛合金材料“不辱使命”，成功应对万米深海的高压和冲击。</p>', '中国青年报客户端', 'http://news.youth.cn/gn/202011/t20201129_12596655.htm', '2020-11-29 11:40:00', 'http://news.youth.cn/gn/202011/./W020201129420256670139.jpg', 'http://news.youth.cn/gn/202011/./W020201129420256716095.jpg', 'http://news.youth.cn/gn/202011/./W020201129420256747949.png', '舱,号,潜水器,杨锐,钛合金', 0, 0, 0, 1606621200000, 1, 8, 1606644122561, 1606644122561);
INSERT INTO `news` VALUES (15765, 'a4216d24c1ebdf70cfa54d2bbfcd8c54', '美媒：中印边境摩擦后，中国西部战区一些部队直接从歼-7换装歼-16', '据美国《军事观察杂志》网站11月25日报道，中国西部战区的一些空军战斗机单位直接从歼-7换装为最先进的歼-16战斗机。中国空军的歼-7G战斗机文章称，中国人民解放军西部战区空军部署的战斗机已经开始直接从歼-7战斗机过渡到先进的歼-16战斗机，尽管历史上该战区并未被优先考虑配备最新...', '<p>据美国《军事观察杂志》网站11月25日报道，中国西部战区的一些空军战斗机单位直接从歼-7换装为最先进的歼-16战斗机。</p><p>中国空军的歼-7G战斗机</p><p><img src=\'https://nimg.ws.126.net/?url=http%3A%2F%2Fdingyue.ws.126.net%2F2020%2F1129%2Fed14f5fbp00qkjbxm0061c000hs0094m.png&amp;thumbnail=650x2147483647&amp;quality=80&amp;type=jpg\' /></p><p>文章称，中国人民解放军西部战区空军部署的战斗机已经开始直接从歼-7战斗机过渡到先进的歼-16战斗机，尽管历史上该战区并未被优先考虑配备最新的装备。值得注意的是，西部战区司令部负责与印度接壤的边境地区的安全，该地区在2020年6月爆发了紧张局势。</p><p>歼-16是目前该战区部署的唯一的高端中国战斗机。解放军空军的“4 ++代”歼-10C和苏-35战斗机，以及第五代的歼-20战斗机均被部署在东部和南部战区，面对日本，中国台湾省及它们的西方支持者。</p><p>由于中国西部的空军基地较少，并且经常需要飞机在高海拔地区运行，因此歼-16超长的航时和飞行高度上限使其成为西部战区理想的装备。该战斗机是中国空军中第一款装备AESA雷达的战斗机（原文如此），该雷达不仅比以前的设计更强大，更难被干扰，并且还可以部署最新的PL-15空对空导弹，而这些导弹本身也可以从AESA雷达制导中受益，而且射程很远。</p><p>使用国产发动机的歼-16战斗机</p><p><img src=\'https://nimg.ws.126.net/?url=http%3A%2F%2Fdingyue.ws.126.net%2F2020%2F1129%2F014437c5p00qkjbxm004fc000hs00adm.png&amp;thumbnail=650x2147483647&amp;quality=80&amp;type=jpg\' /></p><p>从歼-7到歼-16的过渡对解放军的战斗机单位而言是一个巨大的转变。前者从1965年左右开始服役，而后者从近几年才开始服役，这意味着它们在技术上相隔了近半个世纪。但是，歼-7的设计甚至更老，是基于1959年开始服役的苏联米格-21的蓝图。在飞行性能，航空电子设备和维护要求等方面，两者的区别不大。歼-7是一种非常轻便的低维护需求设计战机，仅重8350公斤（标准战斗负载）。相比之下，歼-16是世界上最重的战斗机之一，重达26,000公斤，并且与其他重型战斗机（例如苏-27或歼-20）相比，所需的维护量更少。</p><p>歼-20战斗机主要部署在东部和南部战区</p><p><img src=\'https://nimg.ws.126.net/?url=http%3A%2F%2Fdingyue.ws.126.net%2F2020%2F1129%2F48c0d3f0p00qkjbxm006sc000hs00abm.png&amp;thumbnail=650x2147483647&amp;quality=80&amp;type=jpg\' /></p><p>毫不夸张地说，单架歼-16能够覆盖整个歼-7中队所能覆盖的区域，这是因为它的航程非常大，并且其传感器和导弹的覆盖范围更大。这意味着换装这些飞机将彻底改变所涉及的解放军空军单位的作战能力。</p><p>除此以外，歼-16的运营成本要高得多，这将给西部战区的空军造成更大的后勤和物质压力，而其他无法从如此高的经济年增长率和国防预算增长中受益的国家可能会负担不起这样的换装。</p><p>文章内容系作者观点，不代表本报立场</p><p>解放军用微波武器夺回班公湖山头？印军回应</p><p>近日，英国《泰晤士报》炒作解放军曾在中印边界班公湖地区“使用微波武器逼退印军，一枪不发夺回山头”的说法，引发外媒关注。而印度军方18日迅速在推特作出否认，抨击报道”毫无依据”，“假新闻”，印度媒体大量转发。</p><p>《泰晤士报》当地时间17日在网站发文，标题是《中国将拉达克中印‘战场’变成‘微波炉’》。文章援引中国某知名学者近日在演讲中的说法，称今年8月底，解放军为夺回中印边界西段班公湖南岸被印军非法强占的两个山头，使用了微波武器。</p><p><img src=\'https://nimg.ws.126.net/?url=http%3A%2F%2Fdingyue.ws.126.net%2F2020%2F1119%2Feedce446j00qk1a0b001wc000ip003dc.jpg&amp;thumbnail=650x2147483647&amp;quality=80&amp;type=jpg\' /></p><p>《泰晤士报》称：中国将中印边界地区的战场变成“微波炉”</p><p>报道称，解放军当时奉命从印军手中夺回山头，同时基于双方在边境地区的共识，上级要求不许开枪。前线部队就此想到了微波武器这个“奇招”。“在山底下放微波，把山顶变成了一个微波炉。”</p><p>“山顶上的印军一刻钟以后全部开始呕吐，站不起来，跑了。最终解放军将山头夺回。”</p><p>《泰晤士报》称，微波武器的工作原理类似微波炉，照射人体时加热皮下的水分子、制造剧烈疼痛，这种武器射程最多能达到接近1000米。</p><p>而根据公开资料，微波武器又叫射频武器或电磁脉冲武器，其利用高能量的电磁波辐射去攻击和毁伤目标，通常在远距离上对军事目标和武器的光电设备进行干扰，在近距离上实施杀伤有生力量，引爆各种装药或直接摧毁目标。</p><p>除了中国外，美国、俄罗斯也已经研制出类似的非致命性微波武器。印度国防研究与发展组织今年9月透露，计划就使用高能激光与微波的定向能武器开展研究。</p><p><img src=\'https://nimg.ws.126.net/?url=http%3A%2F%2Fdingyue.ws.126.net%2F2020%2F1119%2F49a2e897j00qk1a0b001nc000p400m8c.jpg&amp;thumbnail=650x2147483647&amp;quality=80&amp;type=jpg\' /></p><p>美国陆军曾在阿富汗部署用于群体管控、巡逻的微波武器“主动拒止系统”（ADS），但未实际投入使用</p><p>《泰晤士报》文章发出后，得到了《澳大利亚人报》，以及英国《每日邮报》、《太阳报》等多家外媒的转载，其中不乏夸张与抹黑，并引发外国网民议论。</p><p>澳大利亚“新闻”网站记者就在副标题中形容，微波武器“相当于把人活活烤熟”。英国《每日快报》更是在标题中渲染这是“第三次世界大战”，中国使用“可怕的武器”。</p><p>英国防务新闻网站Shephard News编辑戈登·亚瑟认为，尽管印度政府否认在边境地区遭到微波武器攻击，但中国“无疑具备”使用微波武器的能力。他认为，如果报道属实，这将很可能是微波武器被首次运用于实战中。</p><p><img src=\'https://nimg.ws.126.net/?url=http%3A%2F%2Fdingyue.ws.126.net%2F2020%2F1119%2Fcbfb8665j00qk1a0b0086c000m800etc.jpg&amp;thumbnail=650x2147483647&amp;quality=80&amp;type=jpg\' /></p><p>不过印度军方当地时间17日很快对这一说法作出否认，包括新德里电视台、《印度快报》、Times Now等印媒纷纷转载。</p><p>《印度时报》报道，一名印军高官否认了有关媒体的说法。印军推特账号也抨击报道是“假新闻”，“毫无依据”。还有印度官员宣称，这一说法是“中国的心理战行动”。</p>', '网易新闻', 'https://dy.163.com/article/FSJFM6H705504DOH.html', '2020-11-29 09:53:00', 'https://nimg.ws.126.net/?url=http%3A%2F%2Fdingyue.ws.126.net%2F2020%2F1129%2Fed14f5fbp00qkjbxm0061c000hs0094m.png&thumbnail=650x2147483647&quality=80&type=jpg', 'https://nimg.ws.126.net/?url=http%3A%2F%2Fdingyue.ws.126.net%2F2020%2F1129%2F014437c5p00qkjbxm004fc000hs00adm.png&thumbnail=650x2147483647&quality=80&type=jpg', 'https://nimg.ws.126.net/?url=http%3A%2F%2Fdingyue.ws.126.net%2F2020%2F1129%2F48c0d3f0p00qkjbxm006sc000hs00abm.png&thumbnail=650x2147483647&quality=80&type=jpg', '武器,中国,微波,战斗机,战区', 0, 0, 0, 1606614780000, 1, 8, 1606644122764, 1606644122764);
INSERT INTO `news` VALUES (15766, '3084ece4da17976bc0c4e233694fc724', '钟点工拍视频晒雇主家卫生间、卧室…网友炸锅！', '最近，短视频平台上有位拥有17.5万粉丝的钟点工“火”了这位钟点工半年更新抖音300多条：购买的食物塞满雇主的冰箱半年更新300多条抖音视频晒雇主卫生间、孩子卧室……据了解，这位钟点工已在上海工作十年，同时在几个雇主家里工作。从今年5月30日更新第一条短视频起，至今她已上传了31...', '<p>最近，短视频平台上有位</p><p>拥有17.5万粉丝的钟点工“火”了</p><p>这位钟点工半年更新抖音300多条：</p><p>购买的食物塞满雇主的冰箱</p><p><img src=\'http://news.youth.cn/sh/202011/./W020201129318945781301.png\' /></p><p>半年更新300多条抖音视频</p><p>晒雇主卫生间、孩子卧室……</p><p>据了解，这位钟点工已在上海工作十年，同时在几个雇主家里工作。从今年5月30日更新第一条短视频起，至今她已上传了314个作品。她的视频常以“今天第X家”开头，可以看出她每日辗转在4个雇主家之间，十分忙碌。</p><p><img src=\'http://news.youth.cn/sh/202011/./W020201129318945837811.png\' /></p><p>然而，这位钟点工晒的内容却引起了争议。</p><p>买完菜晒雇主家的冰箱↓</p><p><img src=\'http://news.youth.cn/sh/202011/./W020201129318945891426.png\' /></p><p><img src=\'http://news.youth.cn/sh/202011/./W020201129318945962678.png\' /></p><p><img src=\'http://news.youth.cn/sh/202011/./W020201129318945994002.png\' /></p><p>雇主家小朋友的新书包、课外书↓</p><p><img src=\'http://news.youth.cn/sh/202011/./W020201129318946047413.png\' /></p><p>雇主家小朋友的卧室↓</p><p><img src=\'http://news.youth.cn/sh/202011/./W020201129318946079339.png\' /></p><p>从部分视频来看，她显然有避开侵犯雇主隐私的意识。在两则展示雇主家孩子课外书和书桌的视频中，她都强调是在获得雇主孩子同意的情况下拍摄。拍摄雇主孩子弹钢琴时，也没有拍出孩子脸部，且与孩子存在互动；另外有一个分享小朋友吃早餐的视频，也特意做了后期贴纸打码处理。</p><p>多名家政人员拍摄视频</p><p>搜索短视频平台可以发现，以视频方式拍摄记录自己工作生活的家政人员不止这位钟点工一人。</p><p>时阿姨也是一名在短视频平台上活跃的钟点工，从2018年开始更新，迄今发布了200多条，拥有5000多名粉丝。</p><p>起初的一年多，她的短视频平台账号只是分享个人生活，偶尔放些为雇主家庭制作的美食，但后来渐渐成为不定期与同行、网友交流分享家政日常为主。</p><p><img src=\'http://news.youth.cn/sh/202011/./W020201129318946123586.png\' /></p><p>据了解，时阿姨在上海做家政至今已是第十六年。她说，自己比较喜欢分享，想把这些年的劳动经验分享给更多家政姐妹，一起提高工作技能。</p><p>她还分享了很多随着音乐跳舞的视频，这些视频中不只她一人，还有雇主或雇主的家人出镜。“关系都好，拍视频也是他们同意的。”</p><p><img src=\'http://news.youth.cn/sh/202011/./W020201129318946186686.jpg\' /></p><p>侵犯隐私还是正能量满满？</p><p>对于钟点工阿姨网上分享“打工人日常”，网友意见也并不统一。</p><p>反对方理由：侵犯隐私、不务正业</p><p><img src=\'http://news.youth.cn/sh/202011/./W020201129318946196766.png\' /></p><p><img src=\'http://news.youth.cn/sh/202011/./W020201129318946229144.jpg\' /></p><p><img src=\'http://news.youth.cn/sh/202011/./W020201129318946235782.png\' /></p><p>还有不少网友称，自己也遭遇过同款阿姨↓</p><p><img src=\'http://news.youth.cn/sh/202011/./W020201129318946250277.png\' /></p><p><img src=\'http://news.youth.cn/sh/202011/./W020201129318946276263.png\' /></p><p>某家政管理人员认为，边工作边拍视频是非常不合适的行为，她认为这既影响正常的工作，同时也会泄露雇主家的隐私。</p><p>这位管理人员表示，凭借10多年的工作经验，没有一户雇主家庭希望保姆拍图片、拍视频上传短视频平台的。打工时也要有空的时候看手机，更不允许边看手机边带小孩，因为这涉及安全问题。“工作时拍视频、玩手机反映的是保姆的工作态度，公司在保姆入职时，对她们提出这方面的要求。”</p><p><img src=\'http://news.youth.cn/sh/202011/./W020201129318946292444.jpg\' /></p><p>支持方理由：未涉雇主隐私、满满正能量</p><p><img src=\'http://news.youth.cn/sh/202011/./W020201129318946316399.png\' /></p><p><img src=\'http://news.youth.cn/sh/202011/./W020201129318946333627.png\' /></p><p>也有网友面对质疑反驳说：“这和上班族有什么区别，难道你们上班从不玩手机？”</p><p>专家：应征得雇主同意</p>', '央视财经', 'http://news.youth.cn/sh/202011/t20201129_12596446.htm', '2020-11-29 09:31:00', 'http://news.youth.cn/sh/202011/./W020201129318945781301.png', 'http://news.youth.cn/sh/202011/./W020201129318945837811.png', 'http://news.youth.cn/sh/202011/./W020201129318945891426.png', '视频,雇主,钟点工,工作,隐私', 0, 0, 0, 1606613460000, 1, 8, 1606644122936, 1606644122936);
INSERT INTO `news` VALUES (15767, '25ba244d2459b00e8ce1d7df5f58b004', '北京体检服务时间将延长 这些建议要注意', '北京体检服务时间和时段将延长为了早点发现隐藏疾病，保持健康，体检当然是必不可少的。受疫情影响，今年下半年体检机构的体检量明显增加，不少市民在预约体检时遭遇了预约难。近日，北京市卫生健康委下发通知，要求开展健康体检的医疗机构要根据预约需求，优化调整体检服务时间安排。在北京市体检中心...', '<p>北京体检服务时间和时段将延长</p><p>为了早点发现隐藏疾病，保持健康，体检当然是必不可少的。受疫情影响，今年下半年体检机构的体检量明显增加，不少市民在预约体检时遭遇了预约难。近日，北京市卫生健康委下发通知，要求开展健康体检的医疗机构要根据预约需求，优化调整体检服务时间安排。</p><p><img src=\'http://news.youth.cn/jsxw/202011/./W020201129341289461362.jpg\' /></p><p>在北京市体检中心，记者看到，从早上7点半，这里就陆续有前来体检的市民，因为采取了分时段预约，所以排队的情况并不严重。</p><p><img src=\'http://news.youth.cn/jsxw/202011/./W020201129341289518947.jpg\' /></p><p>北京市民： 这个安排比之前感觉更加合理一些，它由电脑来安排，哪个科室人比较少就可以直接让你到下一个科室去。</p><p><img src=\'http://news.youth.cn/jsxw/202011/./W020201129341289536911.jpg\' /></p><p>北京市民： 原来的程序都是自己跑来跑去的，我觉得它现在可能做了一个程序，就是做了一个优化，把人员都分配好了，然后今年我来做体检的时候，明显感觉到它把人流分得非常均匀，等候的时间缩短了。</p><p><img src=\'http://news.youth.cn/jsxw/202011/./W020201129341289565000.jpg\' /></p><p>工作人员介绍，这套全流程智能导检系统是从今年8月份开始投入使用，依据“路径最短、餐前餐后项目分开、核心项目优先、区域优先”等原则，通过实时AI运算得出最优化排序，为客户合理安排体检流程，最大限度减少等候时间。</p><p>在随机采访中记者发现，市民反映最多的还是预约难，最长的等了一个月的时间。北京市卫生健康委相关负责人介绍，目前他们已经下发通知，要求北京市体检机构采取提前每日开检时间、增开周末专场、合理安排可在下午进行的非空腹体检项目、在各连锁体检点之间进行人员调整等措施，适当延长健康体检服务时间或时段，满足高峰期体检需求。对不便使用网络或智能设备预约的老年人等群体，各机构应设立电话预约、现场预约等渠道，给予指导和帮助。</p><p><img src=\'http://news.youth.cn/jsxw/202011/./W020201129341289582453.jpg\' /></p><p>北京市体检中心副主任 钱文红： 现在疫情防控是我们一个常态化的状态，我们还是要考虑人群聚集以后的安全。所以也请大家理解，为什么预约难，因为现在还是要保证大家各方面都要兼顾。</p><p>专家提示：基础体检项目并非可有可无</p><p>在采访中记者发现，不少来体检的人对体检项目并不十分了解。也有不少人反映，各大机构的体检套餐种类繁多，使人眼花缭乱。感觉有些基础体检项目意义不大。就此记者采访了相关专家。</p><p>有市民向记者介绍，感觉有的体检项目是没有用的。比如口腔、耳鼻喉、觉得都是走形式的。尤其心电图一般来说也没有用。</p><p><img src=\'http://news.youth.cn/jsxw/202011/./W020201129341289606524.jpg\' /></p><p>随着人们健康意识的提高，市民对体检也越来越重视，采访中记者发现，不少市民觉得好不容易预约到体检时间，体检的项目越多越安心。还有的人觉得基础检查无关紧要，癌症筛查才是重中之重。专家提醒，千万不要忽视体检中的基础检查。</p><p><img src=\'http://news.youth.cn/jsxw/202011/./W020201129341289620994.jpg\' /></p><p>北京市体检中心副主任 钱文红： 科室的基本检查，比如说内科、外科、眼科、口腔科、耳鼻喉科等等，也请广大的体检老百姓不要忽视这些基础检查。比如说随着年龄的增长，可能我们会有视力的下降，会有一些趋光度的变化，老百姓有时候会有飞蚊症，就是我们的玻璃体浑浊，有没有晶体一些早期的浑浊，就是我们早期白内障的一些表现。特别是我们心脏的听诊，也是非常重要的，有一些心脏的杂音，包括心率的一些变化，都需要内科医生通过体检发现平常不易发现的症状。</p><p>专家提示：超过40岁有些体检项目可以酌情增加</p><p>看来一些基础的体检项目也是十分重要的，不能轻视。那是不是体检时做的项目越多越好呢？专家表示，不是越多越好，而是要根据自身情况来进行选择。</p><p>以年龄超过40岁人群为例，有一些检查项目建议酌情添加。</p><p>超过40岁后，人体机能下降，建议在体检中可以针对血压血脂血糖进行检查，并定期做颈动脉超声检查。</p><p>骨质疏松是中年人群的高发疾病之一，当年龄超过35岁，骨质就开始流失，肌肉对于骨质中钙质的吸收能力也会慢慢下降，这会导致骨质疏松，增加骨折的风险。建议年龄超过40岁的人群每年进行一次骨密度检查，以便及时进行预防。</p><p>超过40岁，没有癌症家族史的人群，建议每三到五年进行胃肠镜和肿瘤标志物等检查。如果有癌症家族史的人群建议每年进行检查。</p><p>每个女性在20岁起，都应该每月进行乳房自检，也可以在体检中添加乳房彩超项目，能更好发现乳腺炎、乳腺增生、乳腺导管扩张等各种乳腺疾病。40岁以后，可以增加乳房钼靶检查。</p><p>40岁以上男性建议进行前列腺检查来排查前列腺癌，可以通过直肠检测、前列腺特异性抗原两个项目进行检查。</p><p>对于有抽烟习惯的人群，建议定期进行肺癌筛查，不过不管是平扫CT，还是低剂量螺旋CT都存在辐射危险，因此不建议40岁以下人群每年检查。</p><p>专家提示 体检套餐应根据自身实际情况进行选择</p><p>现在，体检机构有多种套餐，可很多人体检往往是一个套餐“走天下”，二十岁年轻人和六七十岁老人用的都是一个体检套餐。专家提醒，体检要因人而异，区别对待。最好在选择体检项目的时候，先与医生沟通，使其了解家族疾病史、生活习惯、工作环境等，综合各种内外因素，方便医生初步判断潜在的高危因素，定制出个性化的体检方案。</p><p>北京市体检中心医学检验科主管技师 姚海娟： 一般比较年轻的市民，选择化验套餐就是一些基础套餐，比如说血常规、尿常规，血生化免疫这些项目，血常规能对一些血液病、细菌感染、病毒感染包括贫血都能有良好的提示，对于尿常规尿细菌感染，比如有时候有结石都能从尿液这块检查出来。对于40岁以上的，有心血管疾病的像生化这块可以选一些同型半胱氨酸，它是血管疾病的危险因子。如果你有消化道疾病，现在的便潜血这个是比较好的，又经济，而且对于早期的筛查比较好。比如说是慢性的乙肝患者的话，我觉得除了定期查B超，可以检查做一下甲胎蛋白，联合去检测。</p><p><img src=\'http://news.youth.cn/jsxw/202011/./W020201129341289649277.jpg\' /></p><p>在采访中记者发现，超过80%的受检人群都是单位组织进行体检，单位通常采用购买统一套餐的方式，难以实现个性化。对此，专家给出两点建议：首先，保证每年进行一次常规体检，要检查血压、血糖等指标。而有些检查不必年年做，如拍胸部X片。其次，在此基础上可进行必要的癌症筛查，重点筛查发病率较高，或者有家族遗传史的癌种。</p>', '央视新闻客户端', 'http://news.youth.cn/jsxw/202011/t20201129_12596487.htm', '2020-11-29 09:28:00', 'http://news.youth.cn/jsxw/202011/./W020201129341289461362.jpg', 'http://news.youth.cn/jsxw/202011/./W020201129341289518947.jpg', 'http://news.youth.cn/jsxw/202011/./W020201129341289536911.jpg', '项目,体检,检查,人群,专家', 0, 0, 0, 1606613280000, 1, 8, 1606644123155, 1606644123155);
INSERT INTO `news` VALUES (15768, '4f66c3ce50802d66cd20cab243ef2604', '伊朗高级核物理学家遇害后，中东将发生什么？', '伊朗国防事业在2020年一首一尾经历了两次重大损失。1月3日，美军空袭伊拉克巴格达国际机场，导致在场的伊朗伊斯兰革命卫队下属“圣城旅”指挥官苏莱马尼身亡。11月27日下午，伊朗高级核物理学家法克里扎德在伊朗首都被暗杀。苏莱马尼之死曾使得海湾上空一时间战云密布，伊朗重要核物理学家法...', '<p>伊朗国防事业在2020年一首一尾经历了两次重大损失。1月3日，美军空袭伊拉克巴格达国际机场，导致在场的伊朗伊斯兰革命卫队下属“圣城旅”指挥官苏莱马尼身亡。11月27日下午，伊朗高级核物理学家法克里扎德在伊朗首都被暗杀。苏莱马尼之死曾使得海湾上空一时间战云密布，伊朗重要核物理学家法克里扎德遇害后，中东又将会经历什么？</p><p><img src=\'http://news.youth.cn/jsxw/202011/./W020201129310381356090.png\' /></p><p>△法克里扎德是伊朗最资深的核科学家之一</p><p>暗杀事件发生后，伊朗外交部长扎里夫几乎是在第一时间指责以色列特工组织“摩萨德”策划并实施了暗杀行动，伊朗军政高层随后也纷纷发声。伊朗最高领袖哈梅内伊慰问信要求对事件进行彻查并对肇事者和幕后指挥者予以严惩。总统鲁哈尼则表示，伊朗国防部将继续加大投入，通过有效部署来填补法克里扎德去世留下的空白。伊朗伊斯兰革命卫队总司令侯赛因・萨拉米在社交媒体上发文称，革命卫队已经将对肇事者的严厉报复提上日程。与此同时，伊朗民众在首都德黑兰发起游行示威活动，民众情绪激昂，喊着诸如“没有谈判，没有投降，只有继续与美国抗争”的口号。</p><p>经年未决的伊核问题如今已成为中东地区重要又敏感的核心问题之一，特别是在美国总统特朗普宣布美国退出伊核协议之后，各方的不同态度使得“挺伊”和“反伊”两大阵营愈发凸显，双方在暗杀事件之后的态度也显得截然不同。</p><p>黎巴嫩真主党对事件表示强烈谴责，强调将与伊朗和伊朗人民站在一起。巴勒斯坦民族权利机构没有表态，但包括哈马斯、巴解组织解放巴勒斯坦人民阵线（人阵）和巴勒斯坦伊斯兰圣战组织在内的多个派别均表示应严惩凶手，其中一些派别更将矛头直指以色列。同伊朗关系非常紧密的也门胡塞武装也将暗杀行动描述为“以以色列为首的邪恶轴心国计划的恐怖行动”。</p><p>相比而言，以色列和沙特这两个与伊朗水火不容的地区大国官方则显得非常安静。世界各地的以色列使领馆及犹太人社区在事件发生后悄无声息地加强了安保措施，而在沙特，除了媒体对事件的报道之外，唯一引人注意的可能就是社交媒体上部分政治人士近乎幸灾乐祸的“庆祝”。</p><p><img src=\'http://news.youth.cn/jsxw/202011/./W020201129310381446078.png\' /></p><p>△有媒体报道称以色列在实施暗杀行动前曾与美国和沙特沟通，但美沙均未回应相关报道。</p><p>值得一提的是，卡塔尔方面的言辞颇值得玩味，卡塔尔副首相兼外交大臣穆罕默德28日同伊朗外长扎里夫通电话时表示，卡塔尔强烈谴责在伊朗制造爆炸以及暗杀科学家的行为，并称这种行为是“对于人权明显的侵犯”，同时也呼吁各方保持克制为悬而未决的问题找到根本解决办法。</p><p>在2017年沙特等国突然同卡塔尔断交后，伊朗和土耳其在第一时间力挺卡塔尔，因此一方面，卡塔尔是美国在中东的坚定盟友；另一方面，卡塔尔又同伊朗结成共同对抗沙特的盟友。在2020年初，伊朗误判击落乌克兰客机后，迅速传出卡塔尔为伊朗买单支付被误击客机的赔偿，报答当年“恩情”的消息，从这次其谨慎温和的表态也可以看出，卡塔尔既表达了对伊朗的支持，又不想太激进，得罪以色列和以色列身后的美国，再度将自己卷入旋涡的中心。</p><p><img src=\'http://news.youth.cn/jsxw/202011/./W020201129310381497309.png\' /></p><p>△伊朗击落乌克兰客机后，消息显示卡塔尔国王塔米姆向伊朗提供30亿美元用于赔偿家属。图为2020年1月，卡塔尔国家元首访问伊朗期间与伊朗总统一同检阅士兵。</p><p>沙特官方表态的谨慎不难理解。苏莱马尼1月遇袭身亡后，美军在伊拉克境内的军事基地多次遭遇火箭弹袭击，而2019年9月，沙特东部石油设施遇袭也证明其防空能力有所欠缺。此次伊朗核专家遇袭后，与伊朗一水之隔的海湾阿拉伯国家境内的美军基地不免被伊朗列入报复目标之内，其中就包括美国海军第五舰队司令部所在地的巴林和美军今年4月刚刚进驻的沙特苏尔坦亲王军事基地，在这样的形势下沙特自然不想进一步激怒伊朗。</p><p>事实上，就连以色列国土也在伊朗导弹的射程之中，而伊斯兰革命卫队也可以为黎巴嫩和巴勒斯坦境内的民兵武装袭击以色列提供支持，但选择报复目标和时机对于伊朗来说，并不是一件简单的事情。以色列在过去的几个月当中与多个阿拉伯国家实现外交关系正常化，与沙特建立外交关系的传闻也甚嚣尘上，尽管沙特方面否认了有关王储与以色列总理会面的传闻，但将伊朗视为共同敌人的两国增加彼此接触已经是公开的秘密，一旦有风吹草动，在特朗普尚未移交总统权力之前，沙以“反伊联盟”的组建进程势必进一步加快，因此不少分析预测，伊朗有可能将把报复行动推迟到1月20日之后。</p><p><img src=\'http://news.youth.cn/jsxw/202011/./W020201129310381619630.png\' /></p><p>△美军在海湾阿拉伯国家至少设有八个军事基地</p><p>与以色列和沙特之间的关系固然重要，但对于伊朗来说，与美国之间达成伊核协议来取消对自身的封锁才是头等大事。美国候任总统拜登曾多次强调在上任后将致力于恢复参与国际协议。在国内政治经济动荡的背景下，伊朗也希望能与新一届美国政府“化干戈为玉帛”，而不是进一步激化冲突。就在两周前，伊朗外交部长扎里夫曾表态称，如果美方取消对伊制裁，伊朗愿意重新全面履行伊核协议。但一切都因为暗杀事件而改变。</p><p>（总台记者 李超 李健南 张雨辰 唐湘伟）</p>', '央视新闻客户端', 'http://news.youth.cn/jsxw/202011/t20201129_12596432.htm', '2020-11-29 08:37:00', 'http://news.youth.cn/jsxw/202011/./W020201129310381356090.png', 'http://news.youth.cn/jsxw/202011/./W020201129310381446078.png', 'http://news.youth.cn/jsxw/202011/./W020201129310381497309.png', '伊朗,以色列,沙特', 0, 0, 0, 1606610220000, 1, 8, 1606644123343, 1606644123343);
INSERT INTO `news` VALUES (15769, '4fca4e91864d782e1a6e52daa4405599', '马英九批台北故宫改名毫无必要，台媒称目前院内人心惶惶', '原标题：马英九批台北故宫改名毫无必要，台媒称目前院内人心惶惶台北故宫博物院近期传出将改隶文化部门，更名“华夏博物馆”，由隶属台当局行政部门的二级机关转为三级机关，引发两岸舆论议论。澎湃新闻记者注意到，岛内媒体中时新闻网11月28日下午报道透露，台湾地区前领导人马英九在受访时候对于...', '<p>原标题：马英九批台北故宫改名毫无必要，台媒称目前院内人心惶惶</p><p>台北故宫博物院近期传出将改隶文化部门，更名“华夏博物馆”，由隶属台当局行政部门的二级机关转为三级机关，引发两岸舆论议论。</p><p>澎湃新闻记者注意到，岛内媒体中时新闻网11月28日下午报道透露，台湾地区前领导人马英九在受访时候对于上述事件直言“我不赞成，毫无必要”。</p><p>中国国民党方面则表示，台北故宫博物院并入文化部门势必缩编职能，试问未来如何支撑台北故宫博物院各项专业的重要工作？若民进党当局基于政治因素或意识型态考虑，而缩减故宫的层级与员额，国民党将全力捍卫。</p><p>除了社会舆论热议，目前更传出故宫院内人心惶惶。</p><p>中时新闻网28日凌晨消息透露：台北故宫博物院是否改隶台当局文化部门虽还在讨论中，却已引起不少争议，据传近日台北故宫博物院计划将书画处与图书文献处整并为书画文献处，预期将有人员编制的缩减，院内研究人员人心惶惶。</p><p>报道介绍，台北故宫博物院行之有年的“老三处”分别是：器物处、书画处、图书文献处，系故宫文创力的发动单位，是研究及策展的核心部门，一旦走入历史，将影响其专业地位，是否还能维持世界五大博物馆之一的地位，令人忧心。</p><p>对此，任职故宫38年的台北故宫前院长冯明珠表示，故宫的编制有其专业，书画处为艺术史领域，图书文献处属善本古籍、清史研究，领域并不相同，“就像研究玉器的人不会懂铜器或瓷器！”而故宫典藏的70万件文物中，实则图书文献占了大宗，据院方统计，目前善本书籍计21.6万余册，档案文献39.5万余册件，如此庞大的典藏数量，必须仰赖精确的专业分工，不容任意缩编或裁撤。</p><p>虽然台北故宫方面再次强调，此次调整的编制员额人数不变，但仍将书画处与图书文献处合并，处长乃至科别都会调整；此外还增设“数字信息室”及“综合规画处”，希望提升数字业务及加强总体策略研发及国际交流业务。</p>', '中华网', 'https://news.china.com/domestic/945/20201129/39017280.html', '2020-11-29 08:02:00', NULL, NULL, NULL, '故宫,处,台北故宫博物院,文献,图书', 0, 0, 0, 1606608120000, 1, 8, 1606644123499, 1606644123499);
INSERT INTO `news` VALUES (15770, '7f98c58382b9e92f72177e50ae7d3f90', '法国多地爆发游行活动 反对“全面安全法”法案', '当地时间11月28日，包括首都巴黎在内的法国多个城市爆发了大规模游行示威活动，以反对法国政府拟实施的“全面安全法”法案。据法国内政部统计，当天全法各地共有13万3千人参加了此次游行活动，其中首都巴黎约有4万6千人，是参与游行人数最多的城市。当天，巴黎警方出动了2千名警力维持秩序。...', '<p>当地时间11月28日，包括首都巴黎在内的法国多个城市爆发了大规模游行示威活动，以反对法国政府拟实施的“全面安全法”法案。</p><p><img src=\'http://news.youth.cn/jsxw/202011/./W020201129267285401067.png\' /></p><p>据法国内政部统计，当天全法各地共有13万3千人参加了此次游行活动，其中首都巴黎约有4万6千人，是参与游行人数最多的城市。当天，巴黎警方出动了2千名警力维持秩序。而截至当晚，共有27人被逮捕，23名警察受伤。法国内政部长达尔马宁表示，针对执法人员的暴力行为不能让人接受。</p><p><img src=\'http://news.youth.cn/jsxw/202011/./W020201129267285506548.jpg\' /></p><p>稍早前，法国国民议会初步通过了一项有争议的法案，即“全面安全法”，旨在限制法国公民拍摄并发表含有执勤警察面容的照片和视频。此举被认为是试图掩盖警察暴力执法的证据，遭到强烈反对。（总台记者 马瑾瑾）</p>', '央视新闻客户端', 'http://news.youth.cn/jsxw/202011/t20201129_12596378.htm', '2020-11-29 07:25:00', 'http://news.youth.cn/jsxw/202011/./W020201129267285401067.png', 'http://news.youth.cn/jsxw/202011/./W020201129267285506548.jpg', NULL, '警察,法国,法国内政部,法案,法', 0, 0, 0, 1606605900000, 1, 8, 1606644123639, 1606644123639);
INSERT INTO `news` VALUES (15771, 'ee0be77f0bd5855e672cf33ab9b5baf2', '全长3425米！云南弥蒙铁路白沙坡隧道贯通', '原标题：全长3425米！云南弥蒙铁路白沙坡隧道贯通11月26日，经过最后一次爆破施工，云南弥蒙铁路最长的Ⅰ级高风险隧道白沙坡隧道顺利贯通，标志着弥蒙铁路工程建设取得阶段性进展。白沙坡隧道位于云南红河州弥勒市竹园镇境内，全长3425米，是弥蒙铁路最长的Ⅰ级高风险隧道，也是重难点工程...', '<p>原标题：全长3425米！云南弥蒙铁路白沙坡隧道贯通</p><p>11月26日，经过最后一次爆破施工，云南弥蒙铁路最长的Ⅰ级高风险隧道白沙坡隧道顺利贯通，标志着弥蒙铁路工程建设取得阶段性进展。</p><p><img src=\'https://img3.utuku.imgcdc.com/650x0/news/20201129/b3fdfd3d-3740-40e0-b82a-26cf5d207ab0.jpg\' /></p><p>白沙坡隧道位于云南红河州弥勒市竹园镇境内，全长3425米，是弥蒙铁路最长的Ⅰ级高风险隧道，也是重难点工程。自2019年4月开工建设以来，隧道遇到地质岩溶、顺层偏压、膨胀土等不良地质，还要穿越两条公路，最小埋深处只有18米，施工安全压力大，工期任务紧。针对施工难题，施工方在隧道正洞里设置斜井，采用三台阶开挖法，开挖前进行超前支护，严格执行“短进尺、弱爆破、强支护、快封闭、勤量测”原则，采取三维激光精密测轮廓线，在控制变形量的情况下，减少开挖量，既加快进度，又降低成本，确保隧道安全质量得到保障。</p><p><img src=\'https://img0.utuku.imgcdc.com/650x0/news/20201129/adede3bf-ca26-4972-b408-382fed4cf750.jpg\' /></p><p>据了解，弥蒙铁路正线长约107公里，开行旅客列车速度目标值为每小时250公里。全线新建竹园、朋普、开远南和红河4座车站，桥梁46座、隧道10座，桥隧比达45%以上。建成通车后，将对加快沿线城镇化进程、旅游资源开发、少数民族地区脱贫致富起到推动作用，为云南加快建设面向南亚东南亚辐射中心提供强有力的运力支撑，促进中国与东盟国家间的经贸联系和人员往来，更好地服务“一带一路”建设。（总台央视记者陈坚刘文杰）</p>', '中华网', 'https://news.china.com/domestic/945/20201129/39017158.html', '2020-11-29 06:53:00', 'https://img3.utuku.imgcdc.com/650x0/news/20201129/b3fdfd3d-3740-40e0-b82a-26cf5d207ab0.jpg', 'https://img0.utuku.imgcdc.com/650x0/news/20201129/adede3bf-ca26-4972-b408-382fed4cf750.jpg', NULL, '隧道,弥蒙,云南,铁路', 0, 0, 0, 1606603980000, 1, 8, 1606644123780, 1606644123780);
INSERT INTO `news` VALUES (15772, '23d7224a53e6c49fa603375984f22029', '“川渝申奥”上热搜！2032年奥运会申办有哪些竞争者？', '11月27日下午，“川渝将共同申办2032年夏季奥运会”登上热搜，引发广泛热议。据新京报此前报道，四川省政府官网11月27日公开的文件中提到，根据成渝地区双城经济圈建设国家战略的部署，下一步川渝两地将共同申办奥运会，着力打造具有成渝独特印记和文化特色的奥运会。此前，成都市体育局发...', '<p><img src=\'http://dingyue.ws.126.net/2020/1129/ca156401g00qkimhl001md200k0004qg00it004f.gif\' /></p><p>11月27日下午，“川渝将共同申办2032年夏季奥运会”登上热搜，引发广泛热议。</p><p>据新京报此前报道，四川省政府官网11月27日公开的文件中提到，根据成渝地区双城经济圈建设国家战略的部署，下一步川渝两地将共同申办奥运会，着力打造具有成渝独特印记和文化特色的奥运会。此前，成都市体育局发布的文件中曾提出，成都将积极探索申办2032年夏季奥运会的可行性。</p><p>当天，四川省体育局新闻发言人在接受媒体采访时表示，川渝联合申办奥运会属于工作规划和远景目标，目前四川正在与重庆积极对接、沟通、谋划中。但重庆市体育局宣传处工作人员则表示，这是“四川单方面发布，双方没谈过这个事”。</p><p>川渝两地将联合申办2032年奥运会？四川重庆都回应了。/我们视频</p><p>目前来看，“川渝联合申办2032年奥运会”情况到底如何暂不清楚。但这个话题已经在社交媒体上引发广泛讨论，有网友对此表示支持，“希望申办成功”，“36岁的志愿者还需要么”。还有的网友调侃称，“会被热死吧”，但“火锅管够”。</p><p>事实上，虽然距离2032年还有12年的时间，但川渝若真要联合申办，留给他们准备的时间并不太多。据美国全国广播公司报道，国际奥委会一般会在7年前决定奥运主办国，这也就意味着很可能会在2025年最终决定2032年的奥运会主办权。</p><p>即将到来的三届奥运会中，2020年奥运会花落日本东京，2024年奥运会将在法国巴黎举办，2028年奥运会落地美国洛杉矶。</p><p><img src=\'https://nimg.ws.126.net/?url=http%3A%2F%2Fdingyue.ws.126.net%2F2020%2F1129%2F9eda3880j00qkimhl003fd200u000jyg00it00ci.jpg&amp;thumbnail=650x2147483647&amp;quality=80&amp;type=jpg\' /></p><p>北京2008年奥运会开幕式。/国际奥委会官网</p><p>2032年奥运会主办权到底花落谁家？“外事儿”首先带你了解下川渝若真的联合申办，可能会面临哪些竞争对手。</p><p>今年7月，中东国家卡塔尔宣布将由首都多哈申办2032年奥运会和残奥会。如果申办成功，卡塔尔将成为第一个举办奥林匹克运动会的阿拉伯国家。</p><p>卡塔尔此前已经举办过亚足联亚洲杯、亚运会等国际赛事，并将于2022年举办FIFA世界杯。目前，卡塔尔还在申办2027年亚洲杯、2030年亚运会等赛事的主办权。</p><p>2019年2月，印度尼西亚奥委会就宣布，在成功举办2018年亚运会后，印尼将正式申办2032年奥运会。印尼总统佐科和印尼国家奥委会申办2032年奥运会的信件已经递交给了国际奥委会主席。</p><p>2020年11月，佐科已经要求他的内阁为申办2032年奥运会准备好一条路线图。若是印尼申办成功，这将是东南亚国家首次举行奥运会。</p><p>印度自2018年开始就多次表达出由孟买申办2032年奥运会的意愿，但几次都遭到国际奥委会婉拒，称印度并未做好举办奥运会的准备。</p><p>2020年2月，国际奥委会成员约翰·柯蒂斯称，印度已放弃申办2032年奥运会，将集中精力申办2026年青奥会。但印度奥委会主席巴特拉称这是误解，印度将继续寻求申办2032年奥运会。</p><p>德国莱茵-鲁尔城市群2019年曾表示，有意申办2032年奥运会。德国方面提出，计划在13个城市举行赛事，其中90%的场地都已具备举办赛事的能力。</p><p>西班牙方面2019年透露，首都马德里将申办2032年奥运会。西班牙1992年曾在巴塞罗那举办奥运会，但首都马德里几次申奥皆以失败告终。</p><p>2019年12月，澳大利亚昆士兰州宣布将正式申办2032年奥运会。但今年5月，受新冠疫情影响，昆士兰州政府暂停申办2032年奥运会，但其80%的场馆已经建成。澳大利亚2000年在悉尼举办了奥运会。</p><p>2018年9月，朝鲜和韩国方面表示，将联合申办2032年奥运会。国际奥委会主席巴赫当时表示，对此“非常欢迎”。2019年2月，朝韩双方正式提出希望联合申办2032年奥运会。</p><p>今年6月，土耳其奥委会表示，伊斯坦布尔有意申办2032年奥运会。这是伊斯坦布尔第六次申办奥运会，此前五次全部失利。</p><p><img src=\'https://nimg.ws.126.net/?url=http%3A%2F%2Fdingyue.ws.126.net%2F2020%2F1129%2F39322485j00qkimhl002gd200ey00tgg00ey00tg.jpg&amp;thumbnail=650x2147483647&amp;quality=80&amp;type=jpg\' /></p>', '网易新闻', 'https://dy.163.com/article/FSIK5I6C0530M4PQ.html', '2020-11-29 01:54:00', 'http://dingyue.ws.126.net/2020/1129/ca156401g00qkimhl001md200k0004qg00it004f.gif', 'https://nimg.ws.126.net/?url=http%3A%2F%2Fdingyue.ws.126.net%2F2020%2F1129%2F9eda3880j00qkimhl003fd200u000jyg00it00ci.jpg&thumbnail=650x2147483647&quality=80&type=jpg', 'https://nimg.ws.126.net/?url=http%3A%2F%2Fdingyue.ws.126.net%2F2020%2F1129%2F39322485j00qkimhl002gd200ey00tgg00ey00tg.jpg&thumbnail=650x2147483647&quality=80&type=jpg', '国际奥委会,国家,主席,方面,主办权', 0, 0, 0, 1606586040000, 1, 8, 1606644123999, 1606644123999);
INSERT INTO `news` VALUES (15773, '304be7fcf1c5fd45f6bb7dfebac11225', '有辱家门：林则徐后裔林东涉嫌严重违纪违法被查', '原标题：有辱家门：林则徐后裔林东涉嫌严重违纪违法被查中央纪委国家监委网站11月28日下午发布援引自海南省纪委监委消息：海南省交通运输厅原党组书记、厅长林东涉嫌严重违纪违法，目前正接受海南省纪委监委纪律审查和监察调查。公开简历显示，林东，男，汉族，1960年2月出生，海南海口人，1...', '<p>原标题：有辱家门：林则徐后裔林东涉嫌严重违纪违法被查</p><p><img src=\'https://img3.utuku.imgcdc.com/650x0/news/20201129/c11deb28-8c94-4b37-8b36-c73856461b40.png\' /></p><p>中央纪委国家监委网站11月28日下午发布援引自海南省纪委监委消息：海南省交通运输厅原党组书记、厅长林东涉嫌严重违纪违法，目前正接受海南省纪委监委纪律审查和监察调查。</p><p>公开简历显示，林东，男，汉族，1960年2月出生，海南海口人，1991年5月加入中国共产党，1982年7月参加工作，在职研究生学历，高级审计师。林东长期在海南任职，曾任海南省三亚市委常委、组织部部长，三亚市委常委，市政府副市长，儋州市委副书记，市政府市长，昌江县委书记（正厅级），海南省交通运输厅党组书记、厅长，今年3月办理退休。</p><p>值得一提的是，根据人民网提供的简历显示，林东还是著名海军将领林遵之子，爱国将领林则徐后裔。出身爱国将门之后，却涉嫌严重违纪违法，林东结局令人唏嘘。</p><p>另外，海南省纪委监委还同时发布了“海南省交通运输厅原党组成员、副厅长刘保锋涉嫌严重违纪违法被查”的消息。正副厅长同时被官宣落马，海南省交通运输厅的反腐进程值得期待。</p>', '中华网', 'https://news.china.com/domestic/945/20201129/39017004.html', '2020-11-29 00:30:00', 'https://img3.utuku.imgcdc.com/650x0/news/20201129/c11deb28-8c94-4b37-8b36-c73856461b40.png', NULL, NULL, '林东,违纪,海南省交通运输厅,违法,海南省纪委', 0, 0, 0, 1606581000000, 1, 8, 1606644124343, 1606644124343);
INSERT INTO `news` VALUES (15774, '1d38124b3c7cc8530e289651696f8f9b', '7个被拿下的“政法毒瘤”，被通报的第一个问题都是这个', '政法系统的“害群之马”正密集被处理。11月28日，青海省纪委监委发布消息，青海省人民检察院原党组副书记、副检察长贾小刚被双开。政知君注意到，11月以来，各地被双开或开除党籍的“害群之马”至少有7人。他们被通报的第一个问题，是对抗或规避组织审查。24岁进京求学，后留在了最高检贾小刚...', '<p>政法系统的“害群之马”正密集被处理。</p><p>11月28日，青海省纪委监委发布消息，青海省人民检察院原党组副书记、副检察长贾小刚被双开。</p><p>政知君注意到，11月以来，各地被双开或开除党籍的“害群之马”至少有7人。他们被通报的第一个问题，是对抗或规避组织审查。</p><p>24岁进京求学，后留在了最高检</p><p>贾小刚，男，汉族，1967年1月生，今年53岁，河南安阳人，研究生学历，1987年10月参加工作，1992年12月加入中国共产党。</p><p><img src=\'https://nimg.ws.126.net/?url=http%3A%2F%2Fdingyue.ws.126.net%2F2020%2F1128%2F0f1ee54ej00qkidje001ld200u000l7g00it00da.jpg&amp;thumbnail=650x2147483647&amp;quality=80&amp;type=jpg\' /></p><p>1985年9月，18岁的贾小刚到河南大学法律专业学习，两年后到河南省安阳市行政干部学校任教。</p><p>1991年9月，24岁的贾小刚离开家乡进京求学，成为北京大学法律学系民事诉讼法专业硕士研究生，1994年7月毕业后留京，成为最高人民检察院民事行政检察厅正科级干部。</p><p>从那时起至2019年3月，贾小刚在最高检工作了25年，担任过民事行政检察厅副厅长，第六检察厅副厅长等。</p><p>2019年3月，贾小刚空降青海，成为青海省人民检察院党组副书记、副检察长(正厅级)，今年7月22日，贾小刚任上被查。</p><p>贾小刚被查的一个大背景是全国政法队伍教育整顿。</p><p>今年7月8日，中央政法委召开全国政法队伍教育整顿试点工作动员会。中央政法委秘书长、全国政法队伍教育整顿试点办公室主任陈一新在会上表示：</p><p>近些年来，政法系统清除害群之马的力度逐年加大，但形势依然严峻。扫黑除恶专项斗争开展以来，全国立案查处了一批涉黑涉恶腐败和充当“保护伞”的政法干警。</p><p>他说，“要彻底割除毒瘤，清除害群之马，确保政法队伍绝对忠诚、绝对纯洁、绝对可靠。”</p><p>在那次会议之后，政法系统内密集有人被查。</p><p>7个“政法毒瘤”都存在哪些问题？</p><p>政知君注意到，本月以来，包括贾小刚在内，各地被双开或开除党籍的“害群之马”至少有7人。伴随着通报的密集发布，这些害群之马的问题也渐次被公开。</p><p><img src=\'https://nimg.ws.126.net/?url=http%3A%2F%2Fcms-bucket.ws.126.net%2F2020%2F1129%2Fd28faad5p00qkiqx4001yc000hf00lec.png&amp;thumbnail=650x2147483647&amp;quality=80&amp;type=jpg\' /></p><p>其一，这些“害群之马”，多人被指耍特权。</p><p>政知君注意到，在贾小刚的通报中，他的问题包括：</p><p>违规接受私营企业主礼品和提供的服务</p><p>在安置复转军人过程中，利用职权为他人谋取利益</p><p>搞权色交易，承诺和帮助他人承揽工程项目</p><p>此外，贾小刚还被指“贪图享乐，享受‘管家式’服务，生活腐化堕落，追求低级趣味”。</p><p>像贾小刚这样，耍特权的还有内蒙古自治区鄂尔多斯市中院原院长张民和山东警察学院原党委书记张春义。</p><p>张民被指“在分配、购买住房中侵害国家、集体利益，特权思想严重，在生活保障方面谋取特殊待遇，挥霍浪费公共财产”。</p><p>张春义则被指“长期无偿使用管理和服务对象的车辆，生活待遇上大搞特权，大肆收受礼品礼金”。</p><p>其二，上述7人的通报中，第一个问题都是对抗或规避组织审查。</p><p>比如，合肥市中级人民法院原党组书记、院长许建曾伪造销毁证据，与他人串供，对抗组织审查；武汉市公安局原党委副书记、常务副局长刘菊生甚至“与多人串供堵口，转移、隐匿赃款赃物，对抗组织审查”。</p><p>今天被双开的贾小刚，也被指“以他人名义收受钱款，掩盖违法事实，规避组织审查调查”。</p><p>政知君注意到，上述7人中，多人还有“权色交易”问题。</p><p>贾小刚被指违反规定从事营利活动，搞权色交易，承诺和帮助他人承揽工程项目；山东警察学院原党委书记张春义被指“道德失守，搞权色交易”；吉林省高级人民法院原党组成员、副院长吕洪民被指“搞权色交易”。</p><p>内蒙古自治区鄂尔多斯市中院原院长张民则被指“生活糜烂，与多人发生不正当性关系”。</p>', '网易新闻', 'https://dy.163.com/article/FSI55I64051482MP.html', '2020-11-28 21:30:00', 'https://nimg.ws.126.net/?url=http%3A%2F%2Fdingyue.ws.126.net%2F2020%2F1128%2F0f1ee54ej00qkidje001ld200u000l7g00it00da.jpg&thumbnail=650x2147483647&quality=80&type=jpg', 'https://nimg.ws.126.net/?url=http%3A%2F%2Fcms-bucket.ws.126.net%2F2020%2F1129%2Fd28faad5p00qkiqx4001yc000hf00lec.png&thumbnail=650x2147483647&quality=80&type=jpg', NULL, '贾小刚,问题,交易', 0, 0, 0, 1606570200000, 1, 8, 1606644124535, 1606644124535);
INSERT INTO `news` VALUES (15775, 'ae63384ef71346e86411011bdb2aed35', '新疆用实景图片“打脸”澳大利亚反华智库', '原标题：新疆用实景图片“打脸”澳大利亚反华智库日前，以澳大利亚战略政策研究所为首的西方反华智库及媒体炮制一份所谓“记录新疆居留制度”的报告，称根据“卫星地图推断，新疆近年新增很多‘拘押设施’”。27日，新疆维吾尔自治区召开新闻发布会，用实景图片证明这些报告中所称的“拘留中心”实际...', '<p>原标题：新疆用实景图片“打脸”澳大利亚反华智库</p><p>日前，以澳大利亚战略政策研究所（ASPI）为首的西方反华智库及媒体炮制一份所谓“记录新疆居留制度”的报告，称根据“卫星地图推断，新疆近年新增很多‘拘押设施’”。</p><p>27日，新疆维吾尔自治区召开新闻发布会，用实景图片证明这些报告中所称的“拘留中心”实际上均为敬老院、学校等民事机构。</p><p>日前，澳大利亚战略政策研究所（ASPI）一份耸人听闻的虚假涉疆报告声称研究人员找到了新疆约380个疑似“集中营”的地方，且根据最新的“卫星图像”显示，中国仍在扩建“集中营”。ASPI长期坚持反华立场，经常就新疆等问题编造不实报道抹黑、诋毁中国，在这篇报告的最后，ASPI公开承认获得美国国务院资助。然而，有网民用百度、谷歌地图对比报告中的地图坐标发现，多处所谓“集中营”的地方，实为当地退伍军人事务局、工商信息化局、以及各地中小学。</p><p>27日，新疆维吾尔自治区举办的涉疆问题新闻发布会上，有外媒记者再次问到这一话题：“一些西方智库通过研究卫星图像等方式作出推断，新疆最近一段时间以来仍建造了大量类似‘拘押设施’的建筑物，疑似被用作‘强制劳动’场所。如果像政府官员表示的，所有‘教培中心’的学员都已结业，这些建筑设施的用途究竟是什么呢？”对此，新疆维吾尔自治区人民政府新闻办发言人伊力江·阿那依提结合实景图片予以正面回应。</p><p>“西方有关智库利用所谓‘卫星图像’研究新疆，并作出各种耸人听闻的‘推断’，这完全是故弄玄虚、混淆视听的伎俩。”伊力江·阿那依提举例，澳大利亚战略政策研究所在其发布的所谓“记录新疆的拘留制度”报告中，荒谬地将新疆拥有外墙的建筑都视为“拘留中心”，其实这些所谓“拘留中心”都是民事机构，“‘报告’中所称吐鲁番市‘拘留中心’，实际上是当地行政机关的办公大楼；所称喀什地区‘拘留中心’，实际上是当地敬老院、物流园、学校等，这些在谷歌、百度地图中均有标注。”</p>', '中华网', 'https://news.china.com/domestic/945/20201128/39016051.html', '2020-11-28 15:19:00', NULL, NULL, NULL, '新疆,报告,卫星,澳大利亚战略政策研究所,图片', 0, 0, 0, 1606547940000, 1, 8, 1606644124688, 1606644124688);
INSERT INTO `news` VALUES (15776, 'aa80047379f8562b27d0488d47ad1d9b', '外媒：鲁哈尼称杀害核科学家不会减缓伊朗的核进程', '【环球网快讯】据土耳其广播电视协会刚刚消息，伊朗总统鲁哈尼指责以色列暗杀伊朗首席核科学家穆赫森・法赫里扎德。他还表示，伊朗首席核科学家被暗杀一事显示出“敌人的绝望程度”，杀害他不会减缓伊朗的核进程。鲁哈尼讲话称，伊朗首席核科学家被暗杀一事显示出“敌人的绝望程度”。鲁哈尼还表示，这...', '<p>【环球网快讯】据土耳其广播电视协会（TRT）刚刚消息，伊朗总统鲁哈尼指责以色列暗杀伊朗首席核科学家穆赫森・法赫里扎德。他还表示，伊朗首席核科学家被暗杀一事显示出“敌人的绝望程度”，杀害他不会减缓伊朗的核进程。</p><p><img src=\'http://news.youth.cn/js/202011/W020201128505929098736.png\' /></p><p>鲁哈尼讲话称，伊朗首席核科学家被暗杀一事显示出“敌人的绝望程度”。</p><p><img src=\'http://news.youth.cn/js/202011/W020201128505929188036.png\' /></p><p>鲁哈尼还表示，这种卑鄙的恐怖主义行为激发了伊朗的更大决心。法赫里扎德的牺牲将不会动摇科学家追求科学发展的意志。</p><p>据伊朗伊斯兰共和国通讯社27日报道，59岁的伊朗国防部研究和创新机构负责人、首席核科学家穆赫森・法赫里扎德当天下午在首都德黑兰附近的一个城镇被暗杀。伊朗塔斯尼姆通讯社援引伊朗国防部的声明称，法赫里扎德的汽车遭到不明恐怖分子的自杀式爆炸袭击，并遭到开枪射击，法赫里扎德在被送到医院后不治身亡。目前没有组织或个人宣布对袭击负责。伊朗国营全球卫星电视台阿拉伯语频道指控以色列情报特务局“摩萨德”谋杀了这位科学家。伊朗革命卫队指挥官当天发推特称，伊朗将会对核科学家被害发起报复行动。</p>', '环球网', 'http://news.youth.cn/js/202011/t20201128_12595854.htm', '2020-11-28 14:03:00', 'http://news.youth.cn/js/202011/W020201128505929098736.png', 'http://news.youth.cn/js/202011/W020201128505929188036.png', NULL, '伊朗,法赫里扎德,首席,科学家', 0, 0, 0, 1606543380000, 1, 8, 1606644124833, 1606644124833);
INSERT INTO `news` VALUES (15777, 'fa2c9bca73cf1068a06d81adb990cd4f', '人民日报：马保国闹剧，该立刻收场了', '以“浑元形意太极拳掌门人” 自诩的马保国，如今知名度蹿升。他今年5月在观众面前30秒内被击倒3次，他“武术”的“造诣”按说也都摆在眼前了，但最近他失败后的雷人雷语却被热转，俨然要成为顶流“网红”。从霸榜一些平台鬼畜区，到参加商业演出，再到接拍所谓励志电影，马保国已包装出相当的商业...', '<p>以“浑元形意太极拳掌门人” 自诩的马保国，如今知名度蹿升。他今年5月在观众面前30秒内被击倒3次，他“武术”的“造诣”按说也都摆在眼前了，但最近他失败后的雷人雷语却被热转，俨然要成为顶流“网红”。</p><p>从霸榜一些平台鬼畜区，到参加商业演出，再到接拍所谓励志电影，马保国已包装出相当的商业价值。从他所谓的招数屡屡成为热梗，到马氏语言在网络热转，有人说这已然是“马保国现象”了。如果就是自己特立独行表演，谁也没必要特意关注，然而当其成为一种“现象”，而且频繁出现在公众视野，那就有必要审视一下这种现象背后到底是什么？</p><p>马保国的一些言行，实际上就是哗众取宠、招摇撞骗，说到底是一场闹剧。口口声声弘扬传统武术，实际上做的都是伤害传统武术的事。斥责年轻人不讲武德，他本身却毫无正大光明、谨言慎行、尊崇敬畏传统的武德。</p><p>对围绕马保国所发生的一系列闹剧，不是一笑了之那么简单。</p><p>如果靠哗众取宠就可以风生水起，靠招摇撞骗就能拓展商业版图，这是什么样的价值取向？马保国背后的人到底想干什么？明眼人都清楚，无非就是商业利益。推波助澜、炒作放大马保国的一些互联网平台为什么？无非是流量至上，背后还是利益。然而，无论平台还是资本，蹭热点、找卖点的前提，都是遵循公序良俗，是正确的价值观，否则就会沦为浅薄而拙劣的商业游戏。</p><p><img src=\'http://news.youth.cn/jsxw/202011/./W020201128498547642030.png\' /></p><p>人人都有习武的权利，也可以表达自己的观点和想法，可是如果背离武术精神，没完没了在公开场合信口开河，特别是编造经历，这就与江湖骗子无异。而这样的人受追捧，值得我们深思。不少人谈及马保国是揶揄和调侃，说他在舆论场中扮演被群嘲的角色，似乎觉得没什么大不了的。其实这还真不是什么“无伤大雅”，放任“审丑”成为流行，让招摇撞骗大行其道，这本身就是对社会风气的伤害，特别对于尚缺乏判断力的未成年人，这是对价值体系的毒化。</p><p>这场以马保国为主题的闹剧，该收场了。真讲武德，马保国就应该从闹剧中抽身而退。对他背后的人来说，尽早收手更是明智选择，否则必定血本无归。而对那些热衷流量、推波助澜的互联网平台，如果还有起码的社会责任感，就应马上停止再为这种“丑行”“闹剧”提供传播渠道。同时，我们也呼吁有关部门，对互联网平台落实社会责任情况加强监管。社会各界共同呵护核心价值观，守住底线，别让闹剧再闹下去。</p>', '人民日报客户端', 'http://news.youth.cn/jsxw/202011/t20201128_12595848.htm', '2020-11-28 13:50:00', 'http://news.youth.cn/jsxw/202011/./W020201128498547642030.png', NULL, NULL, '马保国,闹剧,平台,商业', 0, 0, 0, 1606542600000, 1, 8, 1606644124991, 1606644124991);
INSERT INTO `news` VALUES (15778, 'b7b0ff73e8d2926227362c4404f2de08', '新时代板凳精神！OPPO 2022年将再招聘2000多位科研人才', '2022年5月5日，中国，深圳——在今年五四青年节，OPPO发布品牌宣传片《板凳》，讲述新时代板凳精神，并启动2022年校园和社会招聘计划，OPPO技术研发岗位将再招聘超过2000人，为科研青年提供就业机会和职业发展空间。其中先行研究组织OPPO研究院将预计招聘300人。坚持科研...', '<p>2022年5月5日，中国，深圳——在今年五四青年节，OPPO发布品牌宣传片《板凳》，讲述新时代板凳精神，并启动2022年校园和社会招聘计划，OPPO技术研发岗位将再招聘超过2000人，为科研青年提供就业机会和职业发展空间。其中先行研究组织OPPO研究院将预计招聘300人。</p><p><img src=\'https://upload.cfan.com.cn/2022/0505/1651721164543.png\' /></p><p>坚持科研长期主义，OPPO提出新时代板凳精神</p><p>作为一家面向全球的科技企业，在坚持科研长期主义的道路上，OPPO向社会和所有科研工作者提出了自己理解的「新时代的板凳精神」——那些普普通通的板凳上，坐着一群对科技有热爱有信仰，活泼、有趣的年轻科技工作者。他们坚信长期主义，敢于挑战科技无人区，向着更远的未来，微笑前行。</p><p><img src=\'https://upload.cfan.com.cn/2022/0505/1651721179315.jpg\' /></p><p>今年是OPPO成立的十八周年，一路以来，在长期主义研发理念引导下，OPPO攻克了许多技术难题，涌现了一批创新成果：比如第一颗自研芯片马里亚纳® MariSilicon X，打了3年硬仗，实现了芯片流片到量产、商用的关键三步。VOOC闪充历经11年研发，改变了2亿多人的充电习惯。第一款折叠屏手机OPPO Find N，潜心研发4年，一毫米、一微米地改进尺寸、折痕等问题，推动折叠屏手机从尝鲜到常用。</p><p>但OPPO也提出，很多技术的新问题，归根结底都是一个老问题，即如何通过科技创新，让身边的人、更多的人，多一些幸福的微笑。OPPO期待更多的科技创新同行者参与进来，让改变发生。</p><p>寻找科技创新同行者，助力科研青年技术突破</p><p>在2022年校园和社会招聘计划中，OPPO计划再招聘技术研发岗位超过2000人，核心招聘领域涉及硬件研发、软件研发、底层技术研发（含芯片研发）、多媒体软件研发、计算机视觉、语音语义、数字孪生、大数据、云计算、AI工程化等。 </p><p><img src=\'https://upload.cfan.com.cn/2022/0505/1651721187188.jpg\' /></p><p>当前，OPPO已经构建了以“工程技术组织+先行研究组织+基础技术组织”三位一体的全球化研发体系，拥有上万名研发工程师和专家，致力于“夯实研发基础，打造工程师乐园”。</p><p>其中，成立于2018年的OPPO研究院是科研的“特战部队”，其专注于未来3-5年的科学技术，鼓励科研人员追求长期技术领先。目前，OPPO研究院共有780+人，研究生及以上学历占比56%，博士及博士后138人，专家89人，首席科学家6人。在闪充、5G、语音语义、电致变色材料应用等技术领域，OPPO研究院均处于世界第一梯队，持续引领行业技术趋势。OPPO Air Glass眼镜、OPPO X 2021卷轴屏概念机、OPPO 240W SuperVOOC超级闪充等具备行业颠覆创新的产品均出自OPPO研究院工程师之手。</p><p><img src=\'https://upload.cfan.com.cn/2022/0505/1651721195404.jpg\' /></p><p>OPPO也持续通过产学研模式赋能科研青年，让技术走出实验室。从2018年开始，OPPO已与清华、浙大、阜外医院等16所中国顶尖高校、科研机构成立联合创新中心，合作320余个科研项目，同时还与74家全球科研单位及学术组织结成了战略合作伙伴关系。目前已经成功实现千人千屏色彩视觉增强、ColorOS隐藏摄像头检测、冰敷散热保护壳等多项技术产业化运用。</p><p>OPPO期待更多新时代科研青年的加入，心向未来，微笑前行。</p>', '电脑爱好者(cfan)', 'https://www.cfan.com.cn/2022/0505/136473.shtml', '2022-05-05 11:26:00', 'https://upload.cfan.com.cn/2022/0505/1651721164543.png', 'https://upload.cfan.com.cn/2022/0505/1651721179315.jpg', 'https://upload.cfan.com.cn/2022/0505/1651721187188.jpg', NULL, 1, 0, 0, 1651721160000, 1, 3, 1651756119207, 1651756119207);
INSERT INTO `news` VALUES (15779, '5d7dcdcf6500776c70de28141bdc5f00', '电影五一档票房近3亿元 好于预期', '中新社北京5月5日电 (记者 高凯)据灯塔专业版数据，截至5月4日21时30分，2022五一档(4月30日至5月4日)中国内地院线总票房(含预售)为2.95亿元(人民币，下同)。档期票房前三影片分别为：《我是真的讨厌异地恋》(8749.9万元)，《坏蛋联盟》(7111.8万元)，...', '<p>中新社北京5月5日电 (记者 高凯)据灯塔专业版数据，截至5月4日21时30分，2022五一档(4月30日至5月4日)中国内地院线总票房(含预售)为2.95亿元(人民币，下同)。</p><p>档期票房前三影片分别为：《我是真的讨厌异地恋》(8749.9万元)，《坏蛋联盟》(7111.8万元)，《神奇动物：邓布利多之谜》(3287.4万元)。</p><p>受疫情影响，中国内地电影市场经历持续低迷，“五一”假期院线再度遭遇多部重磅影片撤档，加上北京、上海等地影院暂停营业，据统计，全国影院营业率不足七成。此种情况下，档期最终的近3亿元票房，被认为好于预期。</p><p>今年五一档上映的新片仅有《我是真的讨厌异地恋》《坏蛋联盟》和《出拳吧，妈妈》三部，与2021年同档期上映新片多达13部不可同日而语。</p><p>口碑方面，《坏蛋联盟》在淘票票平台的评分是8.8分，在三部影片中评分最高，灯塔研究院行业分析师张荣棣表示，“搞笑”“层出不穷的意外”是用户对这部影片评价较高的主要原因；《我是真的讨厌异地恋》在淘票票平台评分7.8分，相较过去同档期同类型的爱情片，与《你的婚礼》(2021年五一档)和《后来的我们》(2018年五一档)评分持平。</p><p>根据灯塔专业版显示，今年五一档票房表现前三名的城市是深圳、成都和重庆，受疫情影响，一线城市中最大的两个票仓北京和上海均未上榜。张荣棣指出，珠三角和川渝地区二线城市成为票房主力，这与一个月前的清明档有着较大区别，彼时票房前三城市是北京、广州和成都。城市票房水平除了与当地一直以来的票房大盘有关以外，目前疫情是最大的影响因素。北京与上海影院几乎全部关停，暂无票房产出。(完)</p>', '中国新闻网', 'https://www.chinanews.com.cn/yl/2022/05-05/9746960.shtml', '2022-05-05 16:25:07', NULL, NULL, NULL, NULL, 0, 0, 0, 1651739107000, 1, 7, 1651759681094, 1651759681094);
INSERT INTO `news` VALUES (15780, '1a63a0df25555b817dde3320bac1b309', '《一起露营吧》：章若楠化身预言家？', '5月5日，由爱奇艺出品，鱼子酱、江苏卫视联合出品，爱奇艺安可工作室共同制作的户外潮流露营真人秀《一起露营吧》如约与观众相见。本期节目中，露营家族陈伟霆、黄雅莉、王子异、杨迪、章若楠和飞行嘉宾烧饼将在营地度过首个夜晚，合宿中发生的趣事也是本期节目的看点之一。陈伟霆“语出惊人”，王子...', '<p>5月5日，由爱奇艺出品，鱼子酱、江苏卫视联合出品，爱奇艺安可工作室共同制作的户外潮流露营真人秀《一起露营吧》如约与观众相见。本期节目中，露营家族陈伟霆、黄雅莉、王子异、杨迪、章若楠和飞行嘉宾烧饼将在营地度过首个夜晚，合宿中发生的趣事也是本期节目的看点之一。</p><p>陈伟霆“语出惊人”，王子异杨迪大秀即兴说唱</p><p>夜聊环节中，王子异主动邀请大家玩起了押韵游戏，成员们需要在给到的音乐节奏中用说唱的方式表达此刻的心情，游戏不仅活跃了现场的气氛，还激发了嘉宾们的胜负欲，其中杨迪的表现颇为“亮眼”，面对王子异给到的韵脚，杨迪一边直呼“太难！”一边努力攒词，究竟杨迪的说唱实力如何？两人的合作又贡献了哪些笑点呢？</p><p>看完杨迪的表现，没有尝试过即兴说唱的陈伟霆坐不住了，可惜几次尝试下来效果不尽人意，于是陈伟霆整合了章若楠和黄雅莉给的建议，给即兴说唱加入了新的元素，短短三句唱词引得全场阵阵尖叫，究竟他说了什么令大家纷纷表示“有被秀到”？表演中又融合了什么巧思让人大呼“听不过瘾”？</p><p>守护天使游戏各出奇招，章若楠被夸“名侦探柯楠”</p><p>首站露营选择了守护天使游戏作为基础玩法，串联起一场兼具神秘感与互动感的奇妙旅程。嘉宾们在露营前分别抽取了各自在本次露营中需要守护的对象以及需要完成的任务，为了完成任务大家开始各出奇招，也引发了不少意外笑料。比如黄雅莉早起后故意拿错手机，在远离其他嘉宾的地方做了一套“诡异”又可爱的热身动作，究竟她的任务是什么呢？一下子将观众的好奇心拉满。</p><p>另一位被守护天使任务“支配”的嘉宾当属烧饼了，在陈伟霆的带领下，烧饼在营地现场做起了开合跳、跳绳等各种运动，即便知道这可能是天使任务要求，烧饼依旧努力帮别人完成，真诚的样子让陈伟霆都有些退却了，调侃道“别做了，我不想你以为我人不好”，究竟陈伟霆的任务与烧饼有什么关系？任务背后又有怎样的故事？</p><p>时间来到即将揭晓彼此守护对象之前，章若楠化身“预言家”，原来她从早上开始就默默观察大家的表现，并条条是道地分析全场嘉宾分别要完成什么任务，还把嘉宾间的合作关系和守护关系都一一点破，引得现场众人一阵惊讶，究竟章若楠推测的结果是否真如实际情况一致？更多精彩正片揭晓。</p><p>打开爱奇艺看《一起露营吧》，每周四12点VIP抢先看，次日12点转免。下一站旅行将去往海边露营，露营家族会迎来哪位新朋友？又会有什么样的挑战在等待着他们呢？让我们一起期待吧！</p>', '中国新闻网', 'https://www.chinanews.com.cn/yl/2022/05-05/9746826.shtml', '2022-05-05 14:07:28', NULL, NULL, NULL, NULL, 0, 0, 0, 1651730848000, 1, 7, 1651759681134, 1651759681134);
INSERT INTO `news` VALUES (15781, 'fa91305c77a23d816f3162742d8daafc', '谭松韵：“校园脸”早晚要接受社会的锤炼', '《请叫我总监》正在东方卫视热播，谭松韵扮演的女主角宁檬，一方面朝着投资人的梦想进军却在职场中遭遇重重排挤和打击，像极了初入职场年轻人的真实境遇；一方面她又情商智商超高，“表面小白兔背后大灰狼”，小小秘书却把霸道老板拿捏得死死的。宁檬这种又贴地又带感的人设格外讨喜，引发观众共鸣。主...', '<p>《请叫我总监》正在东方卫视热播，谭松韵扮演的女主角宁檬，一方面朝着投资人的梦想进军却在职场中遭遇重重排挤和打击，像极了初入职场年轻人的真实境遇；一方面她又情商智商超高，“表面小白兔背后大灰狼”，小小秘书却把霸道老板拿捏得死死的。宁檬这种又贴地又带感的人设格外讨喜，引发观众共鸣。</p><p>主演谭松韵凭借《最好的我们》走红，再加上眼神清纯略带婴儿肥的长相，一直被“封印”在校园剧这个类型中。被问到“校园脸”演绎职场剧如何让人信服时，导演姚婷婷表示选择谭松韵恰是因为“校园脸早晚要接受社会的锤炼”。今年32岁的谭松韵是如何通过“宁檬”展现其驾驭职场剧的能力？</p><p>为观众还原真实职场生活</p><p>电视剧《请叫我总监》讲述从小到大梦想成为投资人的宁檬阴差阳错成为总裁秘书，与能力极强、脾气火爆的上司陆既明斗智斗勇，最终携手逐梦，并肩发展事业的故事。</p><p>谭松韵表示，不同于一般的职场戏，她饰演的宁檬虽然只是个小秘书，但却相当独立，并且有着极高的情商，这让她有耳目一新之感。</p><p>谭松韵对宁檬这个角色很喜欢、很佩服，同时又心疼，“我相信有她这样女性的存在，人间清醒，又有大格局，人也很善良，但她也不愚善，关键是她聪明，口才好，怼人的尺度也刚刚好。我觉得这真的太棒了！”</p><p>谭松韵向记者透露，为演好宁檬这个角色，她在出演之前恶补大量金融专业知识。在拍戏的过程中，她经常向身边从事金融行业的朋友请教。</p><p>“宁檬这个角色最吸引我的地方，是她的敢作敢当。”谭松韵说，比如她为了实现当投资人的梦想，敢于放弃加薪；面对他人的刁难，她会勇敢还击。更重要的是，当得知错怪对方后，她会大方道歉。“宁檬这个角色的背后，折射的是千千万万职场人的日常。我希望通过自己的演绎，为观众还原真实的职场生活。”</p><p>林更新生活中是个喜剧人</p><p>在《请叫我总监》中，宁檬与陆既明这对“欢喜冤家”之间的互动，同样是该剧的一大看点。特别是剧集初期，陆既明对宁檬的各种刁难，更是让不少观众为宁檬打抱不平。</p><p>“虽然陆既明对我各种刁难，但我知道这是他为了留住我所使的各种手段。”谭松韵说，陆既明算是宁檬的人生导师，没有他的帮助，宁檬无法进入投资行业，进而实现梦想。“总的来说，宁檬对陆既明是相当感激的，为他们后面关系的转变埋下了伏笔。”</p><p>谭松韵还表示，虽然这是她和林更新首次搭档，但他们之前就是很好的朋友。“无论是在日常生活，还是在剧中，林更新都是一个自带喜感的人。正是这种天生的幽默感，让陆既明这个角色更加立体。”</p><p>谭松韵长着一张甜美可爱的娃娃脸，一直是荧幕上元气少女的最佳选择之一，演中学生依旧毫无违和感，同时，甜美外表可能会给她带去角色限制。对此，谭松韵表示，自己的经历和感悟，都是可以放到戏里角色身上的。当自己依然可以去诠释学生角色，并且让观众相信这个角色，她认为这是一件非常好的事情。关于角色转型，谭松韵表示，从来没有刻意地去想过转型，“其实转型这两个字，在我这儿没有这一说。可能什么时候出现一个什么样的角色，然后恰巧我又喜欢她，就演她了。没有想过要去演什么类型，又不演什么类型。”</p><p>文/本报记者 杨文杰</p>', '中国新闻网', 'https://www.chinanews.com.cn/yl/2022/05-05/9746550.shtml', '2022-05-05 09:19:15', NULL, NULL, NULL, NULL, 0, 0, 0, 1651713555000, 1, 7, 1651759681136, 1651759681136);
INSERT INTO `news` VALUES (15782, '6623b9caa8dab9deac6f51dbdfeeb800', '现实主义好剧频出 影视创作如何谱写劳动者之歌？', '影视创作谱写劳动者之歌歌颂劳动者，表现各行各业努力生活、辛勤工作的平凡而伟大的生命个体，一直是中国影视创作的题中要义。其中有聚焦行业群体的《青山不墨》《钢铁年代》《最美逆行者》，有表现社会转型期创业发展的《爱拼会赢》《大江大河》，有着墨于新兴行业的《在远方》《理想之城》。这些作品...', '<p>影视创作谱写劳动者之歌</p><p>歌颂劳动者，表现各行各业努力生活、辛勤工作的平凡而伟大的生命个体，一直是中国影视创作的题中要义。其中有聚焦行业群体的《青山不墨》《钢铁年代》《最美逆行者》，有表现社会转型期创业发展的《爱拼会赢》《大江大河》，有着墨于新兴行业的《在远方》《理想之城》。这些作品从时代的各个切面、行业的各个角落、人生的各个阶段，全景式地展现劳动者的生产生活，谱写了一部部追逐梦想、接续奋斗的劳动者之歌。</p><p>聚焦现实生活 回答时代之问</p><p>回答时代之问，是每一代劳动者在职业生涯中必须面对的问题，也是影视创作表现劳动者时的重要主题。在影视领域，回答时代问卷的最佳方式就是对千千万万劳动者的奋斗史和创业谱进行倾情讴歌和真挚礼赞。无论是在改革开放初期、市场经济转型时期、脱贫攻坚时期还是新时代，人们所处的社会环境、职业环境和生活环境，都伴随着时代的脚步或轰轰烈烈或悄无声息地发生着变化。环境的变化，也让劳动者不断地思考和改变自己的劳动方式和劳动特点，无论是体力劳动还是脑力劳动都深深地标记着时代的烙印。而影视创作者敏锐地捕捉到人与时代的关系，在时代对人的催促中，在人对时代的叩问中，明确主题、编织故事、塑造人物。</p><p>《青山不墨》讲述共和国诞生初期、改革开放时期和绿色转型时期，三代林业工人数十年接续奋斗的故事。他们在浩瀚的林海中，在厚重的黑土地上，战冰雪、斗灾荒，谱写了一曲“青山不墨千秋画，绿水无弦万古琴”的绿色之歌。《爱拼会赢》以“晋江精神”为着力点，以晋江式商情与闽南式亲情，讲述在改革开放浪潮席卷下闽南民营企业家艰苦奋斗、诚信经营的经商之道。电视剧《大江大河》聚焦改革开放时代大潮，全面审视改革开放之初的思想、体制、城乡和人性之争，复调式地展现多种所有制经济的深刻变化，聚焦时代潮流与个体命运的关系，用坚实的人物刻画和真挚的情感表达成就了一部颇具史诗质感的现实题材力作。《山海情》把知识改变命运、勤劳改变生活的观念深深地镌刻在宁夏西海固那曾经贫瘠的土地上。那些在土地里刨食的农民兄弟，不甘于命运的驱赶，在吊庄移民政策的帮扶下辛勤劳作，终于走上了小康之路。这些作品，让劳动者的生命轨迹与时代发展的步伐同频共振，以现实主义的生动笔触，以不负时代、不负韶华的艺术情怀，拍出了一代代劳动者的精神写照。</p><p>实现自我价值 成就出彩人生</p><p>实现自我价值，成就出彩人生是每一代劳动者都渴望实现的生命理想，也是影视作品在塑造人物时赋予角色的重要心理动机和人物弧光。好的影视作品在塑造劳动者时，总是能够把角色从事生产劳动、投身行业建设的主观意志和行为逻辑阐释清楚，让每一个朴素的生命个体都有实现人生价值的契机，让角色守望初心、努力奋斗的精神力量成为观众与角色的共情点，并由此产生价值认同。</p><p>《青山不墨》以全国劳动模范、林业英雄马永顺为故事原型。在那个物资相对匮乏的年代，人的精神力量却异常强大。剧中主人公马永祥，以不怕苦、不服输、有担当、有骨气的干劲拼劲，成为一代林业工人的学习榜样和精神偶像。《大江大河》里的雷东宝、宋运辉等人为了摆脱命运不公和生活困局，一个带领农民脱贫致富，一个学有所成投入国企改革，他们在时代步伐的感召下，在夜以继日的奋斗中，实现了人生价值，并成为各自领域的弄潮儿。《鸡毛飞上天》里流落街头的陈江河和骆玉珠，一个是孤儿，一个是流浪少年，他们在人生的最低谷时偶然相识，相似的人生际遇和共同的生活愿景让他们走到一起，秉承着义乌商人“鸡毛换糖”、诚信经营的理念，埋头苦干、努力打拼，最终成为颇具影响力的企业家。《在远方》里那个从基层快递员做起的姚远，在工作中发现物流行业潜在的巨大商机，在历经数番市场沉浮之后终成为行业翘楚。在这些角色身上，吃苦耐劳、善于学习、诚实守信成为共有的人物弧光，他们为人处世的优秀品质也正是他们成就出彩人生的成功之源，并持续地鼓舞着观众。</p><p>聚焦行业发展 赓续劳动之美</p><p>聚焦不同时期、不同行业、不同人群的职业特点，让“劳动最光荣”成为每一代劳动者的价值追求，是影视作品所肩负的社会责任。俗话说“干什么吆喝什么”，职业痕迹在特定人群身上总是留有隐约可见的影子。好的行业剧，创作者能够深入一线进行细微观察与宏观把握，从行业内部提取到历史样本，以专业化的视角表现特定时代语境下某些行业、某个群体的本质特征。行业剧要把属于某一行业独有的行业故事展现给观众，要把“工农商学兵”不同行业劳动者的行业特点融入人物造型、行为习惯和生活方式，让“劳动者是最美的人”成为作品的价值导向。不仅如此，行业剧要把不同行业群体的辛劳与焦虑、悲伤与欢乐、失败与成功融入故事当中，以充满敬畏和温暖的笔触赓续劳动之美。</p><p>《钢铁年代》聚焦新中国钢铁产业发展史，讲述新中国第一代钢铁工人建设鞍钢的故事。在那个热火朝天的年代，那火红的熔炉炼造的不仅仅是钢铁，也炼造了钢铁工人的生命意志和强大能量，铸就了“咱们工人有力量”的时代宣言。《春天里》中，从军队复原返乡的铁振国凭着一股不服输的韧劲和做人的良心，带领家乡一众怀揣梦想的年轻人来到北京，从泥瓦工人做起，开辟了建筑行业的一番天地。《老农民》生动记叙了几十年间农业、农村和农民翻天覆地的变化。主角牛大胆作为中国农民的典型代表，把韧劲、隐忍、吃苦耐劳、民间智慧和极强的求生欲都表现得淋漓尽致。《最美逆行者》的医护人员，在危难中坚守职业道德，凭借过硬的医疗技术和专注的敬业精神，一次次在生死瞬间挽救了患者的生命。《我们的新时代》关注基层青年党员用劳动创造美好生活的故事。他们中间有社区志愿者、技术工人、排爆手、乡村医生、大学生村官和民间救援队队员，他们用充满朝气、锐气和勇气的实际行动，宣示了新一代劳动者的勇毅担当。</p><p>中国今日之成就是各行各业劳动者接续奋斗的结果。把握住这一历史事实并以此为创作缘起，就知道影视创作要从一个个普通劳动者的生命愿景入手，从不同行业角度、多重时空背景、多种人物关系和多层次故事结构，全方位地展现新时代追梦者的风采，于平凡处见伟大，在劳动中显真情，传颂属于亿万劳动者的时代交响。</p><p>(作者：杨洪涛，系中国传媒大学戏剧影视学院教授、博士生导师，北京市习近平新时代中国特色社会主义思想研究中心特约研究员)</p>', '中国新闻网', 'https://www.chinanews.com.cn/yl/2022/05-04/9745975.shtml', '2022-05-04 14:01:11', NULL, NULL, NULL, NULL, 0, 0, 0, 1651644071000, 1, 7, 1651759681140, 1651759681140);
INSERT INTO `news` VALUES (15783, '230f31dbee8b97d43e315d0babfc47b2', '微电影《北庄青春》倾情上映 该村为《团结就是力量》诞生地', '微电影《北庄青春》剧照。河北省文旅厅供图微电影《北庄青春》剧照。河北省文旅厅供图石家庄5月4日电(李晓伟 张哲)5月4日，在中国共产主义青年团成立100周年之际，《北庄青春》微电影倾情上映。这是继《北庄家书》后，“幸福北庄”微电影四部曲上映的第二部。观众将跟随影片一起回到青春峥嵘...', '<p><img src=\'http://i2.chinanews.com.cn/simg/ypt/2022/220504/e3b69cd0-2a51-46aa-a28f-e5b00598d30a_zsite.jpg\' /></p><p>微电影《北庄青春》剧照。河北省文旅厅供图</p><p><img src=\'http://i2.chinanews.com.cn/simg/ypt/2022/220504/d54c862e-119c-4ee9-a966-532e77c30275_zsite.jpg\' /></p><p>微电影《北庄青春》剧照。河北省文旅厅供图</p><p>石家庄5月4日电(李晓伟 张哲)5月4日，在中国共产主义青年团成立100周年之际，《北庄青春》微电影倾情上映。这是继《北庄家书》后，“幸福北庄”微电影四部曲上映的第二部。观众将跟随影片一起回到青春峥嵘岁月。</p><p>《北庄青春》讲述了一个感人至深的故事：1945年，北庄孩子宝山的父母把年幼的宝山托付给邻居秀儿，毅然踏上打鬼子的道路。村里有35人参加平山团打鬼子去了，留下几个半大不大的孩子，由秀儿和几位老人共同照看，孩子们叫她“秀儿妈妈”。</p><p>河北省平山县西柏坡镇北庄村是歌曲《团结就是力量》的诞生地，反映出全体中国人民的抗战呼声。秀儿教孩子们唱《团结就是力量》，学文化。</p><p>在战火纷飞中，宝山年轻的父母为抗击日寇献出了宝贵的生命。秀儿也从青年迈进中年，宝山长大成人，有了孩子叫“前进”。1977年，国家恢复高考，宝山狂喜地奔跑在他熟悉的北庄田间地头，对着在田里干活的秀儿，大喊：“秀儿妈妈，我要考大学！”</p><p>秀儿流下欣慰的泪水，同时又担负起抚养宝山孩子前进的重任。直到有一天，离乡的宝山收到一封信，信中说：秀儿妈妈走了，前进安置好了，秀儿妈妈临走前嘱咐，不让回来，要安心教书，让孩子们个个有文化……面对来信，宝山已泣不成声。</p><p>岁月如梭，一代代北庄年轻人为了保家卫国、建设家园、脱贫攻坚、乡村振兴接力前行。宝山的孩子前进长大学成归来建设家乡，他坚信在党的带领下，在新的赶考路上，父老乡亲一定会更好团结起来，让日子过得越来越红火……</p><p>该片导演聂永接受采访时说，《北庄青春》从爷爷奶奶为国冲锋在前，秀儿妈妈为守护两代人奉献青春，孙子又把自己的青春根植在这片热土上，这是一种精神的传承，更是一种精神旅程。这种精神在人物细微的刻画和微妙的情感中融为一体，在回顾先辈热血青春的同时，展现出当代北庄青年，争做新时代有为青年的青春面貌，诠释了北庄精神永不能丢的深刻内涵。</p><p>据了解，《北庄青春》是“幸福北庄”四部曲的第二部。“幸福北庄”四部曲旨在打造以“冬-《北庄家书》”“春-《北庄青春》”“夏-《北庄爱情》”“秋-《北庄团圆》”为脉络的北庄村风貌人情，让北庄村“《团结就是力量》诞生地”品牌通过微电影传播四方。(完)</p>', '中国新闻网', 'https://www.chinanews.com.cn/yl/2022/05-04/9745934.shtml', '2022-05-04 13:47:20', 'http://i2.chinanews.com.cn/simg/ypt/2022/220504/e3b69cd0-2a51-46aa-a28f-e5b00598d30a_zsite.jpg', 'http://i2.chinanews.com.cn/simg/ypt/2022/220504/d54c862e-119c-4ee9-a966-532e77c30275_zsite.jpg', NULL, NULL, 0, 0, 0, 1651643240000, 1, 7, 1651759681145, 1651759681145);
INSERT INTO `news` VALUES (15784, 'd2d22f474fdc3ab7d2efe82c95d6e65f', '微电影《北庄青春》倾情上映', '微电影《北庄青春》剧照。河北省文旅厅供图微电影《北庄青春》剧照。河北省文旅厅供图微电影《北庄青春》倾情上映 该村为《团结就是力量》诞生地石家庄5月4日电(李晓伟 张哲)5月4日，在中国共产主义青年团成立100周年之际，《北庄青春》微电影倾情上映。这是继《北庄家书》后，“幸福北庄”...', '<p><img src=\'http://i2.chinanews.com.cn/simg/ypt/2022/220504/e3b69cd0-2a51-46aa-a28f-e5b00598d30a_zsite.jpg\' /></p><p>微电影《北庄青春》剧照。河北省文旅厅供图</p><p><img src=\'http://i2.chinanews.com.cn/simg/ypt/2022/220504/d54c862e-119c-4ee9-a966-532e77c30275_zsite.jpg\' /></p><p>微电影《北庄青春》剧照。河北省文旅厅供图</p><p>微电影《北庄青春》倾情上映 该村为《团结就是力量》诞生地</p><p>石家庄5月4日电(李晓伟 张哲)5月4日，在中国共产主义青年团成立100周年之际，《北庄青春》微电影倾情上映。这是继《北庄家书》后，“幸福北庄”微电影四部曲上映的第二部。观众将跟随影片一起回到青春峥嵘岁月。</p><p>《北庄青春》讲述了一个感人至深的故事：1945年，北庄孩子宝山的父母把年幼的宝山托付给邻居秀儿，毅然踏上打鬼子的道路。村里有35人参加平山团打鬼子去了，留下几个半大不大的孩子，由秀儿和几位老人共同照看，孩子们叫她“秀儿妈妈”。</p><p>河北省平山县西柏坡镇北庄村是歌曲《团结就是力量》的诞生地，反映出全体中国人民的抗战呼声。秀儿教孩子们唱《团结就是力量》，学文化。</p><p>在战火纷飞中，宝山年轻的父母为抗击日寇献出了宝贵的生命。秀儿也从青年迈进中年，宝山长大成人，有了孩子叫“前进”。1977年，国家恢复高考，宝山狂喜地奔跑在他熟悉的北庄田间地头，对着在田里干活的秀儿，大喊：“秀儿妈妈，我要考大学！”</p><p>秀儿流下欣慰的泪水，同时又担负起抚养宝山孩子前进的重任。直到有一天，离乡的宝山收到一封信，信中说：秀儿妈妈走了，前进安置好了，秀儿妈妈临走前嘱咐，不让回来，要安心教书，让孩子们个个有文化……面对来信，宝山已泣不成声。</p><p>岁月如梭，一代代北庄年轻人为了保家卫国、建设家园、脱贫攻坚、乡村振兴接力前行。宝山的孩子前进长大学成归来建设家乡，他坚信在党的带领下，在新的赶考路上，父老乡亲一定会更好团结起来，让日子过得越来越红火……</p><p>该片导演聂永接受采访时说，《北庄青春》从爷爷奶奶为国冲锋在前，秀儿妈妈为守护两代人奉献青春，孙子又把自己的青春根植在这片热土上，这是一种精神的传承，更是一种精神旅程。这种精神在人物细微的刻画和微妙的情感中融为一体，在回顾先辈热血青春的同时，展现出当代北庄青年，争做新时代有为青年的青春面貌，诠释了北庄精神永不能丢的深刻内涵。</p><p>据了解，《北庄青春》是“幸福北庄”四部曲的第二部。“幸福北庄”四部曲旨在打造以“冬-《北庄家书》”“春-《北庄青春》”“夏-《北庄爱情》”“秋-《北庄团圆》”为脉络的北庄村风貌人情，让北庄村“《团结就是力量》诞生地”品牌通过微电影传播四方。(完)</p>', '中国新闻网', 'https://www.chinanews.com.cn/yl/2022/05-04/9745934.shtml', '2022-05-04 13:47:20', 'http://i2.chinanews.com.cn/simg/ypt/2022/220504/e3b69cd0-2a51-46aa-a28f-e5b00598d30a_zsite.jpg', 'http://i2.chinanews.com.cn/simg/ypt/2022/220504/d54c862e-119c-4ee9-a966-532e77c30275_zsite.jpg', NULL, NULL, 0, 0, 0, 1651643240000, 1, 7, 1651759681148, 1651759681148);
INSERT INTO `news` VALUES (15785, '43b30593e691456caceab81e5588e873', '仰望时代星辰 展现向上生长的力量', '仰望时代星辰 展现向上生长的力量总台“在世界最高峰，向劳动者致敬”特别策划谱写奋斗者之歌群山之巅赏大美中国，珠峰之上望宇宙星辰。“五一”国际劳动节当天，中央广播电视总台影视剧纪录片中心在央视频、“CCTV纪录”“CCTV电视剧”等新媒体平台重磅推出“在世界最高峰，向劳动者致敬”特...', '<p>仰望时代星辰 展现向上生长的力量</p><p>总台“在世界最高峰，向劳动者致敬”特别策划谱写奋斗者之歌</p><p><img src=\'http://i2.chinanews.com.cn/simg/cmshd/2022/05/03/8447c775e7e94f1aa32c0fff7fd1df3a.jpg\' /></p><p>群山之巅赏大美中国，珠峰之上望宇宙星辰。</p><p>“五一”国际劳动节当天，中央广播电视总台影视剧纪录片中心在央视频、“CCTV纪录”“CCTV电视剧”等新媒体平台重磅推出“在世界最高峰，向劳动者致敬”特别策划，用“3小时慢直播+3小时移动直播”6小时不间断的融媒体直播，带领观众和网友在云间登珠峰、探科考、致梦想。</p><p>这场融媒体直播见人、见事、见精神。全方位展现了青藏科考的发展进程，直击此次“巅峰使命”2022珠峰科考最新进展，记录科研工作者及纪录片摄制组的工作状态，带领观众沉浸式感受地球之巅的生活，穿插讲述多位科研人员、登山队员、普通劳动者的奋斗故事，从不同侧面描摹他们的精神轮廓，立体化触摸珠穆朗玛的“心跳”。</p><p>见人：真诚致敬劳动者</p><p>生动描摹多行业奋斗人生</p><p>在珠穆朗玛，一群具有创造精神、奋斗精神、梦想精神的劳动者写下了属于他们的传奇。此次融媒体直播讲述的人物故事中，他们虽然有着迥然不同的工作生活轨迹和显著的个体差异，却都用脚踏实地的行动共同描绘出劳动者的奋斗图景。</p><p>在珠穆朗玛的巅峰之上，他们以坚韧不拔的意志、拼搏到底的勇气坚守岗位、践行使命，写下了一个个山与人的故事。这种感染力，让关注本场直播的观众于内心深处产生一种“看齐”的行动自觉，从而激起拼搏向上的共鸣。</p><p>见事：全方位记录青藏科考</p><p>与珠穆朗玛共同见证“巅峰使命”</p><p>沧海桑田，既是地质的伟力，也是时代的见证。</p><p>“巅峰使命”2022珠峰科考有来自5支科考分队的16个科考小组、共270余名科考队员参加。这是2017年青藏高原综合科学考察活动启动以来，学科覆盖面最广、参加科考队员最多、采用仪器设备最先进的综合性科考。</p><p>追赶日月，不苟于山川。本次科考还有哪些重要内容和重大意义？会创造哪些新的世界纪录？科考过程中，科研工作者将攻克怎样的难关，迎接怎样的挑战？本场融媒体直播通过主题访谈、视频回传、历史影像资料延伸等多种方式，一一进行了直观、生动的介绍与讲解。</p><p>除了青藏科考知识的硬核科普，直播中还带领观众全方位、沉浸式走进地球之巅的另类生活，直观展示并回答了珠峰大本营厨房如何做饭、科考队员吃什么、帐篷里如何生活、遇到高反怎么办等大家普遍关心、关注的问题。以全新的直播形式讲述正在同步拍摄的纪录片《青藏科考》，全方位记录科考的台前幕后，让观众与珠穆朗玛共同见证“巅峰使命”。</p><p>见精神：砥砺前行聚能量</p><p>谱写锐意进取的劳动者之歌</p><p>此次融媒体直播从具有较高关注度的青藏科考切入，深入挖掘并生动展现劳动精神、奋斗精神等中华民族最宝贵的精神品质，自然、真挚的讲述引发观众强烈情感共鸣。</p><p>在高寒之地进行科学考察，唯有不畏艰辛、钻研奋斗，才能不断前行。面对日新月异的科技发展，面对日趋激烈的国际竞争，科研工作者们传承青藏科考精神，迎难而上。他们以岗位为舞台，以创造为动力，用自己一生的勤奋阐释“劳动创造未来”的深刻涵义，在科考路上打下不朽的“觇标”，谱写出锐意进取的劳动者之歌。</p><p>“山河浩瀚，星河浪漫。脚步暂时抵达不了的地方，先让眼睛代替旅行。跟随主创团队沉浸式体验珠峰的极致风光以及生活，太震撼了！”</p><p>“演播室很漂亮，珠峰也很有魅力，但最吸引我的还是科研人员、攀登者、纪录片导演，他们让我过了一个别样的劳动节。”</p><p>观众、网友们真诚、朴素的留言正是“在世界最高峰，向劳动者致敬”特别策划意义与价值的生动体现。</p><p>在地球之巅聆听奋斗故事，见证“巅峰使命”，激扬奋进精神。“在世界最高峰，向劳动者致敬”特别策划层层递进，以最纯粹、最直接的方式，为“巅峰使命”2022珠峰科考及“五一”国际劳动节留下了值得纪念与珍存的影像记忆。</p>', '中国新闻网', 'https://www.chinanews.com.cn/yl/2022/05-03/9745713.shtml', '2022-05-03 11:40:58', 'http://i2.chinanews.com.cn/simg/cmshd/2022/05/03/8447c775e7e94f1aa32c0fff7fd1df3a.jpg', NULL, NULL, NULL, 0, 0, 0, 1651549258000, 1, 7, 1651759681153, 1651759681153);
INSERT INTO `news` VALUES (15786, '03ae32ab07996aee3421b74add177e3e', '几度起落 陈晓东人到中年简单从容', '沉寂多年的陈晓东，4月29日发表新歌《是真的》。近日，他接受了北京青年报记者的专访。当年一出道即获男歌手金奖，陈晓东被港媒封为“四大天王”最佳接班人。26岁登上央视春晚，代表作《比我幸福》传唱至今。40岁以后，陈晓东迫切想要重拾音乐的初衷。虽然人到中年依然还有很多困惑，但现在只想...', '<p>沉寂多年的陈晓东，4月29日发表新歌《是真的》。近日，他接受了北京青年报记者的专访。</p><p>当年一出道即获男歌手金奖，陈晓东被港媒封为“四大天王”最佳接班人。26岁登上央视春晚，代表作《比我幸福》传唱至今。40岁以后，陈晓东迫切想要重拾音乐的初衷。虽然人到中年依然还有很多困惑，但现在只想过简单从容的生活。</p><p>四年没有发表新歌，但歌手出身的陈晓东可以说无时无刻不在想着唱歌、唱好歌这件事，他也深知这需要缘分。</p><p>陈晓东回忆，第一次听到《是真的》这首歌那天，他正在露台洗鹅卵石，因为那时准备装修房子，一边洗一边想什么时候才能唱一首空灵一点的歌。“听到《是真的》，听着听着我整个人愣住了。”</p><p>另外一首《落日城池》是第一首标注下来但又还没决定的歌曲，“因为不确定受众能不能接受背诗般的中国风。”认真研究了歌词后，他发现这是一首描写相思之情的歌曲，觉得可以尝试。陈晓东想到加入他熟悉的一些民族器乐，比如琵琶、葫芦丝，还想加入京剧的唱段，于是致电李玉刚，希望他能来演唱京剧部分，但不巧李玉刚当时嗓子不舒服，推荐了大弟子霄磊，演唱了《牡丹亭》里的两句：“情不知所起，一往而深。”</p><p>值得一提的是，这首歌还加入了陈晓东两个孩子的声音，她们一起进录音棚朗诵了一段歌词，还收录了她们的笑声。</p><p>回望过去感慨“太年轻”</p><p>1995年加盟宝丽金唱片，一出道就获得新城劲爆颁奖礼新登场男歌手金奖，陈晓东可谓“初登场即称王”。2000年专辑《比我幸福》大获成功，获得第一届亚洲中文金曲颁奖礼全年最受欢迎年度专辑大奖。2001年，陈晓东参加了中央电视台春节联欢晚会。在顺遂的同时，陈晓东的人生也经历几次大起大落。</p><p>回想当年的经历，有过辉煌、遗憾，甚至不堪，陈晓东说只因那时的自己还年轻，“有些时段比较傻，有些时间表现得不好，有些事情解决得不够好。也有一些歌曲是自己录得不够满意。”</p><p>2003年陈晓东转战影视圈，主演古装奇幻剧《倩女幽魂》饰宁采臣大获成功，此后将主要精力放在了影视上。《倩女幽魂》播出以后，打开了他在内地的影视市场，此后片约不断。</p><p>2013年，陈晓东与林依晨合作拍摄了《兰陵王》饰演宇文邕。虽然只是男二号，但这个角色也是他迄今为止最为满意的一个，后来他凭借这个角色获得中国UGC传播大奖年度突破艺人。</p><p>近几年，陈晓东似乎有些沉寂，鲜有消息。在音乐上，上一次发表作品还是2018年。</p><p>他解释说，前两年在台湾、香港都举办过演唱会，演唱会过后继续拍戏，几部影视剧目前还没有播出，音乐方面则一直在筹备新歌。此次发表新歌，不能说是“复出”。他也不在意新作的销量或是口碑，只是单纯地想跟歌迷分享自己在音乐上的想法和心得。</p><p>2014年结婚后，陈晓东将更多的精力放在了家庭上，很多人以为他淡出了娱乐圈，但他强调只是重心放在影视上，少了很多音乐上的通告，所以让人觉得少了存在感。</p><p>2020年陈晓东参加综艺节目《追光吧！哥哥》，一开嗓就惊艳了在场的所有人，夺得全场最高票。那一次的亮相让他重回观众视线，但后来他自己总结，觉得那个综艺节目并不适合自己，“一整天唱跳，我只是上个综艺挑战一下自己而已。”</p><p>出道27年，陈晓东说自己最大的变化就是懂得忠于自己了，尤其是四十岁以后，迫切想要重拾音乐的初衷。虽然还会有困惑，但可以自我解答，“希望生活不复杂，越简单越好。”</p><p>文/本报记者 寿鹏寰</p>', '中国新闻网', 'https://www.chinanews.com.cn/yl/2022/05-03/9745368.shtml', '2022-05-03 08:26:32', NULL, NULL, NULL, NULL, 0, 0, 0, 1651537592000, 1, 7, 1651759681157, 1651759681157);
INSERT INTO `news` VALUES (15787, 'd329bbdc6a71a5888787c0b1acf89e73', '《山河月明》为历史剧创作打了个“样”', '历史剧《山河月明》日前落下帷幕，作为2022年的第一部历史题材剧，《山河月明》以其精良的制作、饱满的历史群像，以及当下荧屏少有的历史气韵吸引了不同年龄阶段的观众，显示出一部历史大剧的独有魅力，甚至在观众中带火了明朝历史的讨论热度。纵观全剧，《山河月明》主要聚焦朱元璋和朱棣两代帝王...', '<p>历史剧《山河月明》日前落下帷幕，作为2022年的第一部历史题材剧，《山河月明》以其精良的制作、饱满的历史群像，以及当下荧屏少有的历史气韵吸引了不同年龄阶段的观众，显示出一部历史大剧的独有魅力，甚至在观众中带火了明朝历史的讨论热度。</p><p>纵观全剧，《山河月明》主要聚焦朱元璋和朱棣两代帝王之间的故事，这两位君王均以正面塑造为主。帝王历史剧历来最受指摘之处是陷入对皇权的歌颂。虽然《山河月明》对朱元璋的正面塑造争议不小，但剧情大体上还是基于历史真实的合理想象，同时也对朱元璋的残暴一面给予了点到为止的揭示。赋予人物充分合理性的，还有陈宝国的表演，他塑造的朱元璋既有坦率真诚的一面，也有阴狠算计的一面，陈宝国演绎下的草根皇帝朱元璋粗中带细，把握住了人物身上的一体两面。</p><p>《山河月明》戏骨云集，作品的一个成功之处就在于它会聚了陈宝国、张丰毅、王姬、姚橹、王劲松、王庆祥、王辉、张光北、杜源等众多实力派演员，这群在荧屏上已不常见到的好演员，塑造了一个个生动传神的历史人物。剧中的朱元璋怕老婆，徐达怕闺女，亲情视角的切入与当下观众更为契合，也让人物更加真实可触。王姬饰演的马皇后戏份虽然不多，但让人观之难忘，她身上兼顾了皇后的端庄贤良与民女的泼辣干练。剧中就算是反面人物也有亮点，杜源饰演的胡惟庸是精明能干一路高升的宰相，也是被捕入狱依然保持清醒的大臣。</p><p>《山河月明》的高明之处在于不去过多臧否，只是用心刻画历史人物，让观众自己去寻找答案，由此让这个两代帝王的故事带给观众对封建皇权更多的反思，这也是作品的价值所在。</p><p>历史剧向来有一分材料说一分话，遵循“大事不虚，小事不拘”的创作原则，允许在一定范围内进行合理的想象和创作。《山河月明》努力为历史多添加一些戏剧性，让它尽量好看。比如，历史上朱元璋皇长孙朱雄英的死和马皇后的死都很仓促突然，记载很少，再加上马皇后死前不让人进殿的奇怪举动，编剧把这些“偶然”串起，就演绎成了《山河月明》中祖孙俩先后染疫亡故的剧情高潮桥段，在真实性与艺术性之间实现了平衡。</p><p>古装历史剧是创作难度最大的电视剧类型，近年来已逐渐退出荧屏主流，人物故事同质化、不合逻辑的编剧思维、肤浅的台词、尴尬的演技、粗陋的制作，让历史剧经历了由盛及衰。《山河月明》则跳出了种种窠臼，它通过恢弘的叙事风格、强大的演员阵容、严谨的创作态度，为当下的历史剧创作拓宽了表达空间，也无疑会带动历史题材影视作品创作再度升温回潮。</p>', '中国新闻网', 'https://www.chinanews.com.cn/yl/2022/05-02/9745077.shtml', '2022-05-02 16:25:44', NULL, NULL, NULL, NULL, 0, 0, 0, 1651479944000, 1, 7, 1651759681162, 1651759681162);
INSERT INTO `news` VALUES (15788, '9d6826d7e9d46c36afdc8138d2642ec9', '声在中国《诗·歌》丨“声”生不息 “音”为有你', '春蚕到死丝方尽，蜡炬成灰泪始干。诉说教师传道授业的无私奉献。愿得此身长报国，何须生入玉门关。道出战士保家卫国的英勇无畏。花随玉指添春色，鸟逐金针长羽毛。描摹工匠精雕细琢的匠心锤炼。悬壶物外乾坤小，种杏云中雨露均。叙述医者白衣执甲的济世大爱。“声”生不息，“音”为有你。在“五一”这...', '<p>春蚕到死丝方尽，蜡炬成灰泪始干。</p><p>诉说教师传道授业的无私奉献。</p><p>愿得此身长报国，何须生入玉门关。</p><p>道出战士保家卫国的英勇无畏。</p><p>花随玉指添春色，鸟逐金针长羽毛。</p><p>描摹工匠精雕细琢的匠心锤炼。</p><p>悬壶物外乾坤小，种杏云中雨露均。</p><p>叙述医者白衣执甲的济世大爱。</p><p>“声”生不息，“音”为有你。</p><p>在“五一”这个特殊的日子里，</p><p>以诗为歌，致敬每一位奋斗中的你。</p><p><img src=\'http://www.chinanews.com/cr/2022/0501/1161177310.jpg\' /></p>', '中国新闻网', 'https://www.chinanews.com.cn/yl/2022/05-01/9744097.shtml', '2022-05-01 08:45:29', 'http://www.chinanews.com/cr/2022/0501/1161177310.jpg', NULL, NULL, NULL, 0, 0, 0, 1651365929000, 1, 7, 1651759681176, 1651759681176);
INSERT INTO `news` VALUES (15789, 'ba40ba0a3463f8171efa4a3933e4319b', '福建京剧院复排武戏《伐子都》线上直播首演  传承经典', '福州4月30日电 (记者 刘可耕)由福建京剧院复排的经典传承武戏《伐子都》，29日晚在福州通过官方抖音号进行线上直播首演。京剧《伐子都》的故事出自《左传·隐公十一年郑伯伐许》和《列国演义》。讲述了春秋时，郑国抵御魏国入侵，子都心生嫉妒，在颍考叔奋勇退敌欲登城之际，用袖剑将其射死，...', '<p>福州4月30日电 (记者 刘可耕)由福建京剧院复排的经典传承武戏《伐子都》，29日晚在福州通过官方抖音号进行线上直播首演。</p><p>京剧《伐子都》的故事出自《左传·隐公十一年郑伯伐许》和《列国演义》。讲述了春秋时，郑国抵御魏国入侵，子都心生嫉妒，在颍考叔奋勇退敌欲登城之际，用袖剑将其射死，独占其功。在班师回朝的路上，子都心生幻相，见颍考叔鬼魂索命，内心恐惧。最后在庆功宴上神情颠倒，坠台而亡。该剧人物刻画细腻，技巧繁重，是一出文武并重的传统经典剧目。</p><p><img src=\'http://i2.chinanews.com.cn/simg/ypt/2022/220430/8a93bf9a-b790-49b4-ab7d-dc984f339432_zsite.jpg\' /></p><p>4月29日晚，由福建京剧院复排的经典传承武戏《伐子都》在福州通过官方抖音号进行线上直播首演。 巫晓波 摄</p><p>2022年，福建京剧院邀请李幼斌先生作为艺术指导，以第五代青年演员李献科为主演复排《伐子都》。29日晚，该剧目先行通过福建京剧院的官方抖音直播，5月14日将在福州凤凰剧院与观众见面。</p><p>京剧武戏是京剧艺术的重要组成部分，也是京剧的一大特色。福建京剧院具有良好的武戏传承基础，创始人之一的李盛斌先生是著名京剧表演艺术家、戏曲教育家，表演精湛，技艺超群。其主演的《伐子都》《武松打虎》等剧目全国闻名。2017年，在福建省文化和旅游厅的指导下，福建京剧武戏基地建立，旨在弘扬国粹艺术，对以李盛斌先生为代表的京剧武戏进行进一步传承与发扬。李幼斌先生为李盛斌先生之子，是福建京剧武戏基地重要的指导老师和专家之一，自幼随父亲李盛斌学艺，12岁登台，工武生，擅长靠，精短打，较完整地继承了李盛斌先生“勇猛武生”的表演风格，所指导的多部武戏作品受到广大观众的喜爱，福建京剧院青年武戏演员从中受益匪浅。</p><p>该剧主演李献科受访时说，“《伐子都》是福建京剧院创始人李盛斌先生的代表作品，继李幼斌老师、阮学东老师、李哲老师，我能作为传承该剧目的第五代青年演员，感到非常自豪。”</p><p><img src=\'http://i2.chinanews.com.cn/simg/ypt/2022/220430/71540196-b7a6-45eb-a580-7812bc7b4cf8_zsite.jpg\' /></p><p>4月29日晚，由福建京剧院复排的经典传承武戏《伐子都》在福州通过官方抖音号进行线上直播首演。 巫晓波 摄</p><p>李幼斌指出，《伐子都》作为青年武生演员应学习并掌握的经典剧目，不仅对武生演员的“唱、念、做、打”的功力有提高，更重要的，在武生表演的理念上，也有很大的提升。希望青年演员以戏带功，通过这出戏的学习，得到进一步成长。</p><p>福建京剧院负责人孙劲梅表示，近年来虽偶有《伐子都》的折子戏上演，可该剧已有十余年没有开展全本的演出了。复排李盛斌先生的代表剧目《伐子都》，是福建京剧武戏基地2022年度重点建设项目。李献科是剧院“90后”优秀青年演员，曾获第十五届福建省“水仙花”戏剧奖比赛“金奖”，通过这次复排《伐子都》也得到了很大的提高和成长。</p><p>“剧院也将不断总结经验，持续展开武戏传承发展和武戏演员培养，逐步推出更高水平的剧目和更多优秀的人才。”孙劲梅说。(完)</p>', '中国新闻网', 'https://www.chinanews.com.cn/yl/2022/04-30/9743727.shtml', '2022-04-30 14:36:55', 'http://i2.chinanews.com.cn/simg/ypt/2022/220430/8a93bf9a-b790-49b4-ab7d-dc984f339432_zsite.jpg', 'http://i2.chinanews.com.cn/simg/ypt/2022/220430/71540196-b7a6-45eb-a580-7812bc7b4cf8_zsite.jpg', NULL, NULL, 0, 0, 0, 1651300615000, 1, 7, 1651759681180, 1651759681180);
INSERT INTO `news` VALUES (15790, '51fbc2ff25be5d37cbce43696eee4559', '非典型军旅题材剧如何破局？需与时俱进创新表达', '中新文娱北京4月29日电(刘越)昨日下午，军旅题材剧《特战荣耀》交流会在京举行。一众主创及嘉宾以线上交流的方式，探讨了当代影视作品该如何讲好中国军人故事的创作方法论。《特战荣耀》：以个性化人设突破套路《特战荣耀》以新兵燕破岳的成长经历为故事主线，聚焦年轻军人的成长，展现当代军人勇...', '<p>中新文娱北京4月29日电(刘越)昨日下午，军旅题材剧《特战荣耀》交流会在京举行。一众主创及嘉宾以线上交流的方式，探讨了当代影视作品该如何讲好中国军人故事的创作方法论。</p><p><img src=\'http://i2.chinanews.com.cn/simg/cmshd/2022/04/29/5325e317227e430bad7ec337460472cb.jpg\' /></p><p>《特战荣耀》：以个性化人设突破套路</p><p>《特战荣耀》以新兵燕破岳的成长经历为故事主线，聚焦年轻军人的成长，展现当代军人勇往直前、百折不挠的精神。导演徐纪周、制片人孙昊、军事指导黄汉森等主创团队成员在活动现场分享了该剧的拍摄经历和观众的认知反响。其中，孙昊提到，与其他军旅题材剧相比，《特战荣耀》拥有一大批忠实的“90后”剧迷，拓宽了年轻观众的圈层，这也许与原作IP的特性有关。</p><p>《特战荣耀》改编自网络小说《中国特种兵之特别有种》，无论是在情节的设置还是角色的塑造上，都具有网络文学的特点。和许三多等经典兵哥形象相比，燕破岳有点“拽”，非常有个性。因此部分观众认为，这个兵哥不符合大众对于传统型军人角色的想象。对此，导演徐纪周表示，原著IP是一篇典型的互联网兵王流爽文，爽文有爽文的特点，主创团队已经尽了最大的可能去把它合理化，在改编和原创之间努力寻找平衡。</p><p>而中国电影协会会长饶曙光则认为，“燕破岳”的人设是军旅题材剧与时俱进的一种创新表达：“可能很多人拿《特战荣耀》和《士兵突击》相比较，我觉得不同的时代，军旅题材的电视剧在守正创新方面应该有更多的追求。《特战荣耀》代表了电视剧工业化的新水平，囊括了很多演习、训练的场面，如果没有人物成长的支撑，没有其他信息的传递，这些很容易让人感觉到重复和拖沓。可能有一部分军事发烧友会觉得燕破岳有点‘拽’，但是一个有个性的人物，能够在第一时间最快、最有效地带入观众进入到剧情当中，这是最重要的。”</p><p>《特战荣耀》：青年演员呈现青春力量</p><p>在《特战荣耀》的主角演员阵容里，一水青春洋溢的面孔。饰演“燕破岳”的青年演员杨洋此前是学习古典舞的文艺兵，一直以来的荧屏形象都比较偶像派，为什么会选择他来出演这个角色？面对记者的提问，导演徐纪周直言，自己与杨洋属于“金风玉露一相逢，便胜却人间无数”，无他，实在太合拍了。</p><p>“我是射手座，他是处女座，我们俩超合。而且我也看过他之前的一些作品，我觉得这个孩子非常真诚。”徐纪周坦言，《特战荣耀》的剧本是为杨洋量身定做的：“我们俩属于双向选择。确定他之后，我着手创作剧本，那个人物基本上是努力贴着他来写的。”</p><p>同时，徐纪周对杨洋的表现赞不绝口。长达十个月的拍摄周期里，杨洋流血流汗不流泪的坚韧态度让徐导直言：“杨洋比我想的还要好，他太好了。合作到今天，他是最不吝虐自己的。”</p><p>除杨洋外，李一桐、蒋璐霞、孟阿赛等青年演员也生动诠释了真实军旅的日常状态，呈现出充满个性的青春力量。《广电时评》总编辑梁刚建评价，《特战荣耀》对年轻人的成长作出了深刻的心理剖析，不仅有着对于正统军旅剧精神的传承和延续，同时也没有陷入“军旅剧偶像化”的创作窠臼。剧中所展现的部队生活、新兵磨砺，艰苦的训练和演习等，都能让观众体会到年轻军人热血浓厚的青春气质。</p><p>而中国文联电视艺术中心副主任赵彤认为，“一代青春一代兵，一所军营一刃锋”，《特战荣耀》在新时代新军事变革条件下，很好地将青年观众的现实生活和军旅感情融合起来。(完)</p>', '中国新闻网', 'https://www.chinanews.com.cn/yl/2022/04-29/9742999.shtml', '2022-04-29 15:58:23', 'http://i2.chinanews.com.cn/simg/cmshd/2022/04/29/5325e317227e430bad7ec337460472cb.jpg', NULL, NULL, NULL, 0, 0, 0, 1651219103000, 1, 7, 1651759681184, 1651759681184);
INSERT INTO `news` VALUES (15791, '7c2cf187d0b7d41e9a5ba4b39ece6015', '《了不起！舞社》王霏霏被队员当面“挑衅”', '王霏霏被队员当面“挑衅” 《了不起！舞社》进入汇报演出倒计时每周六晚8点优酷独家播出的《了不起！舞社》经过前期入社摸底考试，队员们被分为了正式队员和预备队员。本周为决出具有领队能力的一线队员，王霏霏、程潇、李永钦TEN和赞多四位主理人将各自制定规则，为他们选定的正式队员进行加试。...', '<p>王霏霏被队员当面“挑衅” 《了不起！舞社》进入汇报演出倒计时</p><p>每周六晚8点优酷独家播出的《了不起！舞社》经过前期入社摸底考试，队员们被分为了正式队员和预备队员。本周为决出具有领队能力的一线队员，王霏霏、程潇、李永钦TEN和赞多四位主理人将各自制定规则，为他们选定的正式队员进行加试。同时队员们也在六个主题房间中选定心仪的主题，为第一次汇报演出做好充足准备。</p><p>加试名场面频出 赞多与队员贴面battle热舞</p><p>《了不起！舞社》第三期中，四位主理人分别公开了选拔一线队员的加试规则，赞多希望看到队员们随机应变的能力和发自内心的自信，因此他将与选中的四位队员进行1v1的车轮战battle，被选中的队员之一张艺凡不仅尽情展现出女性的柔美和妩媚，更时不时与赞多贴面热舞，battle顿时转变成为热辣双人舞现场；与张艺凡不同的是，赞多和赖威尔则是硬核的针锋对决，让现场其他人过足了眼瘾；不擅长battle的陈书艺将重点放在了展示自己的自信，收获了赞多的肯定；毛郑茜则略显“害羞”一直与赞多拉开距离，让苏有朋也按捺不住怂恿的心。车轮战battle让大家看到了队员的自信，更看到了主理人赞多的强大实力。</p><p>李永钦TEN以舞蹈改编为题向队员提出加试要求，三人一组不仅要求队员的组织能力，更初步考验小组的齐舞能力。杨雅婕、露比和大丽在三十分钟内编排出的既有整齐度又有个人发挥空间的舞蹈让李永钦TEN赞不绝口。程潇则更看重队员的编排能力，李美慧以一如既往的强大舞台张力和充沛情感感动众人，刘娇妮则用毋庸置疑的编舞能力征服了主理人。</p><p>王霏霏更看重队员的舞台表现力，因此大胆地让剩余的正式队员参与她的加试，队员们可以在不同风格音乐中自由起舞，再由王霏霏从中选出心仪的一线队员。队员们在音乐中可谓是放飞自我，与主理人大胆互动。不仅有学院派的杨诗语主动靠近深情抚摸王霏霏的脸庞，更有陶子当场以舞蹈“挑衅”王霏霏，展现出极强的进攻性。一番“狂欢”后，连王霏霏都不禁大喊：“你们还记得这是一个考试吗？”究竟还有哪些队员“大展神通”，成为一线队员？值得我们期待。</p><p>经过加试，队员们可以在六大主题房间中选择自己心仪的风格，她们因共同的喜好组成了六支队伍，开始团队协作，共同完成齐舞作品。第一次汇报演出前队员们仅有两周排练时间，更为严苛的是，四天后社长及主理人还会进行中期考核，被划为待定的队员将有可能无法登上汇报演出的舞台。</p><p>排练的过程远没有想象中的顺利，时常单打独斗的舞者们不仅要面对齐舞这个难题，更遇到了从没跳过的舞种。队员水平的不平均、队形难以编排、不断迫近的中期考核……每个队伍都遇到了形形色色的困难，B-girl JoJo感慨：“我求求 把我淘汰了吧”、顾逸舟带着哭腔电话中说“我现在感觉自己真的很不合适”、甚至还有吕雪想要直接放弃上舞台的机会。中期考核时社长苏有朋和主理人王霏霏、程潇也都对队员们的表现并不满意，团队蜕变迫在眉睫。</p><p>六支队伍将会如何跨过眼前的重重阻碍，能否全员登上汇报演出的舞台？队员们的齐舞之路才刚刚开始，她们会有哪些精彩表现？周六晚8点，优酷独播的《了不起！舞社》正式揭晓。</p>', '中国新闻网', 'https://www.chinanews.com.cn/yl/2022/04-29/9743055.shtml', '2022-04-29 15:56:07', NULL, NULL, NULL, NULL, 0, 0, 0, 1651218967000, 1, 7, 1651759681195, 1651759681195);
INSERT INTO `news` VALUES (15792, 'bce73ee4dab4b2d88829a1adb948397a', '宝藏老人奏响青春之歌 《吾家吾国》深情致敬劳动者', '宝藏老人奏响青春之歌 《吾家吾国》深情致敬共和国最年长的劳动者国际在线消息：由中央广播电视总台新闻中心、新闻新媒体中心、创新发展研究中心联合打造的《吾家吾国》自去年9月30日首播以来，先后登陆国庆档、元旦档和新春档，持续为观众奉上温暖隽永的节日精神陪伴。“宝藏爷爷奶奶”们梦想常青...', '<p>宝藏老人奏响青春之歌 《吾家吾国》深情致敬共和国最年长的劳动者</p><p>国际在线消息：由中央广播电视总台新闻中心、新闻新媒体中心、创新发展研究中心联合打造的《吾家吾国》自去年9月30日首播以来，先后登陆国庆档、元旦档和新春档，持续为观众奉上温暖隽永的节日精神陪伴。“宝藏爷爷奶奶”们梦想常青、信念不老的超燃人生图鉴，感染了无数的年轻人。</p><p>值“五一”“五四”双节之际，这档针对国之大家的挖掘式纪实采访节目，又要特别加更了！4月30日到5月4日，《吾家吾国》将在央视新闻频道，央视新闻客户端及新媒体全平台上线！</p><p>全新推出的五期节目，将随着主持人王宁的视角，分别走近98岁的草地农业科学家任继周、90岁的中国载人航天工程首任总设计师王永志、88岁的著名表演艺术家王晓棠、87岁的著名语言学家陆俭明及76岁的粒子物理学家陈和生。</p><p>这些可爱可敬的老先生既是共和国最年长的一批劳动者，又是一群不言退休、朝气蓬勃的“白发少年”。借着节目播出，《吾家吾国》希望向他们致以深情的节日问候，同时由他们向更多观众讲述“因为奋斗不息，所以青春永驻”的热血故事。</p><p>无论时代如何变迁，他们奋斗的底色始终不变</p><p>《吾家吾国》所聚焦的高龄大家们，见证了新中国从“站起来”到“富起来”再到“强起来”的全过程。在每个历史时期，他们都以不变的奋斗底色、不变的奋斗情怀、不变的奋斗品格，勇挑时代赋予他们的使命和责任。在“五一”劳动节之际，《吾家吾国》翻开老先生们厚重的人生之书，每一页都是“劳动最光荣”的有力注脚。</p><p>作为我国现代草业科学的开拓者，在投身草业的七十多年里，任继周院士为我国草业科学教育和科技立下了汗马功劳。在接受王宁采访时，他却一直说自己对社会贡献不够，“舀一瓢水，没还一桶”。今年已经98岁高龄的他，每天坚持工作和学习。为了让自己“分秒必争”，任老的家里挂着很多钟表：“这个年龄，我能做多少就做多少，我要珍惜我借来的三竿又三竿的时间。”</p><p>60岁那年，王永志被任命为中国载人航天工程总设计师。“火箭排云上九重，惊弦霹雳震长空。”从研制导弹到运卫星上天，再到送中国人遨游太空，伴随中国载人航天工程整整走过的三十年，王永志也实现了他人生的“三步走”。现在，他正做着更大的航天梦：“空间站建起来了，在月球上是不是也能建个站呢？”</p><p>“我把耕耘本身、创作过程本身看得更重要些，自由自在、投入式的创作似乎比成就感、人们的承认更重要，它已经成为我的一种生存方式了”，在著名表演艺术家王晓棠的身上，始终有一股永不停息的创造、奋进精神。终身修炼自我，讲述人民故事，她用脚踏实地的奉献，诠释着“艺术源于人民、艺术为了人民”的真谛。</p><p>“辞书修订无止境，因为语言是随着社会的发展而发展变化的，社会发展很快”，著名语言学家陆俭明说。从《汉语成语小词典》到《现代汉语词典》，每一次的修订，每一版的编写，都凝聚了陆老对工作无尽的热爱。2010年从北京大学退休后，他和夫人马真一起把三分之二的时间都投在国内外汉语语言研究的宣讲，他们的学生遍布世界。</p><p>《吾家吾国》的采访并不好约，因为老先生们实在太忙了。比如王宁约好采访粒子物理学家陈和生院士的当天，正赶上陈院士参加一个会议。在过去十多年的时间里，他作为总指挥带领团队不懈奋斗，建成了我国迄今单项投资规模最大的国家重大科技基础设施——散裂中子源。而今，他依然坚守在科研一线，为“国之重器”殚精竭虑，筑梦不息。</p><p>有一分热，发一分光。与其说《吾家吾国》要展示的是“莫道桑榆晚，为霞尚满天”的暮年壮志，更不如说它希望传递给观众的是“只争朝夕，不负韶华”的时代态度。老先生们作为劳模精神、劳动精神和工匠精神的践行者和传承者，必将用他们凝练一生的智慧箴言，激发更多观众思考自己工作的意义、审视自己工作的态度，学习在与时俱进中不断成长，并被鼓舞着在追求和奋斗中实现更大的人生价值。</p><p>胸怀远大，把追梦的心系于国家和民族的未来</p><p>“五一”劳动节赋予每个劳动者以浓浓的自豪感，“五四”青年节给予每个年轻人以强烈的使命感。两个节日连在一起，鲜明传递着“青春由磨砺而出彩，人生因奋斗而升华”的时代强音。</p><p>《吾家吾国》节目如其名，“家国同构”意识深深融进了这些国之大家的血液。在人生的漫漫奋斗中，他们从立学、立业到立功，始终把我运、家运、国运紧紧系在一起。过去的节目中，从老先生们激情燃烧的青春往事，到不言老去的青春心态，都深深感染着当下的年轻人。而在即将上线的五期节目中，“青春之歌”将被再度奏响。</p><p>在成长的起点，他们是如何树立起了坚守一生的目标？</p><p>1932年，王永志出生在沦陷的东北。亡国奴的屈辱记忆，让王永志对“爱国”有了真切的感受。当听闻美国飞机在朝鲜战场上狂轰乱炸，一个18岁的少年意识到，家和国都需要强大的国防来守护。1952年，王永志如愿考上清华大学航空系学习飞机设计专业，后又因为国家需要改学火箭导弹设计专业。攻坚克难时，他带头冲锋陷阵：“听党的话跟党走，党让干啥就干啥，不管干啥都干好它，这是我的座右铭！”</p><p>1943年，任继周考入国立中央大学学习畜牧专业。大家都很不解，一个成绩优异的学生为何选择如此冷门的专业？任继周的答案是“我想改善国民营养”。这个朴素的为国为民的信念，指引他一生专业致学。1956年，33岁的任继周在海拔3000多米的甘肃天祝县乌鞘岭马营沟建立了我国第一个高山草原试验站，“夜闻狼嚎传莽野，晨看熊跡绕帐房”，身上爬满虱子，但他不以为苦，反而觉得那段经历带给他更多的是福气。</p><p>陆俭明1955年入学，1956年入党。他说“就是因为共产党来了，我才能上学念书”，所以“国家的需要就是我的志愿”。国之所需，我之所愿——简单的几个字，正是节目中所有大家共同的心声。</p><p>1984年，拿到美国麻省理工学院博士学位后不久的陈和生，听从热爱和使命的召唤回到祖国，成为我国第一个博士后。他如今对年轻人的期望，也是他年轻时对自己的要求，那就是一定要把自己的所学、所知，用在国家需要的地方。</p><p>《吾家吾国》所聚焦的人物来自各个行业、各条战线，但他们身上有着高度相似的优秀品质，那就是把一颗追逐梦想的心系于祖国和民族的未来，把青春智慧和青春力量转化为推动经济发展、社会进步、人民幸福的生动实践，以青春之我、奋斗之我，为民族复兴铺路架桥，为祖国建设添砖加瓦。</p><p>奋斗是青春最亮丽的底色，而在启航之时就将奋斗定格为人生的总基调，将是青年人一辈子的宝贵财富。4月30日起，让我们再度共同走进“宝藏爷爷奶奶”们的燃情记忆，看《吾家吾国》，修吾心吾身！</p>', '中国新闻网', 'https://www.chinanews.com.cn/yl/2022/04-29/9743026.shtml', '2022-04-29 15:26:54', NULL, NULL, NULL, NULL, 0, 0, 0, 1651217214000, 1, 7, 1651759681213, 1651759681213);
INSERT INTO `news` VALUES (15793, 'e893e081aad3e2fa74d06367768ec6d2', '《奔跑吧》第十季定档5月13日温暖开跑！', '奔跑不停，爱你不变！《奔跑吧》第十季定档5月13日温暖开跑！中国网4月29日讯 今日，浙江卫视《奔跑吧》第十季官宣定档，将于5月13日起每周五20:20播出。九年，十季，《奔跑吧》不断注入新鲜血液，不断创新节目形式，始终坚持“奔跑”精神，在给观众带来欢乐陪伴的同时，也向大众传递着...', '<p>奔跑不停，爱你不变！《奔跑吧》第十季定档5月13日温暖开跑！</p><p>中国网4月29日讯 今日，浙江卫视《奔跑吧》第十季官宣定档，将于5月13日起每周五20:20播出。九年，十季，《奔跑吧》不断注入新鲜血液，不断创新节目形式，始终坚持“奔跑”精神，在给观众带来欢乐陪伴的同时，也向大众传递着新时代的拼搏正能量。在节目组正式发布的本季定档宣传片中，兄弟团回顾一路走来的“变”与“不变”，展现了一直以来的成长与坚守。</p><p><img src=\'http://i2.chinanews.com.cn/simg/cmshd/2022/04/29/d94bd3e05e5c4537aefd90462b947e59.jpg\' /></p><p>宣传片中，兄弟团向观众也向自己发出提问：“从2014到2022，那些你习惯的、热爱的、思念的、梦想的、在乎的、珍视的、骄傲的、坚守的一切，都变了吗？”随着一帧帧往季节目画面闪过，我们看到了成员们一路走来的变化，也看到了他们始终不变的——“追求快乐的脚步”、“迎接挑战的勇气”、“挺身而出的情谊”、“不言放弃的精神”以及“与观众的连接”。无论是每一个“改变”，还是每一个“不变”，都记录着《奔跑吧》与观众相伴的十季美好时光，其中有共同成长，也有初心不变。正如宣传片结尾所说，“奔跑不停，爱你不变”！</p><p><img src=\'http://i2.chinanews.com.cn/simg/cmshd/2022/04/29/fdb8fe5a77d746f4b18394de65ca724f.jpg\' /></p><p>与宣传片同时发布的还有兄弟团成员的定档视频。《奔跑吧》第十季，兄弟团成员们纷纷为大家整了点“实际”的。李晨变身“课代表”，上线划知识点；杨颖现场派发红包，带来惊喜；郑恺欢乐邀请观众一起“整点快乐”；沙溢定下了十个全方位锻炼的“小目标”；蔡徐坤表示“第十季要使劲奔跑，不整点能量怎么行”；白鹿现场“面试”，挑战翻跟头后速写毛笔字；周深则大秀才艺，手拿小喇叭，用一口方言“喊话”定档。兄弟团的花式定档，让网友直呼“太会‘整’了！”，点燃了观众对《奔跑吧》第十季的满满期待。</p><p>本季节目中，七位各具特色的MC将迎来哪些全新的挑战？他们又将擦出怎样的火花？5月13日起每周五20:20，浙江卫视《奔跑吧》第十季温暖开跑，敬请期待！</p>', '中国新闻网', 'https://www.chinanews.com.cn/yl/2022/04-29/9743023.shtml', '2022-04-29 15:25:37', 'http://i2.chinanews.com.cn/simg/cmshd/2022/04/29/d94bd3e05e5c4537aefd90462b947e59.jpg', 'http://i2.chinanews.com.cn/simg/cmshd/2022/04/29/fdb8fe5a77d746f4b18394de65ca724f.jpg', NULL, NULL, 0, 0, 0, 1651217137000, 1, 7, 1651759681217, 1651759681217);

-- ----------------------------
-- Table structure for notification
-- ----------------------------
DROP TABLE IF EXISTS `notification`;
CREATE TABLE `notification`  (
  `id` bigint(20) NOT NULL AUTO_INCREMENT,
  `notifier` bigint(20) NOT NULL,
  `receiver` bigint(20) NOT NULL,
  `outerid` bigint(20) NOT NULL,
  `type` int(1) NOT NULL COMMENT '1回问，2回评，3收藏，4点赞',
  `gmt_create` bigint(20) NOT NULL,
  `status` int(1) NOT NULL DEFAULT 0 COMMENT '0未读，1已读',
  `notifier_name` varchar(50) CHARACTER SET utf8mb4 COLLATE utf8mb4_general_ci NOT NULL,
  `outer_title` varchar(1024) CHARACTER SET utf8mb4 COLLATE utf8mb4_general_ci NOT NULL,
  PRIMARY KEY (`id`) USING BTREE
) ENGINE = InnoDB AUTO_INCREMENT = 23 CHARACTER SET = utf8 COLLATE = utf8_general_ci ROW_FORMAT = Compact;

-- ----------------------------
-- Records of notification
-- ----------------------------
INSERT INTO `notification` VALUES (1, 774, 1, 1, 1, 1649430828311, 0, '明***巢', '欢迎访问，又一个NiterForum社区');
INSERT INTO `notification` VALUES (2, 777, 774, 2, 1, 1649644330817, 0, '邮箱用户_g6rax', '111111111');
INSERT INTO `notification` VALUES (3, 777, 774, 2, 1, 1649644341875, 0, '邮箱用户_g6rax', '111111111');
INSERT INTO `notification` VALUES (4, 777, 774, 2, 1, 1649644439150, 0, '邮箱用户_g6rax', '111111111');
INSERT INTO `notification` VALUES (5, 776, 777, 4, 1, 1649649310907, 1, '邮箱用户_iz49t', '11111');
INSERT INTO `notification` VALUES (6, 776, 776, 4, 2, 1649649787100, 1, '邮箱用户_iz49t', '111');
INSERT INTO `notification` VALUES (7, 776, 776, 2, 11, 1649676911003, 1, '邮箱用户_iz49t', '点击去看看吧~');
INSERT INTO `notification` VALUES (8, 776, 776, 2, 14, 1649676931231, 1, '邮箱用户_iz49t', '快来看看啥这么受欢迎~');
INSERT INTO `notification` VALUES (9, 777, 774, 2, 3, 1649682064538, 0, '邮箱用户_g6rax', '111111111');
INSERT INTO `notification` VALUES (10, 776, 777, 4, 3, 1649682539547, 0, '邮箱用户_iz49t', '11111');
INSERT INTO `notification` VALUES (11, 776, 774, 1, 14, 1649682602606, 0, '邮箱用户_iz49t', '快来看看啥这么受欢迎~');
INSERT INTO `notification` VALUES (12, 776, 774, 3, 3, 1649683607037, 0, '邮箱用户_iz49t', '2222222');
INSERT INTO `notification` VALUES (13, 776, 777, 2, 4, 1649683657912, 0, '邮箱用户_iz49t', '111');
INSERT INTO `notification` VALUES (14, 776, 774, 1, 14, 1649683725656, 0, '邮箱用户_iz49t', '快来看看啥这么受欢迎~');
INSERT INTO `notification` VALUES (15, 774, 774, 3, 1, 1650250406232, 0, '明***巢', '2222222');
INSERT INTO `notification` VALUES (16, 775, 774, 3, 2, 1651218631236, 0, '邮箱用户_zuwr2', '111');
INSERT INTO `notification` VALUES (17, 775, 774, 3, 1, 1651218654235, 0, '邮箱用户_zuwr2', '2222222');
INSERT INTO `notification` VALUES (18, 777, 774, 7, 1, 1651631785459, 0, '邮箱用户_g6rax', '111');
INSERT INTO `notification` VALUES (19, 777, 777, 7, 2, 1651631794998, 0, '邮箱用户_g6rax', '333');
INSERT INTO `notification` VALUES (20, 777, 777, 8, 3, 1651758757875, 0, '邮箱用户_g6rax', '阅读《见识》笔记');
INSERT INTO `notification` VALUES (21, 777, 774, 1, 11, 1651760802129, 0, '邮箱用户_g6rax', '点击去看看吧~');
INSERT INTO `notification` VALUES (22, 777, 774, 1, 14, 1651760813775, 0, '邮箱用户_g6rax', '快来看看啥这么受欢迎~');

-- ----------------------------
-- Table structure for question
-- ----------------------------
DROP TABLE IF EXISTS `question`;
CREATE TABLE `question`  (
  `id` bigint(20) NOT NULL AUTO_INCREMENT,
  `title` varchar(120) CHARACTER SET utf8 COLLATE utf8_general_ci NOT NULL COMMENT '标题',
  `description` text CHARACTER SET utf8mb4 COLLATE utf8mb4_general_ci NULL COMMENT '内容',
  `gmt_create` bigint(20) NOT NULL COMMENT '发布时间',
  `gmt_modified` bigint(20) NOT NULL COMMENT ' 修改时间',
  `creator` bigint(20) NOT NULL COMMENT ' 文章作者id user_id',
  `comment_count` int(11) NOT NULL DEFAULT 0 COMMENT '评论数量',
  `view_count` int(11) NOT NULL DEFAULT 0 COMMENT ' 阅读数量',
  `like_count` int(11) NOT NULL DEFAULT 0 COMMENT '点赞数量',
  `tag` varchar(256) CHARACTER SET utf8 COLLATE utf8_general_ci NULL DEFAULT NULL COMMENT '文章标签, 一个文章可以有多个标签, 标签之间用英文逗号隔开',
  `gmt_latest_comment` bigint(20) NOT NULL COMMENT '最新评论的时间',
  `status` int(11) NOT NULL DEFAULT 0 COMMENT '1加精，2置顶，3精+顶',
  `column2` int(3) NULL DEFAULT 2 COMMENT '专栏号',
  `permission` int(3) NULL DEFAULT 0 COMMENT '阅读权限',
  PRIMARY KEY (`id`) USING BTREE
) ENGINE = InnoDB AUTO_INCREMENT = 9 CHARACTER SET = utf8 COLLATE = utf8_general_ci ROW_FORMAT = Compact;

-- ----------------------------
-- Records of question
-- ----------------------------
INSERT INTO `question` VALUES (1, '欢迎访问，又一个NiterForum社区', '<p id=\"descriptionP\"><p><img src=\"/images/smile/douyin/bly.png\" alt=\"undefined\" data-w-e=\"1\" style=\"height: 20px;\">感谢您选用<a href=\"https://niter.cn/forum\" target=\"_blank\">NiterForum</a>社区</p><p><img src=\"/images/smile/douyin/bn8.png\" alt=\"undefined\" data-w-e=\"1\" style=\"height: 20px;\">NiterForum安装配置常见问题汇总，您可以参考此帖：<a href=\"https://niter.cn/p/255\">https://niter.cn/p/255</a>&nbsp;&nbsp;</p><p><img src=\"/images/smile/douyin/bmp.png\" alt=\"undefined\" data-w-e=\"1\" style=\"height: 20px;\">关于<span style=\"\\&quot;color:\" rgb(249,=\"\" 150,=\"\" 59);\\\"=\"\">更新</span>日志，您可以关注此帖：<a href=\"https://niter.cn/p/26\">https://niter.cn/p/26</a>&nbsp;&nbsp;</p><p><img src=\"/images/smile/douyin/bp6.png\" alt=\"undefined\" data-w-e=\"1\" style=\"height: 20px;\">我们已经将<span style=\"\\&quot;color:\" rgb(255,=\"\" 0,=\"\" 0);\\\"=\"\">最新</span>版本的代码上传到了<a href=\"https://github.com/yourkevin/NiterForum/\" target=\"_blank\"><img style=\"height: 12px;\" src=\"https://api.d5.nz/api/favicon/?url=https://github.com/yourkevin/NiterForum/\">Github</a>与<a href=\"https://gitee.com/yourkevin/NiterForum/\" target=\"_blank\"><img style=\"height: 12px;\" src=\"https://api.d5.nz/api/favicon/?url=https://gitee.com/yourkevin/NiterForum/\">码云</a>，欢迎下载体验。</p><p><img src=\"/images/smile/douyin/blx.png\" alt=\"undefined\" data-w-e=\"1\" style=\"height: 20px;\">您可以编辑或者删除掉此帖。</p><p><br></p></p><p><br></p>', 1606642025000, 1606642025000, 1, 1, 21, 0, '教程,公告', 1649430828304, 0, 4, 0);
INSERT INTO `question` VALUES (2, '111111111', '<p>11111111111111111</p>', 1649425841875, 1649425841875, 774, 3, 12, 1, '笔记,java', 1649644439146, 0, 6, 0);
INSERT INTO `question` VALUES (3, '2222222', '<p>2222222222222</p>', 1649558115777, 1649558115777, 774, 3, 23, 1, '闲聊,教程', 1651218654197, 2, 2, 0);
INSERT INTO `question` VALUES (4, '11111', '<p id=\"descriptionP\"><p><img src=\"https://selfmanage-1302777603.cos.ap-chengdu.myqcloud.com/upload/user/777/img/20220411093147_x1.png\" style=\"max-width:100%;\"><br></p><p><iframe onload=\"setIframeHeight(this)\" src=\"//player.bilibili.com/player.html?aid=725361265&amp;bvid=BV1HS4y117sK&amp;cid=564731951&amp;page=1\" scrolling=\"no\" border=\"0\" frameborder=\"no\" framespacing=\"0\" allowfullscreen=\"true\"> </iframe></p><p><br></p></p><p><br></p>', 1649640825091, 1649640887002, 777, 2, 22, 1, '闲聊,讨论', 1649649787047, 0, 2, 0);
INSERT INTO `question` VALUES (5, '55555555555', '<p><iframe onload=\"setIframeHeight(this)\" src=\"//player.bilibili.com/player.html?aid=725361265&amp;bvid=BV1HS4y117sK&amp;cid=564731951&amp;page=1\" scrolling=\"no\" border=\"0\" frameborder=\"no\" framespacing=\"0\" allowfullscreen=\"true\"> </iframe></p><p>5555</p>', 1649645239981, 1649645239981, 776, 0, 4, 0, '闲聊', 1649645239981, 0, 4, 0);
INSERT INTO `question` VALUES (6, '招生', '<p><iframe onload=\"setIframeHeight(this)\" src=\"//player.bilibili.com/player.html?aid=425337523&amp;bvid=BV143411H7Uv&amp;cid=564797791&amp;page=1\" scrolling=\"no\" border=\"0\" frameborder=\"no\" framespacing=\"0\" allowfullscreen=\"true\"> </iframe></p><p><img src=\"https://pic.imgdb.cn/item/62563aae239250f7c5ac18dc.jpg\" style=\"max-width: 100%;\"><br></p>', 1649818407121, 1649818407121, 776, 0, 1, 0, '闲聊,笔记', 1649818407121, 0, 6, 0);
INSERT INTO `question` VALUES (7, '111', '<p id=\"descriptionP\"><p><img src=\"https://selfmanage-1302777603.cos.ap-chengdu.myqcloud.com/upload/user/774/img/20220418105414_9g.png\" style=\"max-width:100%;\"></p><p><iframe src=\"//player.bilibili.com/player.html?aid=895626287&amp;bvid=BV1YA4y197Tm&amp;cid=575351919&amp;page=1\" scrolling=\"no\" border=\"0\" frameborder=\"no\" framespacing=\"0\" allowfullscreen=\"true\"></iframe><br></p><p><br></p></p><p><br></p>', 1650250535261, 1651753597205, 777, 2, 7, 0, '22,讨论', 1651631794996, 0, 2, 0);
INSERT INTO `question` VALUES (8, '阅读《见识》笔记', '<h2 cid=\"n2\" mdtype=\"heading\" style=\"break-after: avoid-page; break-inside: avoid; font-size: 1.75em; margin-top: 1rem; margin-bottom: 1rem; position: relative; font-weight: bold; line-height: 1.225; cursor: text; padding-bottom: 0.3em; border-bottom: 1px solid rgb(238, 238, 238); white-space: pre-wrap; color: rgb(51, 51, 51); font-family: &quot;Open Sans&quot;, &quot;Clear Sans&quot;, &quot;Helvetica Neue&quot;, Helvetica, Arial, sans-serif;\"><span md-inline=\"plain\">1.幸福是目的，成功是手段</span></h2><h3 cid=\"n3\" mdtype=\"heading\" style=\"break-after: avoid-page; break-inside: avoid; font-size: 1.5em; margin-top: 1rem; margin-bottom: 1rem; position: relative; font-weight: bold; line-height: 1.43; cursor: text; white-space: pre-wrap; color: rgb(51, 51, 51); font-family: &quot;Open Sans&quot;, &quot;Clear Sans&quot;, &quot;Helvetica Neue&quot;, Helvetica, Arial, sans-serif;\"><span md-inline=\"plain\">人生是一条河</span></h3><ul cid=\"n4\" mdtype=\"list\" style=\"margin-top: 0.8em; margin-bottom: 0.8em; margin-left: 0px; padding-left: 30px; position: relative; color: rgb(51, 51, 51); font-family: &quot;Open Sans&quot;, &quot;Clear Sans&quot;, &quot;Helvetica Neue&quot;, Helvetica, Arial, sans-serif; font-size: 16px;\"><li cid=\"n5\" mdtype=\"list_item\" style=\"position: relative;\"><p cid=\"n6\" mdtype=\"paragraph\" style=\"line-height: inherit; orphans: 4; margin-top: 0px; margin-bottom: 0.5rem; white-space: pre-wrap; position: relative;\"><span md-inline=\"plain\">幸福感的本源只有两个--基因的传承和影响力</span><span md-inline=\"softbreak\">\r\n</span><span md-inline=\"plain\">基因的传承：繁衍   影响力：社会地位</span></p></li><li cid=\"n7\" mdtype=\"list_item\" style=\"position: relative;\"><p cid=\"n8\" mdtype=\"paragraph\" style=\"line-height: inherit; orphans: 4; margin-top: 0px; margin-bottom: 0.5rem; white-space: pre-wrap; position: relative;\"><span md-inline=\"plain\">任何社会都是分层次的</span><span md-inline=\"softbreak\">\r\n</span><span md-inline=\"plain\">我们现在要做的就是努力提高层次</span><span md-inline=\"softbreak\">\r\n</span><span md-inline=\"plain\">要相信自己，只有有信心，有意识地锻炼自己，才能打破社会层级，只有更加努力，更加自信，才能走到顶层。</span></p></li></ul><h3 cid=\"n9\" mdtype=\"heading\" style=\"break-after: avoid-page; break-inside: avoid; font-size: 1.5em; margin-top: 1rem; margin-bottom: 1rem; position: relative; font-weight: bold; line-height: 1.43; cursor: text; white-space: pre-wrap; color: rgb(51, 51, 51); font-family: &quot;Open Sans&quot;, &quot;Clear Sans&quot;, &quot;Helvetica Neue&quot;, Helvetica, Arial, sans-serif;\"><span md-inline=\"plain\">人生最重要的投资</span></h3><ul cid=\"n10\" mdtype=\"list\" style=\"margin-top: 0.8em; margin-bottom: 0.8em; margin-left: 0px; padding-left: 30px; position: relative; color: rgb(51, 51, 51); font-family: &quot;Open Sans&quot;, &quot;Clear Sans&quot;, &quot;Helvetica Neue&quot;, Helvetica, Arial, sans-serif; font-size: 16px;\"><li cid=\"n11\" mdtype=\"list_item\" style=\"position: relative;\"><p cid=\"n12\" mdtype=\"paragraph\" style=\"line-height: inherit; orphans: 4; margin-top: 0px; margin-bottom: 0.5rem; white-space: pre-wrap; position: relative;\"><span md-inline=\"plain\">男生应该有足够的独立性，并且承担对未来自己未来家庭的义务。</span><span md-inline=\"softbreak\">\r\n</span><span md-inline=\"plain\">要承担属于自己的责任，同事要提高自己的能力，使得自己用于承担责任的能力。</span></p></li><li cid=\"n13\" mdtype=\"list_item\" style=\"position: relative;\"><p cid=\"n14\" mdtype=\"paragraph\" style=\"line-height: inherit; orphans: 4; margin-top: 0px; margin-bottom: 0.5rem; white-space: pre-wrap; position: relative;\"><span md-inline=\"plain\">恋爱是激情，是化学物质所带来的愉悦；婚姻则是由两个人一同构造一个舒适的共同体，在那个共同体中，双方都将受益。 </span></p></li><li cid=\"n15\" mdtype=\"list_item\" style=\"position: relative;\"><p cid=\"n16\" mdtype=\"paragraph\" style=\"line-height: inherit; orphans: 4; margin-top: 0px; margin-bottom: 0.5rem; white-space: pre-wrap; position: relative;\"><span md-inline=\"plain\">婚姻观：夫妻间关系的重要性高于其他关系的重要性</span></p></li></ul><h3 cid=\"n17\" mdtype=\"heading\" style=\"break-after: avoid-page; break-inside: avoid; font-size: 1.5em; margin-top: 1rem; margin-bottom: 1rem; position: relative; font-weight: bold; line-height: 1.43; cursor: text; white-space: pre-wrap; color: rgb(51, 51, 51); font-family: &quot;Open Sans&quot;, &quot;Clear Sans&quot;, &quot;Helvetica Neue&quot;, Helvetica, Arial, sans-serif;\"><span md-inline=\"plain\">先让父母成熟起来</span></h3><ul cid=\"n18\" mdtype=\"list\" style=\"margin-top: 0.8em; margin-bottom: 0.8em; margin-left: 0px; padding-left: 30px; position: relative; color: rgb(51, 51, 51); font-family: &quot;Open Sans&quot;, &quot;Clear Sans&quot;, &quot;Helvetica Neue&quot;, Helvetica, Arial, sans-serif; font-size: 16px;\"><li cid=\"n19\" mdtype=\"list_item\" style=\"position: relative;\"><p cid=\"n20\" mdtype=\"paragraph\" style=\"line-height: inherit; orphans: 4; margin-top: 0px; margin-bottom: 0.5rem; white-space: pre-wrap; position: relative;\"><span md-inline=\"plain\">父母成熟，首先要自己不断进步</span></p></li><li cid=\"n21\" mdtype=\"list_item\" style=\"position: relative;\"><p cid=\"n22\" mdtype=\"paragraph\" style=\"line-height: inherit; orphans: 4; margin-top: 0px; margin-bottom: 0.5rem; white-space: pre-wrap; position: relative;\"><span md-inline=\"plain\">把自己看成一个成年人，用一种尊敬，而且是成年人之间的沟通方式和长辈说话，要不断将自己接受的新思维方式和理念传递给父母</span></p></li></ul><ul cid=\"n24\" mdtype=\"list\" style=\"margin-top: 0.8em; margin-bottom: 0.8em; margin-left: 0px; padding-left: 30px; position: relative; color: rgb(51, 51, 51); font-family: &quot;Open Sans&quot;, &quot;Clear Sans&quot;, &quot;Helvetica Neue&quot;, Helvetica, Arial, sans-serif; font-size: 16px;\"><li cid=\"n25\" mdtype=\"list_item\" style=\"position: relative;\"><p cid=\"n26\" mdtype=\"paragraph\" style=\"line-height: inherit; orphans: 4; margin-top: 0px; margin-bottom: 0.5rem; white-space: pre-wrap; position: relative;\"><span md-inline=\"plain\">幸福来自我自身的感受</span><span md-inline=\"softbreak\">\r\n</span><span md-inline=\"plain\">不要在别人的想法，不要理会别人的嘲讽</span></p></li><li cid=\"n27\" mdtype=\"list_item\" style=\"position: relative;\"><p cid=\"n28\" mdtype=\"paragraph\" style=\"line-height: inherit; orphans: 4; margin-top: 0px; margin-bottom: 0.5rem; white-space: pre-wrap; position: relative;\"><span md-inline=\"plain\">做事留三分余地，不能自己把自己逼到死角</span><span md-inline=\"softbreak\">\r\n</span><span md-inline=\"plain\">不到万不得已不要一条路莽到黑，要给自己留有余地</span></p></li><li cid=\"n29\" mdtype=\"list_item\" style=\"position: relative;\"><p cid=\"n30\" mdtype=\"paragraph\" style=\"line-height: inherit; orphans: 4; margin-top: 0px; margin-bottom: 0.5rem; white-space: pre-wrap; position: relative;\"><span md-inline=\"plain\">一个人是否愿意接受新的知识，在于是否有开放的心态，而非过去的教育程度</span><span md-inline=\"softbreak\">\r\n</span><span md-inline=\"plain\">在一定的基础上要敢于尝试新的事物</span></p></li></ul><h3 cid=\"n31\" mdtype=\"heading\" style=\"break-after: avoid-page; break-inside: avoid; font-size: 1.5em; margin-top: 1rem; margin-bottom: 1rem; position: relative; font-weight: bold; line-height: 1.43; cursor: text; white-space: pre-wrap; color: rgb(51, 51, 51); font-family: &quot;Open Sans&quot;, &quot;Clear Sans&quot;, &quot;Helvetica Neue&quot;, Helvetica, Arial, sans-serif;\"><span md-inline=\"plain\">向死而生 </span></h3><ul cid=\"n32\" mdtype=\"list\" style=\"margin-top: 0.8em; margin-bottom: 0.8em; margin-left: 0px; padding-left: 30px; position: relative; color: rgb(51, 51, 51); font-family: &quot;Open Sans&quot;, &quot;Clear Sans&quot;, &quot;Helvetica Neue&quot;, Helvetica, Arial, sans-serif; font-size: 16px;\"><li cid=\"n33\" mdtype=\"list_item\" style=\"position: relative;\"><p cid=\"n34\" mdtype=\"paragraph\" style=\"line-height: inherit; orphans: 4; margin-top: 0px; margin-bottom: 0.5rem; white-space: pre-wrap; position: relative;\"><span md-inline=\"plain\">除死无大难</span></p></li><li cid=\"n35\" mdtype=\"list_item\" style=\"position: relative;\"><p cid=\"n36\" mdtype=\"paragraph\" style=\"line-height: inherit; orphans: 4; margin-top: 0px; margin-bottom: 0.5rem; white-space: pre-wrap; position: relative;\"><span md-inline=\"plain\">活着就有希望</span></p></li></ul><ul cid=\"n38\" mdtype=\"list\" style=\"margin-top: 0.8em; margin-bottom: 0.8em; margin-left: 0px; padding-left: 30px; position: relative; color: rgb(51, 51, 51); font-family: &quot;Open Sans&quot;, &quot;Clear Sans&quot;, &quot;Helvetica Neue&quot;, Helvetica, Arial, sans-serif; font-size: 16px;\"><li cid=\"n39\" mdtype=\"list_item\" style=\"position: relative;\"><p cid=\"n40\" mdtype=\"paragraph\" style=\"line-height: inherit; orphans: 4; margin-top: 0px; margin-bottom: 0.5rem; white-space: pre-wrap; position: relative;\"><span md-inline=\"plain\">我们并没有时间什么事情都做</span></p></li><li cid=\"n41\" mdtype=\"list_item\" style=\"position: relative;\"><p cid=\"n42\" mdtype=\"paragraph\" style=\"line-height: inherit; orphans: 4; margin-top: 0px; margin-bottom: 0.5rem; white-space: pre-wrap; position: relative;\"><span md-inline=\"plain\">把要做的事情，从最重要的开始，列一个单子，然后从单子上最重要的事情开始做</span></p></li><li cid=\"n43\" mdtype=\"list_item\" style=\"position: relative;\"><p cid=\"n44\" mdtype=\"paragraph\" style=\"line-height: inherit; orphans: 4; margin-top: 0px; margin-bottom: 0.5rem; white-space: pre-wrap; position: relative;\"><span md-inline=\"plain\">有些事情看似很重要，但是仔细想一想，其实也是可有可无，站在一生的角度看，放弃了也并无大碍</span></p></li></ul><h2 cid=\"n46\" mdtype=\"heading\" style=\"break-after: avoid-page; break-inside: avoid; font-size: 1.75em; margin-top: 1rem; margin-bottom: 1rem; position: relative; font-weight: bold; line-height: 1.225; cursor: text; padding-bottom: 0.3em; border-bottom: 1px solid rgb(238, 238, 238); white-space: pre-wrap; color: rgb(51, 51, 51); font-family: &quot;Open Sans&quot;, &quot;Clear Sans&quot;, &quot;Helvetica Neue&quot;, Helvetica, Arial, sans-serif;\"><span md-inline=\"plain\">2.人生需要做减法（这个需要多看看）</span></h2><h3 cid=\"n47\" mdtype=\"heading\" style=\"break-after: avoid-page; break-inside: avoid; font-size: 1.5em; margin-top: 1rem; margin-bottom: 1rem; position: relative; font-weight: bold; line-height: 1.43; cursor: text; white-space: pre-wrap; color: rgb(51, 51, 51); font-family: &quot;Open Sans&quot;, &quot;Clear Sans&quot;, &quot;Helvetica Neue&quot;, Helvetica, Arial, sans-serif;\"><span md-inline=\"plain\">没有选择的优势</span></h3><ul cid=\"n48\" mdtype=\"list\" style=\"margin-top: 0.8em; margin-bottom: 0.8em; margin-left: 0px; padding-left: 30px; position: relative; color: rgb(51, 51, 51); font-family: &quot;Open Sans&quot;, &quot;Clear Sans&quot;, &quot;Helvetica Neue&quot;, Helvetica, Arial, sans-serif; font-size: 16px;\"><li cid=\"n49\" mdtype=\"list_item\" style=\"position: relative;\"><p cid=\"n50\" mdtype=\"paragraph\" style=\"line-height: inherit; orphans: 4; margin-top: 0px; margin-bottom: 0.5rem; white-space: pre-wrap; position: relative;\"><span md-inline=\"plain\">很多时候，我们把太多的 精力花在了选择上，而不是经营上，导致难以精进。或许少些选择，会更加聚焦，也会让我们更加幸福，更成功。</span></p></li></ul><h3 cid=\"n52\" mdtype=\"heading\" style=\"break-after: avoid-page; break-inside: avoid; font-size: 1.5em; margin-top: 1rem; margin-bottom: 1rem; position: relative; font-weight: bold; line-height: 1.43; cursor: text; white-space: pre-wrap; color: rgb(51, 51, 51); font-family: &quot;Open Sans&quot;, &quot;Clear Sans&quot;, &quot;Helvetica Neue&quot;, Helvetica, Arial, sans-serif;\"><span md-inline=\"plain\">做人与作诗：我们需要林黛玉</span></h3><h3 cid=\"n53\" mdtype=\"heading\" style=\"break-after: avoid-page; break-inside: avoid; font-size: 1.5em; margin-top: 1rem; margin-bottom: 1rem; position: relative; font-weight: bold; line-height: 1.43; cursor: text; white-space: pre-wrap; color: rgb(51, 51, 51); font-family: &quot;Open Sans&quot;, &quot;Clear Sans&quot;, &quot;Helvetica Neue&quot;, Helvetica, Arial, sans-serif;\"><span md-inline=\"plain\">西瓜和芝麻</span></h3><ul cid=\"n54\" mdtype=\"list\" style=\"margin-top: 0.8em; margin-bottom: 0.8em; margin-left: 0px; padding-left: 30px; position: relative; color: rgb(51, 51, 51); font-family: &quot;Open Sans&quot;, &quot;Clear Sans&quot;, &quot;Helvetica Neue&quot;, Helvetica, Arial, sans-serif; font-size: 16px;\"><li cid=\"n55\" mdtype=\"list_item\" style=\"position: relative;\"><p cid=\"n56\" mdtype=\"paragraph\" style=\"line-height: inherit; orphans: 4; margin-top: 0px; margin-bottom: 0.5rem; white-space: pre-wrap; position: relative;\"><span md-inline=\"strong\"><strong><span md-inline=\"plain\">人一旦心志变得非常低，就很难提升自己、让自己走到越来越高的层次上。</span></strong></span><span md-inline=\"softbreak\">\r\n</span><span md-inline=\"plain\">要有凌云之志</span></p></li><li cid=\"n57\" mdtype=\"list_item\" style=\"position: relative;\"><p cid=\"n58\" mdtype=\"paragraph\" style=\"line-height: inherit; orphans: 4; margin-top: 0px; margin-bottom: 0.5rem; white-space: pre-wrap; position: relative;\"><span md-inline=\"plain\">伪工作者 习惯于制作简单、重复且价值又低的工作，因为那种工作不需要太动脑筋，不会遇到非常大的困难。但是，人一旦习惯于这种工作，真正有创造性的工作就做不来了。</span></p></li><li cid=\"n59\" mdtype=\"list_item\" style=\"position: relative;\"><p cid=\"n60\" mdtype=\"paragraph\" style=\"line-height: inherit; orphans: 4; margin-top: 0px; margin-bottom: 0.5rem; white-space: pre-wrap; position: relative;\"><span md-inline=\"plain\">思维方式和衡量价值的标准很重要</span></p></li><li cid=\"n61\" mdtype=\"list_item\" style=\"position: relative;\"><p cid=\"n62\" mdtype=\"paragraph\" style=\"line-height: inherit; orphans: 4; margin-top: 0px; margin-bottom: 0.5rem; white-space: pre-wrap; position: relative;\"><span md-inline=\"plain\">除了眼光和思维方式的不同，捡西瓜更是要能力的，它不能靠运气，而是需要长期培养才能获得。</span></p></li></ul><p cid=\"n63\" mdtype=\"paragraph\" style=\"line-height: inherit; orphans: 4; margin-top: 0.8em; margin-bottom: 0.8em; white-space: pre-wrap; position: relative; color: rgb(51, 51, 51); font-family: &quot;Open Sans&quot;, &quot;Clear Sans&quot;, &quot;Helvetica Neue&quot;, Helvetica, Arial, sans-serif; font-size: 16px;\"><span md-inline=\"plain\">-** 如果致力于捡西瓜，就要耐得住寂寞**。</span></p><h3 cid=\"n65\" mdtype=\"heading\" style=\"break-after: avoid-page; break-inside: avoid; font-size: 1.5em; margin-top: 1rem; margin-bottom: 1rem; position: relative; font-weight: bold; line-height: 1.43; cursor: text; white-space: pre-wrap; color: rgb(51, 51, 51); font-family: &quot;Open Sans&quot;, &quot;Clear Sans&quot;, &quot;Helvetica Neue&quot;, Helvetica, Arial, sans-serif;\"><span md-inline=\"plain\">生也有涯，知也无涯</span></h3><ul cid=\"n66\" mdtype=\"list\" style=\"margin-top: 0.8em; margin-bottom: 0.8em; margin-left: 0px; padding-left: 30px; position: relative; color: rgb(51, 51, 51); font-family: &quot;Open Sans&quot;, &quot;Clear Sans&quot;, &quot;Helvetica Neue&quot;, Helvetica, Arial, sans-serif; font-size: 16px;\"><li cid=\"n67\" mdtype=\"list_item\" style=\"position: relative;\"><p cid=\"n68\" mdtype=\"paragraph\" style=\"line-height: inherit; orphans: 4; margin-top: 0px; margin-bottom: 0.5rem; white-space: pre-wrap; position: relative;\"><span md-inline=\"plain\">做减法</span></p></li><li cid=\"n69\" mdtype=\"list_item\" style=\"position: relative;\"><p cid=\"n70\" mdtype=\"paragraph\" style=\"line-height: inherit; orphans: 4; margin-top: 0px; margin-bottom: 0.5rem; white-space: pre-wrap; position: relative;\"><span md-inline=\"plain\">首先，能够跳出思维定式，换一个角度来判断一件事情的重要性；其次，敢于舍弃</span><span md-inline=\"softbreak\">\r\n</span><span md-inline=\"plain\">换角度思考问题，要敢于舍弃</span></p></li><li cid=\"n71\" mdtype=\"list_item\" style=\"position: relative;\"><p cid=\"n72\" mdtype=\"paragraph\" style=\"line-height: inherit; orphans: 4; margin-top: 0px; margin-bottom: 0.5rem; white-space: pre-wrap; position: relative;\"><span md-inline=\"plain\">思维定式：临时插进来的事情必须要做，不做就没礼貌，没面子，或者就亏了。其实那些事情如果不做，天根本不会塌下来。</span><span md-inline=\"softbreak\">\r\n</span><span md-inline=\"plain\">先做最重要的，要避免这种思维</span></p></li><li cid=\"n73\" mdtype=\"list_item\" style=\"position: relative;\"><p cid=\"n74\" mdtype=\"paragraph\" style=\"line-height: inherit; orphans: 4; margin-top: 0px; margin-bottom: 0.5rem; white-space: pre-wrap; position: relative;\"><span md-inline=\"strong\"><strong><span md-inline=\"plain\">要把一件事做好，首先想到的就应该是少做事情，而不是让自己更加忙碌</span></strong></span></p></li></ul><ul cid=\"n76\" mdtype=\"list\" style=\"margin-top: 0.8em; margin-bottom: 0.8em; margin-left: 0px; padding-left: 30px; position: relative; color: rgb(51, 51, 51); font-family: &quot;Open Sans&quot;, &quot;Clear Sans&quot;, &quot;Helvetica Neue&quot;, Helvetica, Arial, sans-serif; font-size: 16px;\"><li cid=\"n77\" mdtype=\"list_item\" style=\"position: relative;\"><p cid=\"n78\" mdtype=\"paragraph\" style=\"line-height: inherit; orphans: 4; margin-top: 0px; margin-bottom: 0.5rem; white-space: pre-wrap; position: relative;\"><span md-inline=\"plain\">跳出思维定式有时需要大胆的反常规思考，甚至舍弃很多利益。</span></p></li><li cid=\"n79\" mdtype=\"list_item\" style=\"position: relative;\"><p cid=\"n80\" mdtype=\"paragraph\" style=\"line-height: inherit; orphans: 4; margin-top: 0px; margin-bottom: 0.5rem; white-space: pre-wrap; position: relative;\"><span md-inline=\"plain\">要想换去更多的时间，就必须牺牲很多经济利益</span></p></li><li cid=\"n81\" mdtype=\"list_item\" style=\"position: relative;\"><p cid=\"n82\" mdtype=\"paragraph\" style=\"line-height: inherit; orphans: 4; margin-top: 0px; margin-bottom: 0.5rem; white-space: pre-wrap; position: relative;\"><span md-inline=\"plain\">少做点事情就好，把要做的事减到最少</span></p></li></ul><ul cid=\"n84\" mdtype=\"list\" style=\"margin-top: 0.8em; margin-bottom: 0.8em; margin-left: 0px; padding-left: 30px; position: relative; color: rgb(51, 51, 51); font-family: &quot;Open Sans&quot;, &quot;Clear Sans&quot;, &quot;Helvetica Neue&quot;, Helvetica, Arial, sans-serif; font-size: 16px;\"><li cid=\"n85\" mdtype=\"list_item\" style=\"position: relative;\"><p cid=\"n86\" mdtype=\"paragraph\" style=\"line-height: inherit; orphans: 4; margin-top: 0px; margin-bottom: 0.5rem; white-space: pre-wrap; position: relative;\"><span md-inline=\"plain\">人有一个弱点，就是见到小便宜想去占，很多利益舍不得放弃</span></p></li></ul><ul cid=\"n88\" mdtype=\"list\" style=\"margin-top: 0.8em; margin-bottom: 0.8em; margin-left: 0px; padding-left: 30px; position: relative; color: rgb(51, 51, 51); font-family: &quot;Open Sans&quot;, &quot;Clear Sans&quot;, &quot;Helvetica Neue&quot;, Helvetica, Arial, sans-serif; font-size: 16px;\"><li cid=\"n89\" mdtype=\"list_item\" style=\"position: relative;\"><p cid=\"n90\" mdtype=\"paragraph\" style=\"line-height: inherit; orphans: 4; margin-top: 0px; margin-bottom: 0.5rem; white-space: pre-wrap; position: relative;\"><span md-inline=\"plain\">人生成功的秘诀在于做减法，而做减法的关键在于能够跳出一般人的思维定式，找到那些前期是无关紧要的事情，然后下决心把那些事情放弃掉。</span><span md-inline=\"softbreak\">\r\n</span><span md-inline=\"plain\">需要做减法，跳出思维定式需要从不同的角度看待问题，甚至反常规思考问题</span></p></li></ul><p><span style=\"font-size: x-large; font-weight: bold;\">视频</span></p><p><iframe onload=\"setIframeHeight(this)\" src=\"//player.bilibili.com/player.html?aid=980902831&amp;bvid=BV1z44y1G7Dv&amp;cid=584279833&amp;page=1\" scrolling=\"no\" border=\"0\" frameborder=\"no\" framespacing=\"0\" allowfullscreen=\"true\"> </iframe></p><p><br></p><p><br></p><p cid=\"n332\" mdtype=\"paragraph\" style=\"color: rgb(51, 51, 51); font-family: &quot;Open Sans&quot;, &quot;Clear Sans&quot;, &quot;Helvetica Neue&quot;, Helvetica, Arial, sans-serif; font-size: 16px; line-height: inherit; orphans: 4; margin-top: 0.5rem; margin-bottom: 0.5rem; white-space: pre-wrap; position: relative;\"><span md-inline=\"plain\">                          </span></p>', 1651753520392, 1651753520392, 777, 0, 2, 1, '阅读,笔记', 1651753520392, 0, 2, 0);

-- ----------------------------
-- Table structure for ta_mbquestion
-- ----------------------------
DROP TABLE IF EXISTS `ta_mbquestion`;
CREATE TABLE `ta_mbquestion`  (
  `id` int(11) NOT NULL AUTO_INCREMENT,
  `question` varchar(255) CHARACTER SET utf8 COLLATE utf8_general_ci NULL DEFAULT NULL COMMENT 'mbti表中问题题目',
  `option_a` varchar(255) CHARACTER SET utf8 COLLATE utf8_general_ci NULL DEFAULT NULL COMMENT ' 选项A',
  `option_b` varchar(255) CHARACTER SET utf8 COLLATE utf8_general_ci NULL DEFAULT NULL COMMENT ' 选项B',
  `type` int(11) NULL DEFAULT NULL COMMENT '类别 1表示E/I; 2表示S/N; 3表示T/F; 4表示J/P',
  `status` int(11) NULL DEFAULT 0 COMMENT '记录是否可用 0表示可用;1表示不可用',
  `flag` int(11) NULL DEFAULT 0,
  PRIMARY KEY (`id`) USING BTREE
) ENGINE = InnoDB AUTO_INCREMENT = 95 CHARACTER SET = utf8 COLLATE = utf8_general_ci ROW_FORMAT = Compact;

-- ----------------------------
-- Records of ta_mbquestion
-- ----------------------------
INSERT INTO `ta_mbquestion` VALUES (1, '当你要外出一整天，你会', 'A 计划你要做什么和在什么时候做', 'B 说去就去', 4, 0, 0);
INSERT INTO `ta_mbquestion` VALUES (3, '你认为自己是一个                                   ', 'A   较为有条理的人                             ', 'B  较为随兴所至的人                           ', 4, 0, 0);
INSERT INTO `ta_mbquestion` VALUES (4, '假如你是一位老师，你会选教                             ', 'A 以事实为主的课程，                               ', 'B 涉及理论的课程                               ', 2, 0, 0);
INSERT INTO `ta_mbquestion` VALUES (5, '你通常                             ', 'A 与人容易混熟，                               ', 'B 比较沉静或矜持                               ', 1, 0, 0);
INSERT INTO `ta_mbquestion` VALUES (6, '一般来说，你和哪些人比较合得来？                   ', 'A 现实的人                 ', 'B 富于想象力的人', 2, 0, 0);
INSERT INTO `ta_mbquestion` VALUES (7, '你是否经常让', 'A 你的理智主宰你的情感', 'B 你的情感支配你的理智', 3, 0, 0);
INSERT INTO `ta_mbquestion` VALUES (8, '处理许多事情上，你会喜欢', 'A 按照计划行事', 'B 凭兴所至行事', 4, 0, 0);
INSERT INTO `ta_mbquestion` VALUES (9, '你是否', 'A 容易让人了解，或是 ', 'B 难于让人了解', 1, 0, 0);
INSERT INTO `ta_mbquestion` VALUES (10, '按照程序表做事，', 'A 合你心意， ', 'B 令你感到束缚', 4, 0, 0);
INSERT INTO `ta_mbquestion` VALUES (11, '当你有一份特别的任务，你会喜欢', 'A 开始前小心组织计划， ', 'B 边做边找须做什么', 4, 0, 0);
INSERT INTO `ta_mbquestion` VALUES (12, '在大多数情况下，你会选择', 'A 按程序表做事', 'B 顺其自然', 4, 0, 0);
INSERT INTO `ta_mbquestion` VALUES (13, '大多数人会说你是一个', 'A 非常坦率开放的人', 'B 重视自我隐私的人', 1, 0, 0);
INSERT INTO `ta_mbquestion` VALUES (14, '你宁愿被人认为是一个', 'A 实事求是的人，', 'B 机灵的人', 2, 0, 0);
INSERT INTO `ta_mbquestion` VALUES (15, '在一大群人当中，通常是', 'A 你介绍大家认识，', 'B 别人介绍你', 1, 0, 0);
INSERT INTO `ta_mbquestion` VALUES (16, '你会跟哪些人做朋友？', 'A 脚踏实地的', 'B 常提出新创意的', 2, 0, 0);
INSERT INTO `ta_mbquestion` VALUES (17, '你倾向', 'A 重视逻辑多于感情', 'B 重视感情多于逻辑', 3, 0, 0);
INSERT INTO `ta_mbquestion` VALUES (18, '你比较喜欢', 'A 很早就作计划', 'B 坐观事情发展才作计划', 4, 0, 0);
INSERT INTO `ta_mbquestion` VALUES (19, '你喜欢花很多的时间', 'A 合别人在一起', 'B 一个人独处', 1, 0, 0);
INSERT INTO `ta_mbquestion` VALUES (20, '与很多人一起会', 'A 令你活力培增，', 'B 常常令你心力憔悴', 1, 0, 0);
INSERT INTO `ta_mbquestion` VALUES (21, '你比较喜欢', 'A 很早便把', 'B 无拘无束，看当时有什么好玩就做什么', 4, 0, 0);
INSERT INTO `ta_mbquestion` VALUES (22, '计划一个旅程时，你较喜欢', 'A 事先知道大部分的日子会做什么', 'B 大部分的时间都是跟当天的感觉行事', 4, 0, 0);
INSERT INTO `ta_mbquestion` VALUES (23, '在社交聚会中，你', 'A 常常乐在其中', 'B 有时感到郁闷', 1, 0, 0);
INSERT INTO `ta_mbquestion` VALUES (24, '你通常', 'A 和别人容易混熟，', 'B 趋向自处一隅', 1, 0, 0);
INSERT INTO `ta_mbquestion` VALUES (25, '哪些人会更吸引你？', 'A 实事求是，具丰富常识的人', 'B 一个思想敏捷及非常聪颖的人', 2, 0, 0);
INSERT INTO `ta_mbquestion` VALUES (26, '在日常工作中，你会', 'A 通常预先计划，以免要在压力下工作', 'B 颇为喜欢处理迫使你分秒必争的突发工作', 4, 0, 0);
INSERT INTO `ta_mbquestion` VALUES (27, '你认为别人一般', 'A 用很短的时间便认识你', 'B 要花很长时间才认识你', 1, 0, 0);
INSERT INTO `ta_mbquestion` VALUES (28, '在下面两个词语中，哪一个词语更合你心意？', 'A 坦率开放	', 'B 注重隐私', 1, 0, 0);
INSERT INTO `ta_mbquestion` VALUES (29, '在下面两个词语中，哪一个词语更合你心意？', 'A 预先安排的	', 'B 无计划的', 4, 0, 0);
INSERT INTO `ta_mbquestion` VALUES (30, '在下面两个词语中，哪一个词语更合你心意？', 'A 具体	', 'B 抽象', 2, 0, 0);
INSERT INTO `ta_mbquestion` VALUES (31, '在下面两个词语中，哪一个词语更合你心意？', 'A 坚定', 'B 温柔', 3, 0, 0);
INSERT INTO `ta_mbquestion` VALUES (32, '在下面两个词语中，哪一个词语更合你心意？', 'A 思考	', 'B 感受', 3, 0, 0);
INSERT INTO `ta_mbquestion` VALUES (33, '在下面两个词语中，哪一个词语更合你心意？', 'A 事实	', 'B 意念', 2, 0, 0);
INSERT INTO `ta_mbquestion` VALUES (34, '在下面两个词语中，哪一个词语更合你心意？', 'A 决定	', 'B 冲动', 4, 0, 0);
INSERT INTO `ta_mbquestion` VALUES (35, '在下面两个词语中，哪一个词语更合你心意？', 'A 热衷	', 'B 文静', 1, 0, 0);
INSERT INTO `ta_mbquestion` VALUES (36, '在下面两个词语中，哪一个词语更合你心意？', 'A 外向	', 'B 文静', 1, 0, 0);
INSERT INTO `ta_mbquestion` VALUES (37, '在下面两个词语中，哪一个词语更合你心意？', 'A 有系统', 'B 随意', 4, 0, 0);
INSERT INTO `ta_mbquestion` VALUES (38, '在下面两个词语中，哪一个词语更合你心意？', 'A 肯定	', 'B 理论', 2, 0, 0);
INSERT INTO `ta_mbquestion` VALUES (39, '在下面两个词语中，哪一个词语更合你心意？', 'A 公正	', 'B 敏感', 3, 0, 0);
INSERT INTO `ta_mbquestion` VALUES (40, '在下面两个词语中，哪一个词语更合你心意？', 'A 令人信服	', 'B 感人的', 3, 0, 0);
INSERT INTO `ta_mbquestion` VALUES (41, '在下面两个词语中，哪一个词语更合你心意？', 'A 声明	', 'B 概念', 2, 0, 0);
INSERT INTO `ta_mbquestion` VALUES (42, '在下面两个词语中，哪一个词语更合你心意？', 'A 预先安排	', 'B 不受约束', 4, 0, 0);
INSERT INTO `ta_mbquestion` VALUES (43, '在下面两个词语中，哪一个词语更合你心意？', 'A 矜持	', 'B 健谈', 1, 0, 0);
INSERT INTO `ta_mbquestion` VALUES (44, '在下面两个词语中，哪一个词语更合你心意？', 'A 有条不紊	', 'B 不拘小节', 4, 0, 0);
INSERT INTO `ta_mbquestion` VALUES (45, '在下面两个词语中，哪一个词语更合你心意？', 'A 意念	', 'B 实况', 2, 0, 0);
INSERT INTO `ta_mbquestion` VALUES (46, '在下面两个词语中，哪一个词语更合你心意？', 'A 同情怜悯	', 'B 远见', 3, 0, 0);
INSERT INTO `ta_mbquestion` VALUES (47, '在下面两个词语中，哪一个词语更合你心意？', 'A 利益	', 'B 祝福', 3, 0, 0);
INSERT INTO `ta_mbquestion` VALUES (48, '在下面两个词语中，哪一个词语更合你心意？', 'A 务实的	', 'B 理论的', 2, 0, 0);
INSERT INTO `ta_mbquestion` VALUES (49, '在下面两个词语中，哪一个词语更合你心意？', 'A 朋友不多	', 'B 朋友众多', 1, 0, 0);
INSERT INTO `ta_mbquestion` VALUES (50, '在下面两个词语中，哪一个词语更合你心意？', 'A 有系统	', 'B 即兴', 4, 0, 0);
INSERT INTO `ta_mbquestion` VALUES (51, '在下面两个词语中，哪一个词语更合你心意？', 'A 富想象的	', 'B 以事论事', 2, 0, 0);
INSERT INTO `ta_mbquestion` VALUES (52, '在下面两个词语中，哪一个词语更合你心意？', 'A 亲切的	', 'B 客观的', 3, 0, 0);
INSERT INTO `ta_mbquestion` VALUES (53, '在下面两个词语中，哪一个词语更合你心意？', 'A 客观的	', 'B 热情的', 3, 0, 0);
INSERT INTO `ta_mbquestion` VALUES (54, '在下面两个词语中，哪一个词语更合你心意？', 'A 建造	', 'B 发明', 2, 0, 0);
INSERT INTO `ta_mbquestion` VALUES (55, '在下面两个词语中，哪一个词语更合你心意？', 'A 文静	', 'B 爱合群', 1, 0, 0);
INSERT INTO `ta_mbquestion` VALUES (56, '在下面两个词语中，哪一个词语更合你心意？', 'A 理论	', 'B 事实', 2, 0, 0);
INSERT INTO `ta_mbquestion` VALUES (57, '在下面两个词语中，哪一个词语更合你心意？', 'A 富同情', 'B 合逻辑', 3, 0, 0);
INSERT INTO `ta_mbquestion` VALUES (58, '在下面两个词语中，哪一个词语更合你心意？', 'A 具分析力', 'B 多愁善感', 3, 0, 0);
INSERT INTO `ta_mbquestion` VALUES (59, '在下面两个词语中，哪一个词语更合你心意？', 'A 合情合理	', 'B 令人着迷', 2, 0, 0);
INSERT INTO `ta_mbquestion` VALUES (60, '当你要在一个星期内完成一个大项目，你在开始的时候会', 'A.把要做的不同工作依次列出，', 'B.马上动工', 4, 0, 0);
INSERT INTO `ta_mbquestion` VALUES (61, '在社交场合中，你经常会感到', 'A.与某些人很难打开话匣儿和保持对话，或是 ', 'B.很容易和别人交流', 1, 0, 0);
INSERT INTO `ta_mbquestion` VALUES (62, '要做许多人也做的事，你比较喜欢', 'A.按照一般认可的方法去做，', 'B.构想一个自己的想法', 2, 0, 0);
INSERT INTO `ta_mbquestion` VALUES (63, '你刚认识的朋友能否说出你的兴趣？', 'A.马上可以，', 'B.要待他们真正了解你之后才可以', 1, 0, 0);
INSERT INTO `ta_mbquestion` VALUES (64, '你通常较喜欢的科目是', 'A.讲授概念和原则的，', 'B.讲授事实和数据的', 2, 0, 0);
INSERT INTO `ta_mbquestion` VALUES (65, '哪个是较高的赞誉，或称许为？ ', 'A.一贯感性的人，', 'B.一贯理性的人', 3, 0, 0);
INSERT INTO `ta_mbquestion` VALUES (66, '你认为按照程序表做事', 'A.有时是需要的，但一般来说你不大喜欢这样做，或是', 'B.大多数情况下是有帮助而且是你喜欢做的', 4, 0, 0);
INSERT INTO `ta_mbquestion` VALUES (67, '和一群人在一起，你通常会选', 'A.跟你很熟悉的个别人谈话，', 'B.参与大伙的谈话', 1, 0, 0);
INSERT INTO `ta_mbquestion` VALUES (68, '在社交聚会上，你会', 'A.是说话很多的一个，', 'B.让别人多说话', 1, 0, 0);
INSERT INTO `ta_mbquestion` VALUES (69, '把周末期间要完成的事列成清单，这个主意会', 'A.合你意，', 'B.使你提不起劲', 4, 0, 0);
INSERT INTO `ta_mbquestion` VALUES (70, '哪个是较高的赞誉，或行为?', 'A.能干的，', 'B.富有同情心', 3, 0, 0);
INSERT INTO `ta_mbquestion` VALUES (71, '你通常喜欢', 'A.事先安排你的社交约会，', 'B.随兴之所至做事', 4, 0, 0);
INSERT INTO `ta_mbquestion` VALUES (72, '总的说来，要做一个大型作业时，你会选', 'A.边做边想该做什么，', 'B.首先把工作按步细分', 4, 0, 0);
INSERT INTO `ta_mbquestion` VALUES (73, '你能否滔滔不绝地与人聊天', 'A.只限于跟你有共同兴趣的人，', 'B.几乎跟任何人都可以', 1, 0, 0);
INSERT INTO `ta_mbquestion` VALUES (74, '你会', 'A.跟随一些证明有效的方法，或是', 'B.分析还有什么毛病，及针对尚未解决的难题', 2, 0, 0);
INSERT INTO `ta_mbquestion` VALUES (75, '为乐趣而阅读时，你会', 'A.喜欢奇特或创新的表达方式，', 'B.喜欢作者直话直说', 2, 0, 0);
INSERT INTO `ta_mbquestion` VALUES (76, '你宁愿替哪一类上司（或者老师）工作？ ', 'A 天性淳良，但常常前后不一的，', 'B 言词尖锐但永远合乎逻辑的', 3, 0, 0);
INSERT INTO `ta_mbquestion` VALUES (77, '你做事多数是', 'A 按当天心情去做，', 'B 照拟好的程序表去做', 4, 0, 0);
INSERT INTO `ta_mbquestion` VALUES (78, '你是否', 'A 可以和任何人按需求从容地交谈  ', 'B 只是对某些人或在某种情况下才可以畅所欲言', 1, 0, 0);
INSERT INTO `ta_mbquestion` VALUES (79, '要作决定时，你认为比较重要的是', 'A 据事实衡量，', 'B 考虑他人的感受和意见', 3, 0, 0);
INSERT INTO `ta_mbquestion` VALUES (80, '在下列两个词语中，哪一个更符合你的心意？', 'A 想象的 ', 'B 真实的', 2, 0, 0);
INSERT INTO `ta_mbquestion` VALUES (81, '在下列两个词语中，哪一个更符合你的心意？', 'A 仁慈慷慨的 ', 'B 意志坚定的', 3, 0, 0);
INSERT INTO `ta_mbquestion` VALUES (82, '在下列两个词语中，哪一个更符合你的心意？', 'A 公正的 ', 'B 有关怀心', 3, 0, 0);
INSERT INTO `ta_mbquestion` VALUES (83, '在下列两个词语中，哪一个更符合你的心意？', 'A 制作 ', 'B 设计', 2, 0, 0);
INSERT INTO `ta_mbquestion` VALUES (84, '在下列两个词语中，哪一个更符合你的心意？', 'A 可能性', 'B 必然性', 2, 0, 0);
INSERT INTO `ta_mbquestion` VALUES (85, '在下列两个词语中，哪一个更符合你的心意？', 'A 温柔 ', 'B 力量', 3, 0, 0);
INSERT INTO `ta_mbquestion` VALUES (86, '在下列两个词语中，哪一个更符合你的心意？', 'A 实际 ', 'B 多愁善感', 3, 0, 0);
INSERT INTO `ta_mbquestion` VALUES (87, '在下列两个词语中，哪一个更符合你的心意？', 'A 制造 ', 'B 创造', 2, 0, 0);
INSERT INTO `ta_mbquestion` VALUES (88, '在下列两个词语中，哪一个更符合你的心意？', 'A 新颖的', 'B 已知的', 2, 0, 0);
INSERT INTO `ta_mbquestion` VALUES (89, '在下列两个词语中，哪一个更符合你的心意？', 'A 同情 ', 'B 分析', 3, 0, 0);
INSERT INTO `ta_mbquestion` VALUES (90, '在下列两个词语中，哪一个更符合你的心意？', 'A 坚持己见 ', 'B 温柔有爱心', 3, 0, 0);
INSERT INTO `ta_mbquestion` VALUES (91, '在下列两个词语中，哪一个更符合你的心意？', 'A 具体的 ', 'B 抽象的', 2, 0, 0);
INSERT INTO `ta_mbquestion` VALUES (92, '在下列两个词语中，哪一个更符合你的心意？', 'A 全心投入', 'B 有决心的', 3, 0, 0);
INSERT INTO `ta_mbquestion` VALUES (93, '在下列两个词语中，哪一个更符合你的心意？', 'A 能干 ', 'B 仁慈', 3, 0, 0);
INSERT INTO `ta_mbquestion` VALUES (94, '在下列两个词语中，哪一个更符合你的心意？', 'A 实际 ', 'B 创新', 2, 0, 0);

-- ----------------------------
-- Table structure for ta_user_mbtiresult
-- ----------------------------
DROP TABLE IF EXISTS `ta_user_mbtiresult`;
CREATE TABLE `ta_user_mbtiresult`  (
  `id` int(11) NOT NULL AUTO_INCREMENT,
  `user_id` int(11) NULL DEFAULT NULL,
  `question_id` int(11) NULL DEFAULT NULL,
  `answer` varchar(255) CHARACTER SET utf8 COLLATE utf8_general_ci NULL DEFAULT NULL,
  PRIMARY KEY (`id`) USING BTREE
) ENGINE = InnoDB AUTO_INCREMENT = 468 CHARACTER SET = utf8 COLLATE = utf8_general_ci ROW_FORMAT = Compact;

-- ----------------------------
-- Records of ta_user_mbtiresult
-- ----------------------------
INSERT INTO `ta_user_mbtiresult` VALUES (281, 777, 1, 'A');
INSERT INTO `ta_user_mbtiresult` VALUES (282, 777, 3, 'A');
INSERT INTO `ta_user_mbtiresult` VALUES (283, 777, 4, 'B');
INSERT INTO `ta_user_mbtiresult` VALUES (284, 777, 5, 'A');
INSERT INTO `ta_user_mbtiresult` VALUES (285, 777, 6, 'A');
INSERT INTO `ta_user_mbtiresult` VALUES (286, 777, 7, 'A');
INSERT INTO `ta_user_mbtiresult` VALUES (287, 777, 8, 'A');
INSERT INTO `ta_user_mbtiresult` VALUES (288, 777, 9, 'A');
INSERT INTO `ta_user_mbtiresult` VALUES (289, 777, 10, 'A');
INSERT INTO `ta_user_mbtiresult` VALUES (290, 777, 11, 'B');
INSERT INTO `ta_user_mbtiresult` VALUES (291, 777, 12, 'B');
INSERT INTO `ta_user_mbtiresult` VALUES (292, 777, 13, 'B');
INSERT INTO `ta_user_mbtiresult` VALUES (293, 777, 14, 'A');
INSERT INTO `ta_user_mbtiresult` VALUES (294, 777, 15, 'A');
INSERT INTO `ta_user_mbtiresult` VALUES (295, 777, 16, 'A');
INSERT INTO `ta_user_mbtiresult` VALUES (296, 777, 17, 'B');
INSERT INTO `ta_user_mbtiresult` VALUES (297, 777, 18, 'B');
INSERT INTO `ta_user_mbtiresult` VALUES (298, 777, 19, 'A');
INSERT INTO `ta_user_mbtiresult` VALUES (299, 777, 20, 'A');
INSERT INTO `ta_user_mbtiresult` VALUES (300, 777, 21, 'B');
INSERT INTO `ta_user_mbtiresult` VALUES (301, 777, 22, 'B');
INSERT INTO `ta_user_mbtiresult` VALUES (302, 777, 23, 'A');
INSERT INTO `ta_user_mbtiresult` VALUES (303, 777, 24, 'B');
INSERT INTO `ta_user_mbtiresult` VALUES (304, 777, 25, 'A');
INSERT INTO `ta_user_mbtiresult` VALUES (305, 777, 26, 'B');
INSERT INTO `ta_user_mbtiresult` VALUES (306, 777, 27, 'A');
INSERT INTO `ta_user_mbtiresult` VALUES (307, 777, 28, 'B');
INSERT INTO `ta_user_mbtiresult` VALUES (308, 777, 29, 'A');
INSERT INTO `ta_user_mbtiresult` VALUES (309, 777, 30, 'B');
INSERT INTO `ta_user_mbtiresult` VALUES (310, 777, 31, 'A');
INSERT INTO `ta_user_mbtiresult` VALUES (311, 777, 32, 'B');
INSERT INTO `ta_user_mbtiresult` VALUES (312, 777, 33, 'A');
INSERT INTO `ta_user_mbtiresult` VALUES (313, 777, 34, 'B');
INSERT INTO `ta_user_mbtiresult` VALUES (314, 777, 35, 'A');
INSERT INTO `ta_user_mbtiresult` VALUES (315, 777, 36, 'B');
INSERT INTO `ta_user_mbtiresult` VALUES (316, 777, 37, 'B');
INSERT INTO `ta_user_mbtiresult` VALUES (317, 777, 38, 'A');
INSERT INTO `ta_user_mbtiresult` VALUES (318, 777, 39, 'A');
INSERT INTO `ta_user_mbtiresult` VALUES (319, 777, 40, 'B');
INSERT INTO `ta_user_mbtiresult` VALUES (320, 777, 41, 'B');
INSERT INTO `ta_user_mbtiresult` VALUES (321, 777, 42, 'B');
INSERT INTO `ta_user_mbtiresult` VALUES (322, 777, 43, 'A');
INSERT INTO `ta_user_mbtiresult` VALUES (323, 777, 44, 'A');
INSERT INTO `ta_user_mbtiresult` VALUES (324, 777, 45, 'A');
INSERT INTO `ta_user_mbtiresult` VALUES (325, 777, 46, 'B');
INSERT INTO `ta_user_mbtiresult` VALUES (326, 777, 47, 'B');
INSERT INTO `ta_user_mbtiresult` VALUES (327, 777, 48, 'A');
INSERT INTO `ta_user_mbtiresult` VALUES (328, 777, 49, 'B');
INSERT INTO `ta_user_mbtiresult` VALUES (329, 777, 50, 'B');
INSERT INTO `ta_user_mbtiresult` VALUES (330, 777, 51, 'B');
INSERT INTO `ta_user_mbtiresult` VALUES (331, 777, 52, 'A');
INSERT INTO `ta_user_mbtiresult` VALUES (332, 777, 53, 'A');
INSERT INTO `ta_user_mbtiresult` VALUES (333, 777, 54, 'A');
INSERT INTO `ta_user_mbtiresult` VALUES (334, 777, 55, 'B');
INSERT INTO `ta_user_mbtiresult` VALUES (335, 777, 56, 'B');
INSERT INTO `ta_user_mbtiresult` VALUES (336, 777, 57, 'B');
INSERT INTO `ta_user_mbtiresult` VALUES (337, 777, 58, 'A');
INSERT INTO `ta_user_mbtiresult` VALUES (338, 777, 59, 'A');
INSERT INTO `ta_user_mbtiresult` VALUES (339, 777, 60, 'B');
INSERT INTO `ta_user_mbtiresult` VALUES (340, 777, 61, 'B');
INSERT INTO `ta_user_mbtiresult` VALUES (341, 777, 62, 'A');
INSERT INTO `ta_user_mbtiresult` VALUES (342, 777, 63, 'A');
INSERT INTO `ta_user_mbtiresult` VALUES (343, 777, 64, 'B');
INSERT INTO `ta_user_mbtiresult` VALUES (344, 777, 65, 'B');
INSERT INTO `ta_user_mbtiresult` VALUES (345, 777, 66, 'A');
INSERT INTO `ta_user_mbtiresult` VALUES (346, 777, 67, 'A');
INSERT INTO `ta_user_mbtiresult` VALUES (347, 777, 68, 'B');
INSERT INTO `ta_user_mbtiresult` VALUES (348, 777, 69, 'B');
INSERT INTO `ta_user_mbtiresult` VALUES (349, 777, 70, 'A');
INSERT INTO `ta_user_mbtiresult` VALUES (350, 777, 71, 'A');
INSERT INTO `ta_user_mbtiresult` VALUES (351, 777, 72, 'B');
INSERT INTO `ta_user_mbtiresult` VALUES (352, 777, 73, 'B');
INSERT INTO `ta_user_mbtiresult` VALUES (353, 777, 74, 'A');
INSERT INTO `ta_user_mbtiresult` VALUES (354, 777, 75, 'A');
INSERT INTO `ta_user_mbtiresult` VALUES (355, 777, 76, 'B');
INSERT INTO `ta_user_mbtiresult` VALUES (356, 777, 77, 'B');
INSERT INTO `ta_user_mbtiresult` VALUES (357, 777, 78, 'A');
INSERT INTO `ta_user_mbtiresult` VALUES (358, 777, 79, 'A');
INSERT INTO `ta_user_mbtiresult` VALUES (359, 777, 80, 'B');
INSERT INTO `ta_user_mbtiresult` VALUES (360, 777, 81, 'B');
INSERT INTO `ta_user_mbtiresult` VALUES (361, 777, 82, 'B');
INSERT INTO `ta_user_mbtiresult` VALUES (362, 777, 83, 'B');
INSERT INTO `ta_user_mbtiresult` VALUES (363, 777, 84, 'B');
INSERT INTO `ta_user_mbtiresult` VALUES (364, 777, 85, 'B');
INSERT INTO `ta_user_mbtiresult` VALUES (365, 777, 86, 'A');
INSERT INTO `ta_user_mbtiresult` VALUES (366, 777, 87, 'B');
INSERT INTO `ta_user_mbtiresult` VALUES (367, 777, 88, 'A');
INSERT INTO `ta_user_mbtiresult` VALUES (368, 777, 89, 'A');
INSERT INTO `ta_user_mbtiresult` VALUES (369, 777, 90, 'A');
INSERT INTO `ta_user_mbtiresult` VALUES (370, 777, 91, 'A');
INSERT INTO `ta_user_mbtiresult` VALUES (371, 777, 92, 'A');
INSERT INTO `ta_user_mbtiresult` VALUES (372, 777, 93, 'A');
INSERT INTO `ta_user_mbtiresult` VALUES (373, 777, 94, 'B');
INSERT INTO `ta_user_mbtiresult` VALUES (374, 776, 1, 'A');
INSERT INTO `ta_user_mbtiresult` VALUES (375, 775, 1, 'A');
INSERT INTO `ta_user_mbtiresult` VALUES (376, 775, 3, 'B');
INSERT INTO `ta_user_mbtiresult` VALUES (377, 775, 4, 'B');
INSERT INTO `ta_user_mbtiresult` VALUES (378, 775, 5, 'A');
INSERT INTO `ta_user_mbtiresult` VALUES (379, 775, 6, 'A');
INSERT INTO `ta_user_mbtiresult` VALUES (380, 775, 7, 'B');
INSERT INTO `ta_user_mbtiresult` VALUES (381, 775, 8, 'B');
INSERT INTO `ta_user_mbtiresult` VALUES (382, 775, 9, 'B');
INSERT INTO `ta_user_mbtiresult` VALUES (383, 775, 10, 'B');
INSERT INTO `ta_user_mbtiresult` VALUES (384, 775, 11, 'B');
INSERT INTO `ta_user_mbtiresult` VALUES (385, 775, 12, 'B');
INSERT INTO `ta_user_mbtiresult` VALUES (386, 775, 13, 'B');
INSERT INTO `ta_user_mbtiresult` VALUES (387, 775, 14, 'B');
INSERT INTO `ta_user_mbtiresult` VALUES (388, 775, 15, 'A');
INSERT INTO `ta_user_mbtiresult` VALUES (389, 775, 16, 'A');
INSERT INTO `ta_user_mbtiresult` VALUES (390, 775, 17, 'A');
INSERT INTO `ta_user_mbtiresult` VALUES (391, 775, 18, 'A');
INSERT INTO `ta_user_mbtiresult` VALUES (392, 775, 19, 'A');
INSERT INTO `ta_user_mbtiresult` VALUES (393, 775, 20, 'A');
INSERT INTO `ta_user_mbtiresult` VALUES (394, 775, 21, 'B');
INSERT INTO `ta_user_mbtiresult` VALUES (395, 775, 22, 'B');
INSERT INTO `ta_user_mbtiresult` VALUES (396, 775, 23, 'B');
INSERT INTO `ta_user_mbtiresult` VALUES (397, 775, 24, 'B');
INSERT INTO `ta_user_mbtiresult` VALUES (398, 775, 25, 'A');
INSERT INTO `ta_user_mbtiresult` VALUES (399, 775, 26, 'A');
INSERT INTO `ta_user_mbtiresult` VALUES (400, 775, 27, 'A');
INSERT INTO `ta_user_mbtiresult` VALUES (401, 775, 28, 'A');
INSERT INTO `ta_user_mbtiresult` VALUES (402, 775, 29, 'B');
INSERT INTO `ta_user_mbtiresult` VALUES (403, 775, 30, 'B');
INSERT INTO `ta_user_mbtiresult` VALUES (404, 775, 31, 'B');
INSERT INTO `ta_user_mbtiresult` VALUES (405, 775, 32, 'B');
INSERT INTO `ta_user_mbtiresult` VALUES (406, 775, 33, 'A');
INSERT INTO `ta_user_mbtiresult` VALUES (407, 775, 34, 'A');
INSERT INTO `ta_user_mbtiresult` VALUES (408, 775, 35, 'A');
INSERT INTO `ta_user_mbtiresult` VALUES (409, 775, 36, 'A');
INSERT INTO `ta_user_mbtiresult` VALUES (410, 775, 37, 'A');
INSERT INTO `ta_user_mbtiresult` VALUES (411, 775, 38, 'B');
INSERT INTO `ta_user_mbtiresult` VALUES (412, 775, 39, 'B');
INSERT INTO `ta_user_mbtiresult` VALUES (413, 775, 40, 'B');
INSERT INTO `ta_user_mbtiresult` VALUES (414, 775, 41, 'B');
INSERT INTO `ta_user_mbtiresult` VALUES (415, 775, 42, 'A');
INSERT INTO `ta_user_mbtiresult` VALUES (416, 775, 43, 'A');
INSERT INTO `ta_user_mbtiresult` VALUES (417, 775, 44, 'A');
INSERT INTO `ta_user_mbtiresult` VALUES (418, 775, 45, 'A');
INSERT INTO `ta_user_mbtiresult` VALUES (419, 775, 46, 'B');
INSERT INTO `ta_user_mbtiresult` VALUES (420, 775, 47, 'B');
INSERT INTO `ta_user_mbtiresult` VALUES (421, 775, 48, 'B');
INSERT INTO `ta_user_mbtiresult` VALUES (422, 775, 49, 'A');
INSERT INTO `ta_user_mbtiresult` VALUES (423, 775, 50, 'A');
INSERT INTO `ta_user_mbtiresult` VALUES (424, 775, 51, 'A');
INSERT INTO `ta_user_mbtiresult` VALUES (425, 775, 52, 'B');
INSERT INTO `ta_user_mbtiresult` VALUES (426, 775, 53, 'B');
INSERT INTO `ta_user_mbtiresult` VALUES (427, 775, 54, 'B');
INSERT INTO `ta_user_mbtiresult` VALUES (428, 775, 55, 'B');
INSERT INTO `ta_user_mbtiresult` VALUES (429, 775, 56, 'B');
INSERT INTO `ta_user_mbtiresult` VALUES (430, 775, 57, 'A');
INSERT INTO `ta_user_mbtiresult` VALUES (431, 775, 58, 'A');
INSERT INTO `ta_user_mbtiresult` VALUES (432, 775, 59, 'A');
INSERT INTO `ta_user_mbtiresult` VALUES (433, 775, 60, 'A');
INSERT INTO `ta_user_mbtiresult` VALUES (434, 775, 61, 'B');
INSERT INTO `ta_user_mbtiresult` VALUES (435, 775, 62, 'B');
INSERT INTO `ta_user_mbtiresult` VALUES (436, 775, 63, 'B');
INSERT INTO `ta_user_mbtiresult` VALUES (437, 775, 64, 'A');
INSERT INTO `ta_user_mbtiresult` VALUES (438, 775, 65, 'A');
INSERT INTO `ta_user_mbtiresult` VALUES (439, 775, 66, 'B');
INSERT INTO `ta_user_mbtiresult` VALUES (440, 775, 67, 'B');
INSERT INTO `ta_user_mbtiresult` VALUES (441, 775, 68, 'A');
INSERT INTO `ta_user_mbtiresult` VALUES (442, 775, 69, 'A');
INSERT INTO `ta_user_mbtiresult` VALUES (443, 775, 70, 'B');
INSERT INTO `ta_user_mbtiresult` VALUES (444, 775, 71, 'B');
INSERT INTO `ta_user_mbtiresult` VALUES (445, 775, 72, 'A');
INSERT INTO `ta_user_mbtiresult` VALUES (446, 775, 73, 'A');
INSERT INTO `ta_user_mbtiresult` VALUES (447, 775, 74, 'A');
INSERT INTO `ta_user_mbtiresult` VALUES (448, 775, 75, 'A');
INSERT INTO `ta_user_mbtiresult` VALUES (449, 775, 76, 'A');
INSERT INTO `ta_user_mbtiresult` VALUES (450, 775, 77, 'A');
INSERT INTO `ta_user_mbtiresult` VALUES (451, 775, 78, 'B');
INSERT INTO `ta_user_mbtiresult` VALUES (452, 775, 79, 'B');
INSERT INTO `ta_user_mbtiresult` VALUES (453, 775, 80, 'B');
INSERT INTO `ta_user_mbtiresult` VALUES (454, 775, 81, 'B');
INSERT INTO `ta_user_mbtiresult` VALUES (455, 775, 82, 'A');
INSERT INTO `ta_user_mbtiresult` VALUES (456, 775, 83, 'A');
INSERT INTO `ta_user_mbtiresult` VALUES (457, 775, 84, 'A');
INSERT INTO `ta_user_mbtiresult` VALUES (458, 775, 85, 'B');
INSERT INTO `ta_user_mbtiresult` VALUES (459, 775, 86, 'B');
INSERT INTO `ta_user_mbtiresult` VALUES (460, 775, 87, 'A');
INSERT INTO `ta_user_mbtiresult` VALUES (461, 775, 88, 'A');
INSERT INTO `ta_user_mbtiresult` VALUES (462, 775, 89, 'B');
INSERT INTO `ta_user_mbtiresult` VALUES (463, 775, 90, 'B');
INSERT INTO `ta_user_mbtiresult` VALUES (464, 775, 91, 'A');
INSERT INTO `ta_user_mbtiresult` VALUES (465, 775, 92, 'A');
INSERT INTO `ta_user_mbtiresult` VALUES (466, 775, 93, 'B');
INSERT INTO `ta_user_mbtiresult` VALUES (467, 775, 94, 'B');

-- ----------------------------
-- Table structure for talk
-- ----------------------------
DROP TABLE IF EXISTS `talk`;
CREATE TABLE `talk`  (
  `id` bigint(20) NOT NULL AUTO_INCREMENT COMMENT '主键id',
  `title` varchar(128) CHARACTER SET utf8mb4 COLLATE utf8mb4_general_ci NULL DEFAULT NULL COMMENT '标题',
  `description` varchar(1024) CHARACTER SET utf8mb4 COLLATE utf8mb4_general_ci NOT NULL COMMENT '描述',
  `tag` varchar(128) CHARACTER SET utf8 COLLATE utf8_general_ci NULL DEFAULT NULL COMMENT '标签',
  `images` varchar(2048) CHARACTER SET utf8 COLLATE utf8_general_ci NULL DEFAULT NULL COMMENT '图片地址',
  `video` varchar(128) CHARACTER SET utf8 COLLATE utf8_general_ci NULL DEFAULT NULL COMMENT '视频地址',
  `type` int(1) NOT NULL DEFAULT 1 COMMENT '类型',
  `status` int(11) NOT NULL DEFAULT 0 COMMENT '状态',
  `permission` int(11) NOT NULL DEFAULT 0 COMMENT '权限',
  `creator` bigint(20) NOT NULL COMMENT '发布者',
  `view_count` int(11) NOT NULL DEFAULT 0 COMMENT '浏览数',
  `comment_count` int(11) NOT NULL DEFAULT 0 COMMENT '评论数',
  `like_count` int(11) NOT NULL DEFAULT 0 COMMENT '点赞数',
  `gmt_latest_comment` bigint(20) NOT NULL COMMENT '最后评论时间',
  `gmt_create` bigint(20) NOT NULL COMMENT '创建时间',
  `gmt_modified` bigint(20) NOT NULL COMMENT '修改时间',
  PRIMARY KEY (`id`) USING BTREE
) ENGINE = InnoDB AUTO_INCREMENT = 5 CHARACTER SET = utf8 COLLATE = utf8_general_ci ROW_FORMAT = Compact;

-- ----------------------------
-- Records of talk
-- ----------------------------
INSERT INTO `talk` VALUES (1, '111', '11111', '讨论', NULL, NULL, 1, 0, 0, 774, 0, 1, 2, 1651760802009, 1649425841875, 1649425841875);
INSERT INTO `talk` VALUES (2, NULL, '111', NULL, '', '', 1, 0, 0, 776, 0, 1, 1, 1649676910938, 1649676881125, 1649676881125);
INSERT INTO `talk` VALUES (3, NULL, '222', NULL, '', '', 1, 0, 0, 777, 0, 0, 0, 1651631756470, 1651631756470, 1651631756470);
INSERT INTO `talk` VALUES (4, NULL, '333', NULL, '', '', 1, 0, 0, 777, 0, 0, 0, 1651760432468, 1651760432468, 1651760432468);

-- ----------------------------
-- Table structure for tb_blog
-- ----------------------------
DROP TABLE IF EXISTS `tb_blog`;
CREATE TABLE `tb_blog`  (
  `id` bigint(20) NOT NULL AUTO_INCREMENT,
  `title` varchar(255) CHARACTER SET utf8 COLLATE utf8_general_ci NULL DEFAULT NULL,
  `content` text CHARACTER SET utf8 COLLATE utf8_general_ci NULL,
  `first_picture` varchar(255) CHARACTER SET utf8 COLLATE utf8_general_ci NULL DEFAULT NULL,
  `flag` varchar(255) CHARACTER SET utf8 COLLATE utf8_general_ci NULL DEFAULT NULL,
  `views` int(11) NULL DEFAULT NULL,
  `appreciation` int(11) NOT NULL DEFAULT 0,
  `share_statement` int(11) NOT NULL DEFAULT 0,
  `commentabled` int(11) NOT NULL DEFAULT 0,
  `published` int(11) NOT NULL DEFAULT 0,
  `recommend` int(11) NOT NULL DEFAULT 0,
  `create_time` datetime NULL DEFAULT NULL,
  `update_time` datetime NULL DEFAULT NULL,
  `type_id` bigint(20) NULL DEFAULT NULL,
  `user_id` bigint(20) NULL DEFAULT NULL,
  `description` text CHARACTER SET utf8 COLLATE utf8_general_ci NULL,
  `tag_ids` varchar(100) CHARACTER SET utf8 COLLATE utf8_general_ci NULL DEFAULT NULL,
  PRIMARY KEY (`id`) USING BTREE
) ENGINE = InnoDB AUTO_INCREMENT = 15 CHARACTER SET = utf8 COLLATE = utf8_general_ci ROW_FORMAT = Compact;

-- ----------------------------
-- Records of tb_blog
-- ----------------------------
INSERT INTO `tb_blog` VALUES (1, 'maven中静态资源的过滤', '# maven中静态资源的过滤\r\n\r\npom.xml文件中加入下面配置\r\n\r\n### 可以过滤java和resources文件夹里面所有的的.properties和.xml文件\r\n**directory：指定资源所在的目录，目录的路径是相对于pom.xml文件的\r\nincludes：指定要包含哪些文件**\r\n**filtering标签中：false表示不过滤，true表示过滤**\r\n\r\n```java\r\n    <build>\r\n        <resources>\r\n            <resource>\r\n                <directory>src/main/java</directory>\r\n                <includes>\r\n                    <include>**/*.properties</include>\r\n                    <include>**/*.xml</include>\r\n                </includes>\r\n                <filtering>false</filtering>\r\n            </resource>\r\n            <resource>\r\n                <directory>src/main/resources</directory>\r\n                <includes>\r\n                    <include>**/*.properties</include>\r\n                    <include>**/*.xml</include>\r\n                </includes>\r\n                <filtering>false</filtering>\r\n            </resource>\r\n        </resources>\r\n    </build>\r\n```\r\n', 'https://timgsa.baidu.com/timg?image&quality=80&size=b9999_10000&sec=1584367888190&di=7855ff350e759b4b3de8c614978673b4&imgtype=0&src=http%3A%2F%2Fb-ssl.duitang.com%2Fuploads%2Fitem%2F201612%2F07%2F20161207154722_Cmce5.thumb.400_0.gif', '原创', 0, 1, 1, 1, 1, 1, '2020-03-12 08:25:47', '2020-03-13 11:56:19', 3, 777, 'pom.xml文件中加入下面配置\r\n可以过滤java和resources文件夹里面所有的的.properties和.xml文件', '4');
INSERT INTO `tb_blog` VALUES (2, '使用System.out.format()格式化输出', '#### JDK5.0允许java像C语言那样直接用printf()方法来格式化输出\r\n####  System.out.format()功能与printf()一样，可以使用%d,%f等参数。\r\n使用System.out.format()完成**左对齐，补0，千位分隔符，小数点位数，本地化表达**\r\n```java\r\npublic class TestNumber {\r\n   \r\n    public static void main(String[] args) {\r\n        int year = 2020;\r\n        //左对齐，补0，千位分隔符，小数点位数，本地化表达\r\n        \r\n      //直接打印数字\r\n        System.out.println(year);\r\n          \r\n        //直接打印数字\r\n        System.out.format(\"%d%n\",year);\r\n        //总长度是8,默认右对齐\r\n        System.out.format(\"%8d%n\",year);\r\n        //总长度是8,左对齐\r\n        System.out.format(\"%-8d%n\",year);\r\n        //总长度是8,不够补0\r\n        System.out.format(\"%08d%n\",year);\r\n        //千位分隔符\r\n        System.out.format(\"%,8d%n\",year*10000);\r\n  \r\n        //保留5位小数\r\n        System.out.format(\"%.5f%n\",Math.PI);\r\n          \r\n        //不同国家的千位分隔符\r\n        System.out.format(Locale.FRANCE,\"%,.2f%n\",Math.PI*10000);\r\n        System.out.format(Locale.US,\"%,.2f%n\",Math.PI*10000);\r\n        System.out.format(Locale.UK,\"%,.2f%n\",Math.PI*10000);\r\n          \r\n    }\r\n}\r\n```\r\n输出结果：\r\n\r\n```java\r\n2020\r\n2020\r\n    2020\r\n2020    \r\n00002020\r\n20,200,000\r\n3.14159\r\n31?415,93\r\n31,415.93\r\n31,415.93\r\n```\r\n', 'https://timgsa.baidu.com/timg?image&quality=80&size=b9999_10000&sec=1584368822685&di=19855856bbd158b52926a49b51e876c0&imgtype=0&src=http%3A%2F%2Fwx2.sinaimg.cnhttps://pic.imgdb.cn/item/62563aae239250f7c5ac18dc.jpg', '原创', 0, 1, 1, 1, 1, 1, '2019-03-12 13:42:14', '2019-03-13 12:00:08', 6, 777, 'JDK5.0允许java像C语言那样直接用printf()方法来格式化输出\r\nSystem.out.format()功能与printf()一样，可以使用%d,%f等参数。\r\n\r\n使用System.out.format()完成左对齐，补0，千位分隔符，小数点位数，本地化表达', '7');
INSERT INTO `tb_blog` VALUES (3, 'Springboot中PageHelper 分页查询使用方法', '### 一：导入依赖\r\n\r\n```java\r\n<dependency>\r\n	<groupId>com.github.pagehelper</groupId>\r\n	<artifactId>pagehelper-spring-boot-starter</artifactId>\r\n	<version>1.2.13</version>\r\n</dependency>\r\n```\r\n### 二：配置yml文件中PageHelper的属性\r\n\r\n```java\r\npagehelper:                #分页插件\r\n  helper-dialect: mysql\r\n  reasonable: true\r\n  support-methods-arguments: true\r\n  params:\r\n```\r\n### 三：在controller类中使用，\r\n##### 1.在查询方法上调用PageHelper.startPage()方法，设置分页的页数和每页信息数，\r\n##### 2.将查询出来的结果集用PageInfo的构造函数初始化为一个分页结果对象\r\n##### 3.将分页结果对象存入model，返回前端页面\r\n```java\r\n@GetMapping(\"/types\")\r\npublic String types(@RequestParam(required = false,defaultValue = \"1\",value = \"pagenum\")int pagenum, Model model){\r\n\r\n    PageHelper.startPage(pagenum, 5);  //pagenum：页数，pagesize:每页的信息数\r\n    \r\n    List<Type> allType = typeService.getAllType(); //调用业务层查询方法\r\n    \r\n    PageInfo<Type> pageInfo = new PageInfo<>(allType); //得到分页结果对象\r\n    \r\n    model.addAttribute(\"pageInfo\", pageInfo);  //携带分页结果信息\r\n    \r\n    return \"admin/types\";  //回到前端展示页面\r\n}\r\n```\r\n### 四：前端展示分页（thymeleaf+semantic-ui）,这里ui用自己的就行，比如bootstrap或layui，主要是thymeleaf的使用。\r\n\r\n```java\r\n<table  class=\"ui compact celled teal table\">\r\n  <thead>\r\n  <tr>\r\n    <th></th>\r\n    <th>名称</th>\r\n    <th>操作</th>\r\n  </tr>\r\n  </thead>\r\n  <tbody>\r\n  <tr th:each=\"type, iterStat : ${pageInfo.list}\">\r\n    <td th:text=\"${iterStat.count}\">1</td>\r\n    <td th:text=\"${type.name}\">摸鱼方法</td>\r\n    <td>\r\n      <a href=\"#\" th:href=\"@{/admin/types/{id}/input(id=${type.id})}\" class=\"ui mini teal basic button\">编辑</a>\r\n      <a href=\"#\" th:href=\"@{/admin/types/{id}/delete(id=${type.id})}\" class=\"ui mini red basic button\">删除</a>\r\n    </td>\r\n  </tr>\r\n  </tbody>\r\n  <tfoot>\r\n  <tr>\r\n    <th colspan=\"7\">\r\n      <div class=\"ui mini pagination menu\"  >\r\n        <div class=\"item\"><a th:href=\"@{/admin/types}\">首页</a></div>\r\n        <div class=\"item\"><a th:href=\"@{/admin/types(pagenum=${pageInfo.hasPreviousPage}?${pageInfo.prePage}:1)}\">上一页</a></div>\r\n        <div class=\"item\"><a th:href=\"@{/admin/types(pagenum=${pageInfo.hasNextPage}?${pageInfo.nextPage}:${pageInfo.pages})}\">下一页</a></div>\r\n        <div class=\"item\"><a th:href=\"@{/admin/types(pagenum=${pageInfo.pages})}\">尾页</a></div>\r\n      </div>\r\n      <a href=\"#\" th:href=\"@{/admin/types/input}\" class=\"ui mini right floated teal basic button\">新增</a>\r\n    </th>\r\n  </tr>\r\n  </tfoot>\r\n</table>\r\n\r\n<div class=\"ui segment m-inline-block\">\r\n  <p >当前第<span th:text=\"${pageInfo.pageNum}\"></span>页，总<span th:text=\"${pageInfo.pages}\"></span>页，共<span th:text=\"${pageInfo.total}\"></span>条记录</p>\r\n</div>\r\n```\r\n### 五：效果展示（pagesize设置为5的效果）\r\n![在这里插入图片描述](https://img-blog.csdnimg.cn/20200310105006168.png?x-oss-process=image/watermark,type_ZmFuZ3poZW5naGVpdGk,shadow_10,text_aHR0cHM6Ly9ibG9nLmNzZG4ubmV0L3FxXzQyODA0NzM2,size_16,color_FFFFFF,t_70)\r\n', 'https://timgsa.baidu.com/timg?image&quality=80&size=b9999_10000&sec=1584368536828&di=460fea188bd56a9f691d87e56622b891&imgtype=0&src=http%3A%2F%2Ftc.sinaimg.cn%2Fmaxwidth.800%2Ftc.service.weibo.com%2Fp3_pstatp_com%2F5ffc4f5b05b15c5642dd59cc7341cc71.jpg', '原创', 0, 1, 0, 1, 1, 1, '2019-03-14 17:05:58', '2020-03-21 11:45:10', 1, 777, '1.在查询方法上调用PageHelper.startPage()方法，设置分页的页数和每页信息数，\r\n2.将查询出来的结果集用PageInfo的构造函数初始化为一个分页结果对象\r\n3.将分页结果对象存入model，返回前端页面', '5,4');
INSERT INTO `tb_blog` VALUES (4, 'thymeleaf语法及使用111', '## 模板引擎\r\n\r\n简介：模板引擎(这里特指用于Web开发的模板引擎)是为了使用户界面与业务数据(内容)分离而产生的,它可以生成特定格式的文档，用于网站的模板引擎就会生成一个标准的HTML文档。\r\n模板引擎的思想：\r\n![在这里插入图片描述](https://imgconvert.csdnimg.cn/aHR0cHM6Ly9pbWFnZXMuY25ibG9ncy5jb20vY25ibG9nc19jb20venltMTk5OS8xNjQ1NDE2L29fMjAwMjExMDk1OTQxMTQucG5n?x-oss-process=image/format,png)\r\nThymeleaf就是SpringBoot给我们推荐的一种模板引擎！\r\n\r\n## Thymeleaf模板引擎\r\n\r\n#### 1.使用Thymeleaf之前的步骤\r\n\r\n 1. Thymeleaf 官网：https://www.thymeleaf.org/\r\n 2. springboot项目直接引入依赖：\r\n```java\r\n<dependency>\r\n   <groupId>org.springframework.boot</groupId>\r\n   <artifactId>spring-boot-starter-thymeleaf</artifactId>\r\n</dependency>\r\n```\r\n3.非springboot项目直接引入依赖：\r\n\r\n```java\r\n<dependency>\r\n    <groupId>org.thymeleaf</groupId>\r\n    <artifactId>thymeleaf</artifactId>\r\n    <version>2.1.4</version>\r\n</dependency>\r\n```\r\n  4.在thymeleaf的配置类ThymeleafProperties中我们可以发现：thymeleaf配置的默认前缀为：\"classpath:/templates/\"，默认后缀为：\".html\"，只要把html页面放在这个路径下，\r\n\r\nthymeleaf就可以帮我们自动渲染。\r\n\r\n```java\r\npublic class ThymeleafProperties {\r\n    private static final Charset DEFAULT_ENCODING;\r\n    public static final String DEFAULT_PREFIX = \"classpath:/templates/\";\r\n    public static final String DEFAULT_SUFFIX = \".html\";\r\n    private boolean checkTemplate = true;\r\n    private boolean checkTemplateLocation = true;\r\n    private String prefix = \"classpath:/templates/\";\r\n    private String suffix = \".html\";\r\n    private String mode = \"HTML\";\r\n...\r\n}\r\n```\r\n如图为用idea创建的springboot的项目结构：将html页面放在resources/templates中即可。\r\n![在这里插入图片描述](https://imgconvert.csdnimg.cn/aHR0cHM6Ly9pbWFnZXMuY25ibG9ncy5jb20vY25ibG9nc19jb20venltMTk5OS8xNjQ1NDE2L29fMjAwMjExMDk1OTExMTMucG5n?x-oss-process=image/format,png)\r\n#### 2.Thymeleaf语法简单使用（th:text, th:utext, th:each）\r\n编写一个controller实现跳转到一个html页面，通过Model对象携带数据\r\n\r\n```java\r\n@Controller\r\npublic class HelloController {\r\n\r\n    @RequestMapping(\"/success\")\r\n    public String success(Model model){\r\n        //存入数据\r\n        model.addAttribute(\"msg\",\"<h1>Hello</h1>\");\r\n        model.addAttribute(\"users\", Arrays.asList(\"小红\", \"小米\",\"小白\"));\r\n        //classpath:/templates/success.html\r\n        return \"success\";\r\n    }\r\n}\r\n```\r\nsuccess.html\r\n\r\n```java\r\n<!DOCTYPE html>\r\n<html lang=\"en\" xmlns:th=\"http://www.thymeleaf.org\">\r\n<head>\r\n    <meta charset=\"UTF-8\">\r\n    <title>Title</title>\r\n</head>\r\n<body>\r\n    <h1>success</h1>\r\n\r\n    <!--Thymeleaf语法：th:text就是将div中的内容设置为它指定的值-->\r\n\r\n    <div th:text=\"${msg}\">你好</div>\r\n    <!--utext：会解析html，显示相应的效果-->\r\n    <div th:utext=\"${msg}\">你好</div>\r\n    <!--each：遍历-->\r\n    <h3 th:each=\"user:${users}\" th:text=\"${user}\"></h3>\r\n\r\n</body>\r\n</html>\r\n```\r\n通过http://localhost:8080/success路径访问到success.html页面，同时成功显示数据：![在这里插入图片描述](https://imgconvert.csdnimg.cn/aHR0cHM6Ly9pbWFnZXMuY25ibG9ncy5jb20vY25ibG9nc19jb20venltMTk5OS8xNjQ1NDE2L29fMjAwMjExMTEyOTE3MTUucG5n?x-oss-process=image/format,png)\r\n#### 3.Thymeleaf基本语法（属性和表达式）\r\n**Thymeleaf标准表达式**\r\n   \r\n\r\n 1. 变量表达式：**${ }**：用于前端获取后端传递的变量值\r\n\r\n   \r\n\r\n 1. 选择表达式：***{ }**：用于绑定一个对象的属性\r\n\r\n   \r\n\r\n 1. URL链接表达式：**@{ }**：用于链接\r\n\r\n    \r\n\r\n 1. 条件表达式：**三目运算符（表达式 ？值（then）：值（else））**\r\n\r\n    \r\n\r\n\r\n    \r\n**Thymeleaf属性标签：**\r\n![在这里插入图片描述](https://imgconvert.csdnimg.cn/aHR0cHM6Ly9pbWFnZXMuY25ibG9ncy5jb20vY25ibG9nc19jb20venltMTk5OS8xNjQ1NDE2L29fMjAwMjExMTEzMTAxMTYucG5n?x-oss-process=image/format,png)\r\n\r\n \r\n\r\n', 'http://n.sinaimg.cn/sinacn20111/600/w1920h1080/20190331/0f41-huxwryw5226043.jpg', '原创', 0, 1, 1, 1, 1, 1, '2020-03-14 17:01:31', '2021-03-14 17:01:31', 1, 777, '简介：模板引擎(这里特指用于Web开发的模板引擎)是为了使用户界面与业务数据(内容)分离而产生的,它可以生成特定格式的文档，用于网站的模板引擎就会生成一个标准的HTML文档。Thymeleaf就是SpringBoot给我们推荐的一种模板引擎！', '5,3');
INSERT INTO `tb_blog` VALUES (5, '利用Set集合去重', '### Set集合特点:\r\n#### ①     一次只存一个元素,\r\n\r\n#### ②     不能存储重复的元素\r\n\r\n#### ③     存储顺序和取出来的顺序不一定一致不能存储重复的元素\r\n\r\n可以利用②这一特点，完成去重的功能。\r\n#### 一：Set集合去掉List集合中重复元素\r\n\r\n```java\r\npublic static void main(String[] args) {\r\n	\r\n	//利用set集合 去除ArrayList集合中的重复元素\r\n	ArrayList<String> list = new ArrayList<>();\r\n	list.add(\"1\");\r\n    list.add(\"1\");\r\n    list.add(\"2\");\r\n    list.add(\"2\");\r\n    list.add(\"3\");\r\n    list.add(\"3\");\r\n    list.add(\"4\");\r\n    list.add(\"4\");\r\n    System.out.println(\"去重前的List集合：\"+list);\r\n    \r\n	Set<String> set = new HashSet<>();\r\n	set.addAll(list);\r\n	System.out.println(\"Set集合：\"+set);\r\n	\r\n	list.clear();            // 清空原有元素 放入被list去重后的元素\r\n	list.addAll(set);\r\n	System.out.println(\"去重后的List集合：\"+list);\r\n}\r\n```\r\n运行结果：\r\n\r\n```java\r\n去重前的List集合：[1, 1, 2, 2, 3, 3, 4, 4]\r\nSet集合：[1, 2, 3, 4]\r\n去重后的List集合：[1, 2, 3, 4]\r\n```\r\n\r\n#### 二：Set集合去掉字符串中重复子串\r\n\r\n```java\r\npublic static void main(String[] args) {\r\n	String str = \"aaab\";\r\n	System.out.println(\"字符串aaab 有非空子串a, b, aa, ab, aaa, aab, aaab，一共 7 个\");\r\n	\r\n	Set<String> set = new HashSet<String>();\r\n	for (int step = 0; step <= str.length() - 1; step++) {\r\n		//扫描全部子串\r\n		for (int begin = 0, end = 1 + step; end <= str.length(); begin++, end++) {     \r\n			String kid = str.substring(begin, end);   //截取字符串子串\r\n			set.add(kid);			//将子串放入set集合，完成去重\r\n		}\r\n	}\r\n	System.out.println(\"去除重复子串后的全部子串有：\"+set.size()+\"个\");\r\n	System.out.println(\"分别是：\" + set);\r\n}\r\n```\r\n运行结果：\r\n```java\r\n字符串aaab 有非空子串a, b, aa, ab, aaa, aab, aaab，一共 7 个\r\n去除重复子串后的全部子串有：7个\r\n分别是：[aa, aaa, a, ab, b, aab, aaab]\r\n```\r\n\r\n', 'https://timgsa.baidu.com/timg?image&quality=80&size=b9999_10000&sec=1584366026862&di=62fd65c3b51d4c6b8052f954ef561268&imgtype=0&src=http%3A%2F%2Fimg.article.pchome.net%2F00%2F38%2F63%2F92%2Fpic_lib%2Fs960x639%2F08s960x639.jpg', '原创', 0, 1, 1, 1, 1, 1, '2020-03-13 11:21:46', '2020-03-14 16:19:35', 1, 777, 'Set集合特点:\r\n① 一次只存一个元素,\r\n② 不能存储重复的元素\r\n③ 存储顺序和取出来的顺序不一定一致不能存储重复的元素', '6');
INSERT INTO `tb_blog` VALUES (6, 'mybatis根据日期查询、查询日期并返回', '### 方法：\r\n\r\n#### 1.查询日期，返回日期字符串\r\n```handlebars\r\n//查询所有博客对应的年份，返回一个集合\r\nList<String> findGroupYear();  \r\n```\r\n#### 2.根据日期查询\r\n```handlebars\r\n//根据年份查询博客信息\r\nList<Blog> findByYear(@Param(\"year\") String year);  \r\n```\r\n\r\n\r\n### mybatis映射:\r\n\r\n\r\n```java\r\n<select id=\"findGroupYear\" resultType=\"String\">\r\n    select DATE_FORMAT(b.update_time, \'%Y\') from t_blog b\r\n</select>\r\n\r\n\r\n<select id=\"findByYear\" resultType=\"Blog\">\r\n    select b.title, b.update_time, b.id, b.flag\r\n    from t_blog b\r\n    where DATE_FORMAT(b.update_time, \'%Y\') = #{year}\r\n</select>\r\n```\r\n\r\n## 总结：\r\n**DATE_FORMAT(date,format)：date表示日期，format表示显示的格式。**\r\n**该方法可以把date类型转换为String类型的字符串**\r\n', 'http://p.qpic.cn/dnfbbspic/0/dnfbbs_dnfbbs_dnf_gamebbs_qq_com_forum_202002_04_082156ifotspmtuzcffycn.jpg/0', '原创', 0, 1, 1, 1, 1, 1, '2020-03-21 11:54:41', '2020-03-21 15:33:02', 5, 777, 'mybatis根据日期查询、查询日期并返回\r\n方法：\r\n1.查询日期，返回日期字符串', '4');
INSERT INTO `tb_blog` VALUES (10, '蓝桥杯：基础练习 01字串（java）', '## 试题 基础练习 01字串\r\n  \r\n### 资源限制\r\n时间限制：1.0s   内存限制：256.0MB\r\n### 问题描述\r\n对于长度为5位的一个01串，每一位都可能是0或1，一共有32种可能。它们的前几个是：\r\n\r\n00000\r\n\r\n00001\r\n\r\n00010\r\n\r\n00011\r\n\r\n00100\r\n\r\n请按从小到大的顺序输出这32种01串。\r\n\r\n### 输入格式\r\n本试题没有输入。\r\n### 输出格式\r\n输出32行，按从小到大的顺序每行一个长度为5的01串。\r\n### 样例输出\r\n00000\r\n00001\r\n00010\r\n00011\r\n<以下部分省略>\r\n\r\n#### 思路：\r\n**使用Integer.toBinaryString()将十进制整数转换为二进制字符串，再判断长度是否能整除5，在前面加0输出**\r\n\r\n```java\r\npublic class 字串01 {\r\n	public static void main(String[] args) {\r\n		\r\n		for(int i = 0; i <= 31; i++) {\r\n			String s = Integer.toBinaryString(i);\r\n			int len = s.length();\r\n			switch(len % 5) {\r\n			case 1: s = \"0000\" + s;break;\r\n			case 2: s = \"000\" + s;break;\r\n			case 3: s = \"00\" + s;break;\r\n			case 4: s = \"0\" + s;break;\r\n			case 0: break;\r\n			}\r\n			System.out.println(s);\r\n		}\r\n	}\r\n}\r\n```\r\n\r\n**另一种方法，不用判断加0，也可以直接使用printf输出指定格式的整数：**\r\n```java\r\npublic class 字串01 {\r\n	public static void main(String[] args) {\r\n		\r\n		for(int i = 0; i <= 31; i++) {\r\n			String s = Integer.toBinaryString(i);\r\n			int n = Integer.parseInt(s);\r\n			System.out.printf(\"%05d\\n\",n);\r\n		}\r\n	}\r\n}\r\n```\r\n\r\n', 'https://pic.imgdb.cn/item/62563aae239250f7c5ac18dc.jpg', '原创', 0, 1, 1, 1, 1, 1, '2020-03-21 16:19:41', '2020-03-21 16:19:41', 6, 777, '问题描述\r\n\r\n对于长度为5位的一个01串，每一位都可能是0或1，一共有32种可能。它们的前几个是：\r\n\r\n00000\r\n\r\n00001\r\n\r\n00010\r\n\r\n00011\r\n\r\n00100\r\n\r\n请按从小到大的顺序输出这32种01串。', '7');
INSERT INTO `tb_blog` VALUES (11, '安东尼经典语录', '我怕你说话，我怕你沉默。 \r\n我怕你来到，我怕你离开。 \r\n我怕抓紧你，我怕放走你。 \r\n我怕你看到我，我怕你无视我。 \r\n我怕你想念我，我怕你忘记我。 \r\n我怕你过于依赖我，我怕你不再需要我。 \r\n我怕你爱我，我怕你不爱我。 \r\n我怕你太爱我，我怕你不够爱我。\r\n\r\n不管昨夜经历了怎样的泣不成声 早晨醒来这个城市依然车水马龙\r\n\r\n不要让那个喜欢你的人 撕心裂肺地为你哭那么一次 因为 你能把他伤害到那个样子的机会 只有一次 那一次以后 你就从不可或缺的人变成可有可无的人了 即使他还爱你 可是 总有一些东西真的改变了\r\n\r\n应该趁着年轻 和喜欢的人一起 制造些比夏天还要温暖的事\r\n\r\n风不懂云的漂泊。天不懂雨的落魄。眼不懂泪的懦弱。所以你不懂我的选择。也可以不懂我的难过。不是每一个人都一定要快乐。不是每一种痛都一定要诉说\r\n\r\n后来，我终于能接受，我们不会再在一起这个实事。我想我唯一能做的就是，继承那些，你拥有的让我着迷的品质，好好地生活下去。\r\n\r\n如果你喜欢的人不喜欢你，那么就算全世界的人都喜欢你，还是会觉得孤独吧。If the person you like doesn\'t like you ,wouldn\'t it still be lonely even if the whole world loves you.\r\n\r\n那些 我们一直惴惴不安 又充满好奇的未来 会在心里隐隐约约地觉得它们是明亮的\r\n\r\n人生，总会有不期而遇的温暖，和生生不息的希望。\r\n\r\n其实我一直相信 等你出现的时候我就知道是你\r\n\r\n我谈过最长的恋爱，就是自恋，我爱自己，没有情敌。\r\n\r\n不知道如何爱你，看着你，是我唯一的方式。I don\'t know how to love you ,looking at you is the only way i know\r\n\r\n我所知道的关于你的事情 就只有天气预报了\r\n\r\n我觉得 我们俩之间就像喝酒 我干杯 你随意\r\n\r\n玫瑰当然爱小王子 \r\n不过当你真的喜欢一个人的时候 就会想很多 会很容易办蠢事 说傻话 \r\n更别说 那个人像小王子那么可爱 \r\n玫瑰很温柔 其实她只是不知所措罢了 \r\n至于小王子 他还太小了 不明白玫瑰的温柔 \r\n他的离开也许并不是坏事\r\n\r\n最喜欢早上，好像什么都可以重新开始，中午的时候就开始觉得忧伤，晚上最难度过。\r\n\r\nI know that one day I will forgot you. \r\nI don\'t have anticipation. \r\nI don\'t feel sad. \r\nI just know, that\'s all.\r\n\r\n长大了 总有那么一两次机会 你会为了喜欢的人 跑那么一跑 因为 如果是对的人的话 走路真的来不及\r\n\r\n很久以后，那些好极了和糟透了的时刻我们都会忘记，唯一真实和难忘的是，我们抬头挺胸走过的人生。\r\n\r\n不论是我的世界车水马龙繁华盛世 还是它们都瞬间消失化为须臾 我都会坚定地走向你 不慌张 不犹豫', 'https://timgsa.baidu.com/timg?image&quality=80&size=b9999_10000&sec=1584886233933&di=984c5adffbeee9133453b53cdfaa912f&imgtype=0&src=http%3A%2F%2Fd.hiphotos.baidu.com%2Fzhidao%2Fpic%2Fitem%2F4ec2d5628535e5dd24d1534b74c6a7efcf1b62a1.jpg', '原创', 0, 1, 1, 1, 1, 1, '2020-03-22 19:36:45', '2020-03-22 19:36:45', 3, 776, '不论是我的世界车水马龙繁华盛世\r\n 还是它们都瞬间消失化为须臾 \r\n我都会坚定地走向你 不慌张 不犹豫', '8');
INSERT INTO `tb_blog` VALUES (12, '1111111111', '1111111111', 'https://pic.imgdb.cn/item/62563aae239250f7c5ac18dc.jpg', '', 0, 0, 0, 0, 1, 0, '2022-04-23 09:27:33', '2022-04-23 09:27:33', 1, 2, '1111111111', '4,5');
INSERT INTO `tb_blog` VALUES (13, '22222222', '## 22\r\n\r\n2222222222', 'https://pic.imgdb.cn/item/62563aae239250f7c5ac18dc.jpg', '', 0, 0, 0, 0, 1, 0, '2022-04-23 09:28:03', '2022-04-23 09:28:03', 1, 2, '22222222222', '4,5');
INSERT INTO `tb_blog` VALUES (14, '333333', '## 33333\r\n\r\n## 333333\r\n\r\n33333', 'https://pic.imgdb.cn/item/62563aae239250f7c5ac18dc.jpg', '', 0, 1, 1, 1, 1, 1, '2022-04-26 11:03:23', '2022-04-26 11:03:44', 1, 1, '333333', '4,5');

-- ----------------------------
-- Table structure for tb_blog_tag
-- ----------------------------
DROP TABLE IF EXISTS `tb_blog_tag`;
CREATE TABLE `tb_blog_tag`  (
  `id` bigint(20) NOT NULL AUTO_INCREMENT,
  `tag_id` bigint(20) NULL DEFAULT NULL,
  `blog_id` bigint(20) NULL DEFAULT NULL,
  PRIMARY KEY (`id`) USING BTREE
) ENGINE = InnoDB AUTO_INCREMENT = 89 CHARACTER SET = utf8 COLLATE = utf8_general_ci ROW_FORMAT = Compact;

-- ----------------------------
-- Records of tb_blog_tag
-- ----------------------------
INSERT INTO `tb_blog_tag` VALUES (1, 3, 4);
INSERT INTO `tb_blog_tag` VALUES (2, 4, 1);
INSERT INTO `tb_blog_tag` VALUES (3, 4, 3);
INSERT INTO `tb_blog_tag` VALUES (4, 5, 3);
INSERT INTO `tb_blog_tag` VALUES (5, 5, 4);
INSERT INTO `tb_blog_tag` VALUES (6, 7, 2);
INSERT INTO `tb_blog_tag` VALUES (7, 6, 5);
INSERT INTO `tb_blog_tag` VALUES (64, 5, 3);
INSERT INTO `tb_blog_tag` VALUES (65, 4, 3);
INSERT INTO `tb_blog_tag` VALUES (66, 4, 6);
INSERT INTO `tb_blog_tag` VALUES (74, 7, 10);
INSERT INTO `tb_blog_tag` VALUES (75, 8, 11);
INSERT INTO `tb_blog_tag` VALUES (76, 8, 12);
INSERT INTO `tb_blog_tag` VALUES (77, 8, 13);
INSERT INTO `tb_blog_tag` VALUES (78, 4, 12);
INSERT INTO `tb_blog_tag` VALUES (79, 5, 12);
INSERT INTO `tb_blog_tag` VALUES (80, 4, 13);
INSERT INTO `tb_blog_tag` VALUES (81, 5, 13);
INSERT INTO `tb_blog_tag` VALUES (82, 11, 11);
INSERT INTO `tb_blog_tag` VALUES (83, 11, 11);
INSERT INTO `tb_blog_tag` VALUES (84, 11, 11);
INSERT INTO `tb_blog_tag` VALUES (85, 4, 14);
INSERT INTO `tb_blog_tag` VALUES (86, 5, 14);
INSERT INTO `tb_blog_tag` VALUES (87, 4, 14);
INSERT INTO `tb_blog_tag` VALUES (88, 5, 14);

-- ----------------------------
-- Table structure for tb_tag
-- ----------------------------
DROP TABLE IF EXISTS `tb_tag`;
CREATE TABLE `tb_tag`  (
  `id` bigint(20) NOT NULL AUTO_INCREMENT,
  `name` varchar(255) CHARACTER SET utf8 COLLATE utf8_general_ci NULL DEFAULT NULL,
  PRIMARY KEY (`id`) USING BTREE
) ENGINE = InnoDB AUTO_INCREMENT = 9 CHARACTER SET = utf8 COLLATE = utf8_general_ci ROW_FORMAT = Compact;

-- ----------------------------
-- Records of tb_tag
-- ----------------------------
INSERT INTO `tb_tag` VALUES (3, '前端');
INSERT INTO `tb_tag` VALUES (4, '后端');
INSERT INTO `tb_tag` VALUES (5, 'springboot');
INSERT INTO `tb_tag` VALUES (6, 'java');
INSERT INTO `tb_tag` VALUES (7, 'javase');
INSERT INTO `tb_tag` VALUES (8, '杂谈');

-- ----------------------------
-- Table structure for tb_type
-- ----------------------------
DROP TABLE IF EXISTS `tb_type`;
CREATE TABLE `tb_type`  (
  `id` bigint(20) NOT NULL AUTO_INCREMENT,
  `name` varchar(255) CHARACTER SET utf8 COLLATE utf8_general_ci NULL DEFAULT NULL,
  PRIMARY KEY (`id`) USING BTREE
) ENGINE = InnoDB AUTO_INCREMENT = 9 CHARACTER SET = utf8 COLLATE = utf8_general_ci ROW_FORMAT = Compact;

-- ----------------------------
-- Records of tb_type
-- ----------------------------
INSERT INTO `tb_type` VALUES (1, '学习方法');
INSERT INTO `tb_type` VALUES (3, '娱乐方法');
INSERT INTO `tb_type` VALUES (4, '钓鱼方法');
INSERT INTO `tb_type` VALUES (5, '哈哈方法');
INSERT INTO `tb_type` VALUES (6, '动漫方法');
INSERT INTO `tb_type` VALUES (8, '222');

-- ----------------------------
-- Table structure for tb_user_blog
-- ----------------------------
DROP TABLE IF EXISTS `tb_user_blog`;
CREATE TABLE `tb_user_blog`  (
  `user_id` bigint(20) NULL DEFAULT NULL,
  `blog_id` bigint(20) NULL DEFAULT NULL
) ENGINE = InnoDB CHARACTER SET = utf8 COLLATE = utf8_general_ci ROW_FORMAT = Compact;

-- ----------------------------
-- Records of tb_user_blog
-- ----------------------------
INSERT INTO `tb_user_blog` VALUES (1, 1);
INSERT INTO `tb_user_blog` VALUES (1, 2);
INSERT INTO `tb_user_blog` VALUES (1, 3);
INSERT INTO `tb_user_blog` VALUES (1, 4);
INSERT INTO `tb_user_blog` VALUES (1, 5);

-- ----------------------------
-- Table structure for tb_user_tag
-- ----------------------------
DROP TABLE IF EXISTS `tb_user_tag`;
CREATE TABLE `tb_user_tag`  (
  `user_id` bigint(20) NULL DEFAULT NULL,
  `tag_id` bigint(20) NULL DEFAULT NULL
) ENGINE = InnoDB CHARACTER SET = utf8 COLLATE = utf8_general_ci ROW_FORMAT = Compact;

-- ----------------------------
-- Records of tb_user_tag
-- ----------------------------
INSERT INTO `tb_user_tag` VALUES (777, 3);
INSERT INTO `tb_user_tag` VALUES (777, 4);
INSERT INTO `tb_user_tag` VALUES (777, 5);
INSERT INTO `tb_user_tag` VALUES (777, 6);
INSERT INTO `tb_user_tag` VALUES (777, 7);
INSERT INTO `tb_user_tag` VALUES (776, 3);
INSERT INTO `tb_user_tag` VALUES (776, 5);
INSERT INTO `tb_user_tag` VALUES (776, 4);

-- ----------------------------
-- Table structure for tb_user_type
-- ----------------------------
DROP TABLE IF EXISTS `tb_user_type`;
CREATE TABLE `tb_user_type`  (
  `user_id` bigint(11) NULL DEFAULT NULL,
  `type_id` bigint(11) NULL DEFAULT NULL
) ENGINE = InnoDB CHARACTER SET = utf8 COLLATE = utf8_general_ci ROW_FORMAT = Compact;

-- ----------------------------
-- Records of tb_user_type
-- ----------------------------
INSERT INTO `tb_user_type` VALUES (777, 1);
INSERT INTO `tb_user_type` VALUES (777, 2);
INSERT INTO `tb_user_type` VALUES (777, 3);
INSERT INTO `tb_user_type` VALUES (777, 4);
INSERT INTO `tb_user_type` VALUES (777, 5);
INSERT INTO `tb_user_type` VALUES (776, 1);
INSERT INTO `tb_user_type` VALUES (776, 2);
INSERT INTO `tb_user_type` VALUES (776, 6);
INSERT INTO `tb_user_type` VALUES (1, 8);

-- ----------------------------
-- Table structure for thumb
-- ----------------------------
DROP TABLE IF EXISTS `thumb`;
CREATE TABLE `thumb`  (
  `id` bigint(20) NOT NULL AUTO_INCREMENT,
  `target_id` bigint(20) NOT NULL COMMENT '点赞目标 问题/回复/说说id',
  `type` int(11) NOT NULL COMMENT '目标类型',
  `liker` bigint(20) NOT NULL COMMENT '点赞者',
  `gmt_create` bigint(20) NOT NULL,
  `gmt_modified` bigint(20) NOT NULL,
  PRIMARY KEY (`id`) USING BTREE
) ENGINE = InnoDB AUTO_INCREMENT = 10 CHARACTER SET = utf8 COLLATE = utf8_general_ci ROW_FORMAT = Compact;

-- ----------------------------
-- Records of thumb
-- ----------------------------
INSERT INTO `thumb` VALUES (1, 2, 11, 776, 1649676931225, 1649676931225);
INSERT INTO `thumb` VALUES (2, 2, 1, 777, 1649682064495, 1649682064495);
INSERT INTO `thumb` VALUES (6, 2, 2, 776, 1649683657909, 1649683657909);
INSERT INTO `thumb` VALUES (7, 1, 11, 776, 1649683725618, 1649683725618);
INSERT INTO `thumb` VALUES (8, 8, 1, 777, 1651758757819, 1651758757819);
INSERT INTO `thumb` VALUES (9, 1, 11, 777, 1651760813722, 1651760813722);

-- ----------------------------
-- Table structure for time_label
-- ----------------------------
DROP TABLE IF EXISTS `time_label`;
CREATE TABLE `time_label`  (
  `label_id` int(11) NOT NULL AUTO_INCREMENT,
  `label_name` varchar(255) CHARACTER SET utf8 COLLATE utf8_general_ci NULL DEFAULT NULL,
  `label_color` varchar(255) CHARACTER SET utf8 COLLATE utf8_general_ci NULL DEFAULT NULL,
  `parent_id` int(11) NULL DEFAULT 0,
  `flag` int(11) NOT NULL DEFAULT 0,
  `create_time` datetime NULL DEFAULT NULL,
  `update_time` datetime NULL DEFAULT NULL,
  PRIMARY KEY (`label_id`) USING BTREE
) ENGINE = InnoDB AUTO_INCREMENT = 10 CHARACTER SET = utf8 COLLATE = utf8_general_ci ROW_FORMAT = Compact;

-- ----------------------------
-- Records of time_label
-- ----------------------------
INSERT INTO `time_label` VALUES (1, '学习', '#e74133', 0, 0, '2022-03-29 22:29:26', '2022-04-29 16:51:02');
INSERT INTO `time_label` VALUES (2, '工作', '#00a4ef', 0, 0, '2022-04-29 22:29:34', '2022-04-29 22:57:52');
INSERT INTO `time_label` VALUES (3, '生活', '#eb7416', 0, 0, '2022-04-30 22:29:39', '2022-04-30 22:58:03');
INSERT INTO `time_label` VALUES (4, '运动', '#e74133', 0, 0, '2022-03-30 22:29:45', '2022-04-30 22:58:14');
INSERT INTO `time_label` VALUES (6, '阅读', '#e74133', 1, 0, '2022-04-29 22:29:52', '2022-04-29 22:58:19');
INSERT INTO `time_label` VALUES (7, '阅读', '#e74133', 1, 0, '2022-04-18 10:26:35', '2022-04-18 10:26:35');
INSERT INTO `time_label` VALUES (8, '1112', '#e74133', 0, 0, '2022-04-18 10:56:49', '2022-04-18 10:57:01');
INSERT INTO `time_label` VALUES (9, '222', '#e74133', 8, 0, '2022-04-18 10:56:58', '2022-04-18 10:56:58');

-- ----------------------------
-- Table structure for time_task
-- ----------------------------
DROP TABLE IF EXISTS `time_task`;
CREATE TABLE `time_task`  (
  `task_id` int(11) NOT NULL AUTO_INCREMENT,
  `priority` int(11) NULL DEFAULT NULL COMMENT '0 重要紧急  1重要不紧急  2紧急不重要  3不重要不紧急',
  `start_time` datetime NULL DEFAULT NULL COMMENT '任务开始时间',
  `end_time` datetime NULL DEFAULT NULL COMMENT '任务结束时间',
  `task_content` varchar(255) CHARACTER SET utf8 COLLATE utf8_general_ci NULL DEFAULT NULL,
  `time_period` varchar(255) CHARACTER SET utf8 COLLATE utf8_general_ci NULL DEFAULT NULL COMMENT '时间段 如08:00-09:00',
  `finished` tinyint(1) NULL DEFAULT 0 COMMENT '标记是否完成,0未完成',
  `label_id` int(11) NULL DEFAULT NULL COMMENT '标签外键',
  `create_time` datetime NULL DEFAULT NULL,
  `update_time` datetime NULL DEFAULT NULL,
  `explan` varchar(255) CHARACTER SET utf8 COLLATE utf8_general_ci NULL DEFAULT NULL COMMENT '任务说明',
  `parent_id` int(11) NULL DEFAULT 0 COMMENT '判断是否为父任务 0为父任务',
  `duration` int(11) NULL DEFAULT NULL COMMENT '任务持续时间endTime-startTime',
  `child_Task` varchar(255) CHARACTER SET utf8 COLLATE utf8_general_ci NULL DEFAULT NULL,
  `flag` int(11) NOT NULL DEFAULT 0,
  PRIMARY KEY (`task_id`) USING BTREE
) ENGINE = InnoDB AUTO_INCREMENT = 22 CHARACTER SET = utf8 COLLATE = utf8_general_ci ROW_FORMAT = Compact;

-- ----------------------------
-- Records of time_task
-- ----------------------------
INSERT INTO `time_task` VALUES (1, 0, NULL, NULL, '111', '05:02 - 23:53', 0, 2, '2022-04-16 20:06:53', '2022-04-16 20:06:53', '111', 0, 1131, NULL, 0);
INSERT INTO `time_task` VALUES (2, 1, NULL, NULL, '222', '05:00 - 18:55', 0, 1, '2022-04-16 20:06:53', '2022-04-16 20:06:53', NULL, 0, 835, NULL, 1);
INSERT INTO `time_task` VALUES (3, 0, NULL, NULL, '111', '05:02 - 23:53', 0, 2, '2022-04-16 20:06:53', '2022-04-16 20:06:53', NULL, 0, 1131, NULL, 0);
INSERT INTO `time_task` VALUES (4, 0, NULL, NULL, '123', '05:00 - 23:55', 0, 1, '2022-04-16 20:06:53', '2022-04-16 20:06:53', NULL, 0, NULL, NULL, 1);
INSERT INTO `time_task` VALUES (5, 0, NULL, NULL, '111', '05:00 - 18:55', 0, 1, '2022-04-16 20:06:53', '2022-04-16 20:06:53', NULL, 0, NULL, NULL, 0);
INSERT INTO `time_task` VALUES (6, 0, NULL, NULL, '11', '05:00 - 23:55', 0, 1, '2022-04-16 20:06:53', '2022-04-16 16:48:35', NULL, 0, NULL, NULL, 0);
INSERT INTO `time_task` VALUES (7, 0, NULL, NULL, '333', '05:00 - 23:55', 0, 1, '2022-04-01 16:48:00', '2022-04-01 16:48:09', NULL, 0, NULL, NULL, 0);
INSERT INTO `time_task` VALUES (8, 1, NULL, NULL, '333', '05:00 - 23:55', 0, 2, '2022-04-15 16:48:13', '2022-04-15 16:48:22', NULL, 0, NULL, NULL, 0);
INSERT INTO `time_task` VALUES (9, 1, NULL, NULL, '111', '05:03 - 07:04', 0, 1, '2022-04-13 16:48:26', '2022-04-13 16:48:31', NULL, 0, 121, '11111,22222', 0);
INSERT INTO `time_task` VALUES (10, 1, NULL, NULL, '111', '05:03 - 07:04', 0, 1, '2022-04-28 10:27:33', '2022-04-28 10:27:39', NULL, 0, 121, '11111,22222', 0);
INSERT INTO `time_task` VALUES (11, 0, NULL, NULL, '11111111', '06:03 - 07:04', 0, 1, '2022-04-17 16:44:42', '2022-04-17 16:44:42', NULL, 0, 61, '22,333', 0);
INSERT INTO `time_task` VALUES (12, 1, NULL, NULL, '2222', '07:03 - 08:04', 0, 3, '2022-04-17 17:55:19', '2022-04-17 17:55:19', NULL, 0, 61, '222,333', 0);
INSERT INTO `time_task` VALUES (13, 0, NULL, NULL, '333', '05:03 - 07:14', 1, 1, '2022-04-17 18:14:58', '2022-04-17 23:33:22', '6666', 0, 11, '333,444', 0);
INSERT INTO `time_task` VALUES (14, 0, NULL, NULL, '1111', '05:00 - 22:00', 0, 2, '2022-04-29 16:50:51', '2022-04-29 16:50:51', '111111111', 0, 1020, '11,22', 0);
INSERT INTO `time_task` VALUES (15, 0, NULL, NULL, '2222', '05:00 - 07:00', 1, 3, '2022-04-29 21:16:55', '2022-04-29 21:16:55', '44444444', 0, 120, '33,44', 0);
INSERT INTO `time_task` VALUES (16, 0, NULL, NULL, '1111', '05:03 - 06:03', 0, 1, '2022-04-30 11:27:30', '2022-04-30 11:27:30', '11111111111', 0, 60, '11,11', 0);
INSERT INTO `time_task` VALUES (17, 1, NULL, NULL, '222', '07:00 - 08:00', 1, 2, '2022-04-30 11:28:11', '2022-04-30 11:28:11', '2222222', 0, 60, '22,22', 0);
INSERT INTO `time_task` VALUES (18, 0, NULL, NULL, '111', '05:00 - 13:00', 1, 1, '2022-05-03 15:49:19', '2022-05-03 15:50:28', '11111111', 0, 480, '11,22', 0);
INSERT INTO `time_task` VALUES (19, 1, NULL, NULL, '222', '14:00 - 16:00', 0, 2, '2022-05-03 15:50:16', '2022-05-03 15:50:16', '3333', 0, 120, '22,33', 0);
INSERT INTO `time_task` VALUES (20, 0, NULL, NULL, '111', '05:00 - 08:00', 0, 1, '2022-05-04 10:34:26', '2022-05-04 10:34:26', '2222', 0, 180, '22,22', 0);
INSERT INTO `time_task` VALUES (21, 1, NULL, NULL, '333', '07:00 - 08:00', 0, 2, '2022-05-04 10:41:00', '2022-05-04 10:41:00', '33333', 0, 60, '33,33', 0);

-- ----------------------------
-- Table structure for time_user_label
-- ----------------------------
DROP TABLE IF EXISTS `time_user_label`;
CREATE TABLE `time_user_label`  (
  `user_id` int(11) NOT NULL,
  `label_id` int(11) NOT NULL
) ENGINE = InnoDB CHARACTER SET = utf8 COLLATE = utf8_general_ci ROW_FORMAT = Compact;

-- ----------------------------
-- Records of time_user_label
-- ----------------------------
INSERT INTO `time_user_label` VALUES (777, 1);
INSERT INTO `time_user_label` VALUES (777, 2);
INSERT INTO `time_user_label` VALUES (777, 3);
INSERT INTO `time_user_label` VALUES (777, 4);
INSERT INTO `time_user_label` VALUES (776, 1);
INSERT INTO `time_user_label` VALUES (776, 2);
INSERT INTO `time_user_label` VALUES (776, 3);
INSERT INTO `time_user_label` VALUES (776, 4);
INSERT INTO `time_user_label` VALUES (776, 5);
INSERT INTO `time_user_label` VALUES (777, 5);
INSERT INTO `time_user_label` VALUES (774, 8);

-- ----------------------------
-- Table structure for time_user_task
-- ----------------------------
DROP TABLE IF EXISTS `time_user_task`;
CREATE TABLE `time_user_task`  (
  `user_id` int(11) NOT NULL,
  `task_id` int(11) NOT NULL,
  `create_time` datetime NULL DEFAULT NULL,
  `update_time` datetime NULL DEFAULT NULL
) ENGINE = InnoDB CHARACTER SET = utf8 COLLATE = utf8_general_ci ROW_FORMAT = Compact;

-- ----------------------------
-- Records of time_user_task
-- ----------------------------
INSERT INTO `time_user_task` VALUES (777, 2, '2022-04-25 22:08:18', NULL);
INSERT INTO `time_user_task` VALUES (777, 4, '2022-04-26 22:08:27', NULL);
INSERT INTO `time_user_task` VALUES (777, 6, '2022-04-27 22:08:36', NULL);
INSERT INTO `time_user_task` VALUES (777, 7, '2022-04-28 22:08:43', NULL);
INSERT INTO `time_user_task` VALUES (777, 8, '2022-04-29 22:08:47', NULL);
INSERT INTO `time_user_task` VALUES (777, 11, '2022-04-30 22:08:54', NULL);
INSERT INTO `time_user_task` VALUES (777, 12, '2022-05-01 22:08:59', NULL);
INSERT INTO `time_user_task` VALUES (777, 13, '2022-05-02 22:09:05', NULL);
INSERT INTO `time_user_task` VALUES (777, 14, '2022-05-03 22:09:10', NULL);
INSERT INTO `time_user_task` VALUES (777, 15, '2022-05-03 22:09:19', NULL);
INSERT INTO `time_user_task` VALUES (776, 10, '2022-05-02 22:09:27', NULL);
INSERT INTO `time_user_task` VALUES (776, 11, '2022-05-03 22:09:40', NULL);
INSERT INTO `time_user_task` VALUES (776, 13, '2022-05-03 22:09:34', NULL);
INSERT INTO `time_user_task` VALUES (776, 14, NULL, NULL);
INSERT INTO `time_user_task` VALUES (776, 15, NULL, NULL);
INSERT INTO `time_user_task` VALUES (777, 16, NULL, NULL);
INSERT INTO `time_user_task` VALUES (777, 17, NULL, NULL);
INSERT INTO `time_user_task` VALUES (776, 16, NULL, NULL);
INSERT INTO `time_user_task` VALUES (777, 18, NULL, NULL);
INSERT INTO `time_user_task` VALUES (777, 19, NULL, NULL);
INSERT INTO `time_user_task` VALUES (777, 20, '2022-05-04 10:34:26', '2022-05-04 10:34:26');
INSERT INTO `time_user_task` VALUES (777, 21, '2022-05-04 10:41:00', '2022-05-04 10:41:00');

-- ----------------------------
-- Table structure for user
-- ----------------------------
DROP TABLE IF EXISTS `user`;
CREATE TABLE `user`  (
  `id` bigint(20) NOT NULL AUTO_INCREMENT,
  `account_id` varchar(100) CHARACTER SET utf8 COLLATE utf8_general_ci NULL DEFAULT NULL,
  `qq_account_id` varchar(64) CHARACTER SET utf8 COLLATE utf8_general_ci NULL DEFAULT NULL,
  `baidu_account_id` varchar(100) CHARACTER SET utf8 COLLATE utf8_general_ci NULL DEFAULT NULL,
  `weibo_account_id` varchar(100) CHARACTER SET utf8 COLLATE utf8_general_ci NULL DEFAULT NULL,
  `name` varchar(16) CHARACTER SET utf8mb4 COLLATE utf8mb4_general_ci NULL DEFAULT NULL,
  `token` char(36) CHARACTER SET utf8 COLLATE utf8_general_ci NULL DEFAULT NULL,
  `gmt_create` bigint(20) NULL DEFAULT NULL,
  `gmt_modified` bigint(20) NULL DEFAULT NULL,
  `avatar_url` varchar(255) CHARACTER SET utf8 COLLATE utf8_general_ci NULL DEFAULT '/images/default-avatar.png',
  `email` varchar(32) CHARACTER SET utf8 COLLATE utf8_general_ci NULL DEFAULT NULL,
  `phone` varchar(16) CHARACTER SET utf8 COLLATE utf8_general_ci NULL DEFAULT NULL,
  `password` varchar(64) CHARACTER SET utf8 COLLATE utf8_general_ci NULL DEFAULT NULL,
  `create_time` datetime NULL DEFAULT NULL,
  `update_time` datetime NULL DEFAULT NULL,
  PRIMARY KEY (`id`) USING BTREE,
  UNIQUE INDEX `phone`(`phone`) USING BTREE,
  UNIQUE INDEX `email`(`email`) USING BTREE
) ENGINE = InnoDB AUTO_INCREMENT = 778 CHARACTER SET = utf8 COLLATE = utf8_general_ci ROW_FORMAT = Compact;

-- ----------------------------
-- Records of user
-- ----------------------------
INSERT INTO `user` VALUES (1, NULL, NULL, NULL, NULL, 'NiterBot', NULL, 1606641726000, 1606641726000, '/images/default-avatar.png', NULL, NULL, NULL, '2022-04-29 20:28:47', NULL);
INSERT INTO `user` VALUES (2, '2222', '2222222', '222222222', '22222222', '111', '22222', 2222222, 22222222222, 'https://selfmanage-1302777603.cos.ap-chengdu.myqcloud.com/upload/user/774/avatar/20220408165626_8j.jpeg', '111@163.com', '18736418826', '4f2f75f07b44f233b72a2ff8f3abeb78515e763b9132456842ab5ad0116e9b2d', NULL, NULL);
INSERT INTO `user` VALUES (774, NULL, NULL, 'ojqPzuqDSsXewUkRLJHDF-cgmm-PeDk', NULL, '明***巢', '86944877-3059-44a3-8181-d39f182a1f83', 1649304120134, 1650250649671, 'https://selfmanage-1302777603.cos.ap-chengdu.myqcloud.com/upload/user/774/avatar/20220408165626_8j.jpeg', NULL, NULL, NULL, '2022-04-30 20:29:20', NULL);
INSERT INTO `user` VALUES (775, NULL, NULL, NULL, NULL, '邮箱用户_zuwr2', NULL, 1649569855537, 1651202726342, 'https://selfmanage-1302777603.cos.ap-chengdu.myqcloud.com/upload/user/775/avatar/20220429111904_uf.png', '3148524372@qq.com', NULL, '16515d3033bd3f0e05803b3521b5834170f3a43501be29037dbdff3449f691f5', '2022-05-01 20:29:28', NULL);
INSERT INTO `user` VALUES (776, NULL, NULL, NULL, NULL, '邮箱用户_iz49t', NULL, 1649570150606, 1649818979069, 'https://selfmanage-1302777603.cos.ap-chengdu.myqcloud.com/upload/user/776/avatar/20220413104853_bk.png', '15729355390@163.com', NULL, '16515d3033bd3f0e05803b3521b5834170f3a43501be29037dbdff3449f691f5', '2022-05-02 20:29:33', NULL);
INSERT INTO `user` VALUES (777, NULL, NULL, NULL, NULL, '邮箱用户_g6rax', NULL, 1649573528362, 1651761521681, '/images/avatar/10.jpg', '15729355390@139.com', NULL, '16515d3033bd3f0e05803b3521b5834170f3a43501be29037dbdff3449f691f5', '2022-05-02 20:29:37', NULL);

-- ----------------------------
-- Table structure for user_account
-- ----------------------------
DROP TABLE IF EXISTS `user_account`;
CREATE TABLE `user_account`  (
  `id` bigint(20) NOT NULL AUTO_INCREMENT,
  `user_id` bigint(20) NOT NULL,
  `group_id` int(3) NULL DEFAULT 1 COMMENT '用户组id',
  `vip_rank` int(1) NULL DEFAULT 0 COMMENT 'vip等级',
  `score` int(11) NULL DEFAULT 0 COMMENT '总积分',
  `score1` int(11) NULL DEFAULT 0,
  `score2` int(11) NULL DEFAULT 0,
  `score3` int(11) NULL DEFAULT 0,
  `create_time` datetime NULL DEFAULT NULL,
  `update_time` datetime NULL DEFAULT NULL,
  PRIMARY KEY (`id`) USING BTREE,
  UNIQUE INDEX `user_id`(`user_id`) USING BTREE
) ENGINE = InnoDB AUTO_INCREMENT = 704 CHARACTER SET = utf8mb4 COLLATE = utf8mb4_general_ci ROW_FORMAT = Compact;

-- ----------------------------
-- Records of user_account
-- ----------------------------
INSERT INTO `user_account` VALUES (1, 1, 1, 0, 26, 11, 3, 1, '2022-04-29 20:29:48', NULL);
INSERT INTO `user_account` VALUES (2, 2, 19, 3, 3, 3, 3, 3, NULL, NULL);
INSERT INTO `user_account` VALUES (700, 774, 2, 0, 108, 38, 14, 3, '2022-04-30 20:59:34', NULL);
INSERT INTO `user_account` VALUES (701, 775, 18, 0, 0, 0, 0, 0, '2022-05-01 20:59:38', NULL);
INSERT INTO `user_account` VALUES (702, 776, 20, 0, 52, 22, 6, 2, '2022-05-02 20:59:45', NULL);
INSERT INTO `user_account` VALUES (703, 777, 21, 0, 52, 22, 6, 2, '2022-05-02 20:59:50', NULL);

-- ----------------------------
-- Table structure for user_info
-- ----------------------------
DROP TABLE IF EXISTS `user_info`;
CREATE TABLE `user_info`  (
  `id` bigint(20) NOT NULL AUTO_INCREMENT,
  `user_id` bigint(20) NOT NULL,
  `realname` varchar(50) CHARACTER SET utf8mb4 COLLATE utf8mb4_general_ci NULL DEFAULT NULL COMMENT '真名',
  `userdetail` varchar(128) CHARACTER SET utf8mb4 COLLATE utf8mb4_general_ci NULL DEFAULT NULL COMMENT '个人简介',
  `birthday` varchar(20) CHARACTER SET utf8mb4 COLLATE utf8mb4_general_ci NULL DEFAULT NULL COMMENT '生日',
  `marriage` varchar(5) CHARACTER SET utf8mb4 COLLATE utf8mb4_general_ci NULL DEFAULT NULL COMMENT '婚姻',
  `sex` varchar(5) CHARACTER SET utf8mb4 COLLATE utf8mb4_general_ci NULL DEFAULT '男' COMMENT '性别',
  `blood` varchar(5) CHARACTER SET utf8mb4 COLLATE utf8mb4_general_ci NULL DEFAULT NULL COMMENT '血型',
  `figure` varchar(5) CHARACTER SET utf8mb4 COLLATE utf8mb4_general_ci NULL DEFAULT NULL COMMENT '体型',
  `constellation` varchar(20) CHARACTER SET utf8mb4 COLLATE utf8mb4_general_ci NULL DEFAULT NULL COMMENT '星座',
  `education` varchar(20) CHARACTER SET utf8mb4 COLLATE utf8mb4_general_ci NULL DEFAULT NULL COMMENT '教育程度',
  `trade` varchar(50) CHARACTER SET utf8mb4 COLLATE utf8mb4_general_ci NULL DEFAULT NULL,
  `job` varchar(50) CHARACTER SET utf8mb4 COLLATE utf8mb4_general_ci NULL DEFAULT NULL COMMENT '工作',
  `location` varchar(30) CHARACTER SET utf8mb4 COLLATE utf8mb4_general_ci NULL DEFAULT '北京-北京-东城区' COMMENT '位置',
  PRIMARY KEY (`id`) USING BTREE
) ENGINE = InnoDB AUTO_INCREMENT = 3 CHARACTER SET = utf8mb4 COLLATE = utf8mb4_general_ci ROW_FORMAT = Compact;

-- ----------------------------
-- Records of user_info
-- ----------------------------
INSERT INTO `user_info` VALUES (1, 777, NULL, NULL, NULL, NULL, '男', NULL, NULL, NULL, NULL, NULL, NULL, '北京-北京-东城区');
INSERT INTO `user_info` VALUES (2, 776, NULL, NULL, NULL, NULL, '男', NULL, NULL, NULL, NULL, NULL, NULL, '北京-北京-东城区');

SET FOREIGN_KEY_CHECKS = 1;
